[2026-01-18T10:26:09.106+0000] {processor.py:161} INFO - Started process (PID=42) to work on /opt/airflow/dags/main.py
[2026-01-18T10:26:09.108+0000] {processor.py:830} INFO - Processing file /opt/airflow/dags/main.py for tasks to queue
[2026-01-18T10:26:09.111+0000] {logging_mixin.py:188} INFO - [2026-01-18T10:26:09.111+0000] {dagbag.py:545} INFO - Filling up the DagBag from /opt/airflow/dags/main.py
[2026-01-18T10:26:09.129+0000] {logging_mixin.py:188} INFO - [2026-01-18T10:26:09.128+0000] {dagbag.py:355} ERROR - Failed to import: /opt/airflow/dags/main.py
Traceback (most recent call last):
  File "/home/airflow/.local/lib/python3.10/site-packages/airflow/models/dagbag.py", line 351, in parse
    loader.exec_module(new_module)
  File "<frozen importlib._bootstrap_external>", line 883, in exec_module
  File "<frozen importlib._bootstrap>", line 241, in _call_with_frames_removed
  File "/opt/airflow/dags/main.py", line 4, in <module>
    from ap.video_stats import get_playlist_id, get_video_ids, extract_video_data, save_to_json
ModuleNotFoundError: No module named 'ap'
[2026-01-18T10:26:09.130+0000] {processor.py:842} WARNING - No viable dags retrieved from /opt/airflow/dags/main.py
[2026-01-18T10:26:09.159+0000] {processor.py:183} INFO - Processing /opt/airflow/dags/main.py took 0.064 seconds
[2026-01-18T10:26:39.406+0000] {processor.py:161} INFO - Started process (PID=49) to work on /opt/airflow/dags/main.py
[2026-01-18T10:26:39.407+0000] {processor.py:830} INFO - Processing file /opt/airflow/dags/main.py for tasks to queue
[2026-01-18T10:26:39.410+0000] {logging_mixin.py:188} INFO - [2026-01-18T10:26:39.409+0000] {dagbag.py:545} INFO - Filling up the DagBag from /opt/airflow/dags/main.py
[2026-01-18T10:26:39.418+0000] {logging_mixin.py:188} INFO - [2026-01-18T10:26:39.416+0000] {dagbag.py:355} ERROR - Failed to import: /opt/airflow/dags/main.py
Traceback (most recent call last):
  File "/home/airflow/.local/lib/python3.10/site-packages/airflow/models/dagbag.py", line 351, in parse
    loader.exec_module(new_module)
  File "<frozen importlib._bootstrap_external>", line 883, in exec_module
  File "<frozen importlib._bootstrap>", line 241, in _call_with_frames_removed
  File "/opt/airflow/dags/main.py", line 4, in <module>
    from ap.video_stats import get_playlist_id, get_video_ids, extract_video_data, save_to_json
ModuleNotFoundError: No module named 'ap'
[2026-01-18T10:26:39.418+0000] {processor.py:842} WARNING - No viable dags retrieved from /opt/airflow/dags/main.py
[2026-01-18T10:26:39.441+0000] {processor.py:183} INFO - Processing /opt/airflow/dags/main.py took 0.054 seconds
[2026-01-18T10:27:09.722+0000] {processor.py:161} INFO - Started process (PID=56) to work on /opt/airflow/dags/main.py
[2026-01-18T10:27:09.723+0000] {processor.py:830} INFO - Processing file /opt/airflow/dags/main.py for tasks to queue
[2026-01-18T10:27:09.726+0000] {logging_mixin.py:188} INFO - [2026-01-18T10:27:09.726+0000] {dagbag.py:545} INFO - Filling up the DagBag from /opt/airflow/dags/main.py
[2026-01-18T10:27:09.732+0000] {logging_mixin.py:188} INFO - [2026-01-18T10:27:09.731+0000] {dagbag.py:355} ERROR - Failed to import: /opt/airflow/dags/main.py
Traceback (most recent call last):
  File "/home/airflow/.local/lib/python3.10/site-packages/airflow/models/dagbag.py", line 351, in parse
    loader.exec_module(new_module)
  File "<frozen importlib._bootstrap_external>", line 883, in exec_module
  File "<frozen importlib._bootstrap>", line 241, in _call_with_frames_removed
  File "/opt/airflow/dags/main.py", line 4, in <module>
    from ap.video_stats import get_playlist_id, get_video_ids, extract_video_data, save_to_json
ModuleNotFoundError: No module named 'ap'
[2026-01-18T10:27:09.732+0000] {processor.py:842} WARNING - No viable dags retrieved from /opt/airflow/dags/main.py
[2026-01-18T10:27:09.750+0000] {processor.py:183} INFO - Processing /opt/airflow/dags/main.py took 0.041 seconds
[2026-01-18T10:27:40.040+0000] {processor.py:161} INFO - Started process (PID=63) to work on /opt/airflow/dags/main.py
[2026-01-18T10:27:40.041+0000] {processor.py:830} INFO - Processing file /opt/airflow/dags/main.py for tasks to queue
[2026-01-18T10:27:40.044+0000] {logging_mixin.py:188} INFO - [2026-01-18T10:27:40.043+0000] {dagbag.py:545} INFO - Filling up the DagBag from /opt/airflow/dags/main.py
[2026-01-18T10:27:40.049+0000] {logging_mixin.py:188} INFO - [2026-01-18T10:27:40.048+0000] {dagbag.py:355} ERROR - Failed to import: /opt/airflow/dags/main.py
Traceback (most recent call last):
  File "/home/airflow/.local/lib/python3.10/site-packages/airflow/models/dagbag.py", line 351, in parse
    loader.exec_module(new_module)
  File "<frozen importlib._bootstrap_external>", line 883, in exec_module
  File "<frozen importlib._bootstrap>", line 241, in _call_with_frames_removed
  File "/opt/airflow/dags/main.py", line 4, in <module>
    from ap.video_stats import get_playlist_id, get_video_ids, extract_video_data, save_to_json
ModuleNotFoundError: No module named 'ap'
[2026-01-18T10:27:40.049+0000] {processor.py:842} WARNING - No viable dags retrieved from /opt/airflow/dags/main.py
[2026-01-18T10:27:40.069+0000] {processor.py:183} INFO - Processing /opt/airflow/dags/main.py took 0.039 seconds
[2026-01-18T10:28:10.325+0000] {processor.py:161} INFO - Started process (PID=70) to work on /opt/airflow/dags/main.py
[2026-01-18T10:28:10.326+0000] {processor.py:830} INFO - Processing file /opt/airflow/dags/main.py for tasks to queue
[2026-01-18T10:28:10.327+0000] {logging_mixin.py:188} INFO - [2026-01-18T10:28:10.327+0000] {dagbag.py:545} INFO - Filling up the DagBag from /opt/airflow/dags/main.py
[2026-01-18T10:28:10.331+0000] {logging_mixin.py:188} INFO - [2026-01-18T10:28:10.330+0000] {dagbag.py:355} ERROR - Failed to import: /opt/airflow/dags/main.py
Traceback (most recent call last):
  File "/home/airflow/.local/lib/python3.10/site-packages/airflow/models/dagbag.py", line 351, in parse
    loader.exec_module(new_module)
  File "<frozen importlib._bootstrap_external>", line 883, in exec_module
  File "<frozen importlib._bootstrap>", line 241, in _call_with_frames_removed
  File "/opt/airflow/dags/main.py", line 4, in <module>
    from ap.video_stats import get_playlist_id, get_video_ids, extract_video_data, save_to_json
ModuleNotFoundError: No module named 'ap'
[2026-01-18T10:28:10.331+0000] {processor.py:842} WARNING - No viable dags retrieved from /opt/airflow/dags/main.py
[2026-01-18T10:28:10.344+0000] {processor.py:183} INFO - Processing /opt/airflow/dags/main.py took 0.024 seconds
[2026-01-18T10:28:40.828+0000] {processor.py:161} INFO - Started process (PID=77) to work on /opt/airflow/dags/main.py
[2026-01-18T10:28:40.831+0000] {processor.py:830} INFO - Processing file /opt/airflow/dags/main.py for tasks to queue
[2026-01-18T10:28:40.839+0000] {logging_mixin.py:188} INFO - [2026-01-18T10:28:40.838+0000] {dagbag.py:545} INFO - Filling up the DagBag from /opt/airflow/dags/main.py
[2026-01-18T10:28:40.853+0000] {logging_mixin.py:188} INFO - [2026-01-18T10:28:40.852+0000] {dagbag.py:355} ERROR - Failed to import: /opt/airflow/dags/main.py
Traceback (most recent call last):
  File "/home/airflow/.local/lib/python3.10/site-packages/airflow/models/dagbag.py", line 351, in parse
    loader.exec_module(new_module)
  File "<frozen importlib._bootstrap_external>", line 883, in exec_module
  File "<frozen importlib._bootstrap>", line 241, in _call_with_frames_removed
  File "/opt/airflow/dags/main.py", line 4, in <module>
    from ap.video_stats import get_playlist_id, get_video_ids, extract_video_data, save_to_json
ModuleNotFoundError: No module named 'ap'
[2026-01-18T10:28:40.853+0000] {processor.py:842} WARNING - No viable dags retrieved from /opt/airflow/dags/main.py
[2026-01-18T10:28:40.886+0000] {processor.py:183} INFO - Processing /opt/airflow/dags/main.py took 0.218 seconds
[2026-01-18T10:29:11.062+0000] {processor.py:161} INFO - Started process (PID=84) to work on /opt/airflow/dags/main.py
[2026-01-18T10:29:11.063+0000] {processor.py:830} INFO - Processing file /opt/airflow/dags/main.py for tasks to queue
[2026-01-18T10:29:11.066+0000] {logging_mixin.py:188} INFO - [2026-01-18T10:29:11.065+0000] {dagbag.py:545} INFO - Filling up the DagBag from /opt/airflow/dags/main.py
[2026-01-18T10:29:11.074+0000] {logging_mixin.py:188} INFO - [2026-01-18T10:29:11.073+0000] {dagbag.py:355} ERROR - Failed to import: /opt/airflow/dags/main.py
Traceback (most recent call last):
  File "/home/airflow/.local/lib/python3.10/site-packages/airflow/models/dagbag.py", line 351, in parse
    loader.exec_module(new_module)
  File "<frozen importlib._bootstrap_external>", line 883, in exec_module
  File "<frozen importlib._bootstrap>", line 241, in _call_with_frames_removed
  File "/opt/airflow/dags/main.py", line 4, in <module>
    from ap.video_stats import get_playlist_id, get_video_ids, extract_video_data, save_to_json
ModuleNotFoundError: No module named 'ap'
[2026-01-18T10:29:11.074+0000] {processor.py:842} WARNING - No viable dags retrieved from /opt/airflow/dags/main.py
[2026-01-18T10:29:11.093+0000] {processor.py:183} INFO - Processing /opt/airflow/dags/main.py took 0.044 seconds
[2026-01-18T10:29:41.305+0000] {processor.py:161} INFO - Started process (PID=91) to work on /opt/airflow/dags/main.py
[2026-01-18T10:29:41.307+0000] {processor.py:830} INFO - Processing file /opt/airflow/dags/main.py for tasks to queue
[2026-01-18T10:29:41.309+0000] {logging_mixin.py:188} INFO - [2026-01-18T10:29:41.309+0000] {dagbag.py:545} INFO - Filling up the DagBag from /opt/airflow/dags/main.py
[2026-01-18T10:29:41.314+0000] {logging_mixin.py:188} INFO - [2026-01-18T10:29:41.314+0000] {dagbag.py:355} ERROR - Failed to import: /opt/airflow/dags/main.py
Traceback (most recent call last):
  File "/home/airflow/.local/lib/python3.10/site-packages/airflow/models/dagbag.py", line 351, in parse
    loader.exec_module(new_module)
  File "<frozen importlib._bootstrap_external>", line 883, in exec_module
  File "<frozen importlib._bootstrap>", line 241, in _call_with_frames_removed
  File "/opt/airflow/dags/main.py", line 4, in <module>
    from ap.video_stats import get_playlist_id, get_video_ids, extract_video_data, save_to_json
ModuleNotFoundError: No module named 'ap'
[2026-01-18T10:29:41.315+0000] {processor.py:842} WARNING - No viable dags retrieved from /opt/airflow/dags/main.py
[2026-01-18T10:29:41.334+0000] {processor.py:183} INFO - Processing /opt/airflow/dags/main.py took 0.037 seconds
[2026-01-18T10:30:11.638+0000] {processor.py:161} INFO - Started process (PID=98) to work on /opt/airflow/dags/main.py
[2026-01-18T10:30:11.640+0000] {processor.py:830} INFO - Processing file /opt/airflow/dags/main.py for tasks to queue
[2026-01-18T10:30:11.643+0000] {logging_mixin.py:188} INFO - [2026-01-18T10:30:11.642+0000] {dagbag.py:545} INFO - Filling up the DagBag from /opt/airflow/dags/main.py
[2026-01-18T10:30:11.654+0000] {logging_mixin.py:188} INFO - [2026-01-18T10:30:11.653+0000] {dagbag.py:355} ERROR - Failed to import: /opt/airflow/dags/main.py
Traceback (most recent call last):
  File "/home/airflow/.local/lib/python3.10/site-packages/airflow/models/dagbag.py", line 351, in parse
    loader.exec_module(new_module)
  File "<frozen importlib._bootstrap_external>", line 883, in exec_module
  File "<frozen importlib._bootstrap>", line 241, in _call_with_frames_removed
  File "/opt/airflow/dags/main.py", line 4, in <module>
    from ap.video_stats import get_playlist_id, get_video_ids, extract_video_data, save_to_json
ModuleNotFoundError: No module named 'ap'
[2026-01-18T10:30:11.655+0000] {processor.py:842} WARNING - No viable dags retrieved from /opt/airflow/dags/main.py
[2026-01-18T10:30:11.684+0000] {processor.py:183} INFO - Processing /opt/airflow/dags/main.py took 0.073 seconds
[2026-01-18T10:30:41.980+0000] {processor.py:161} INFO - Started process (PID=105) to work on /opt/airflow/dags/main.py
[2026-01-18T10:30:41.982+0000] {processor.py:830} INFO - Processing file /opt/airflow/dags/main.py for tasks to queue
[2026-01-18T10:30:41.986+0000] {logging_mixin.py:188} INFO - [2026-01-18T10:30:41.986+0000] {dagbag.py:545} INFO - Filling up the DagBag from /opt/airflow/dags/main.py
[2026-01-18T10:30:41.991+0000] {logging_mixin.py:188} INFO - [2026-01-18T10:30:41.991+0000] {dagbag.py:355} ERROR - Failed to import: /opt/airflow/dags/main.py
Traceback (most recent call last):
  File "/home/airflow/.local/lib/python3.10/site-packages/airflow/models/dagbag.py", line 351, in parse
    loader.exec_module(new_module)
  File "<frozen importlib._bootstrap_external>", line 883, in exec_module
  File "<frozen importlib._bootstrap>", line 241, in _call_with_frames_removed
  File "/opt/airflow/dags/main.py", line 4, in <module>
    from ap.video_stats import get_playlist_id, get_video_ids, extract_video_data, save_to_json
ModuleNotFoundError: No module named 'ap'
[2026-01-18T10:30:41.992+0000] {processor.py:842} WARNING - No viable dags retrieved from /opt/airflow/dags/main.py
[2026-01-18T10:30:42.009+0000] {processor.py:183} INFO - Processing /opt/airflow/dags/main.py took 0.037 seconds
[2026-01-18T10:31:12.278+0000] {processor.py:161} INFO - Started process (PID=112) to work on /opt/airflow/dags/main.py
[2026-01-18T10:31:12.279+0000] {processor.py:830} INFO - Processing file /opt/airflow/dags/main.py for tasks to queue
[2026-01-18T10:31:12.282+0000] {logging_mixin.py:188} INFO - [2026-01-18T10:31:12.281+0000] {dagbag.py:545} INFO - Filling up the DagBag from /opt/airflow/dags/main.py
[2026-01-18T10:31:12.290+0000] {logging_mixin.py:188} INFO - [2026-01-18T10:31:12.288+0000] {dagbag.py:355} ERROR - Failed to import: /opt/airflow/dags/main.py
Traceback (most recent call last):
  File "/home/airflow/.local/lib/python3.10/site-packages/airflow/models/dagbag.py", line 351, in parse
    loader.exec_module(new_module)
  File "<frozen importlib._bootstrap_external>", line 883, in exec_module
  File "<frozen importlib._bootstrap>", line 241, in _call_with_frames_removed
  File "/opt/airflow/dags/main.py", line 4, in <module>
    from ap.video_stats import get_playlist_id, get_video_ids, extract_video_data, save_to_json
ModuleNotFoundError: No module named 'ap'
[2026-01-18T10:31:12.290+0000] {processor.py:842} WARNING - No viable dags retrieved from /opt/airflow/dags/main.py
[2026-01-18T10:31:12.312+0000] {processor.py:183} INFO - Processing /opt/airflow/dags/main.py took 0.045 seconds
[2026-01-18T10:31:42.559+0000] {processor.py:161} INFO - Started process (PID=125) to work on /opt/airflow/dags/main.py
[2026-01-18T10:31:42.560+0000] {processor.py:830} INFO - Processing file /opt/airflow/dags/main.py for tasks to queue
[2026-01-18T10:31:42.562+0000] {logging_mixin.py:188} INFO - [2026-01-18T10:31:42.562+0000] {dagbag.py:545} INFO - Filling up the DagBag from /opt/airflow/dags/main.py
[2026-01-18T10:31:42.573+0000] {logging_mixin.py:188} INFO - [2026-01-18T10:31:42.572+0000] {dagbag.py:355} ERROR - Failed to import: /opt/airflow/dags/main.py
Traceback (most recent call last):
  File "/home/airflow/.local/lib/python3.10/site-packages/airflow/models/dagbag.py", line 351, in parse
    loader.exec_module(new_module)
  File "<frozen importlib._bootstrap_external>", line 883, in exec_module
  File "<frozen importlib._bootstrap>", line 241, in _call_with_frames_removed
  File "/opt/airflow/dags/main.py", line 4, in <module>
    from ap.video_stats import get_playlist_id, get_video_ids, extract_video_data, save_to_json
ModuleNotFoundError: No module named 'ap'
[2026-01-18T10:31:42.573+0000] {processor.py:842} WARNING - No viable dags retrieved from /opt/airflow/dags/main.py
[2026-01-18T10:31:42.589+0000] {processor.py:183} INFO - Processing /opt/airflow/dags/main.py took 0.037 seconds
[2026-01-18T10:32:12.843+0000] {processor.py:161} INFO - Started process (PID=132) to work on /opt/airflow/dags/main.py
[2026-01-18T10:32:12.844+0000] {processor.py:830} INFO - Processing file /opt/airflow/dags/main.py for tasks to queue
[2026-01-18T10:32:12.847+0000] {logging_mixin.py:188} INFO - [2026-01-18T10:32:12.846+0000] {dagbag.py:545} INFO - Filling up the DagBag from /opt/airflow/dags/main.py
[2026-01-18T10:32:12.854+0000] {logging_mixin.py:188} INFO - [2026-01-18T10:32:12.853+0000] {dagbag.py:355} ERROR - Failed to import: /opt/airflow/dags/main.py
Traceback (most recent call last):
  File "/home/airflow/.local/lib/python3.10/site-packages/airflow/models/dagbag.py", line 351, in parse
    loader.exec_module(new_module)
  File "<frozen importlib._bootstrap_external>", line 883, in exec_module
  File "<frozen importlib._bootstrap>", line 241, in _call_with_frames_removed
  File "/opt/airflow/dags/main.py", line 4, in <module>
    from ap.video_stats import get_playlist_id, get_video_ids, extract_video_data, save_to_json
ModuleNotFoundError: No module named 'ap'
[2026-01-18T10:32:12.854+0000] {processor.py:842} WARNING - No viable dags retrieved from /opt/airflow/dags/main.py
[2026-01-18T10:32:12.868+0000] {processor.py:183} INFO - Processing /opt/airflow/dags/main.py took 0.031 seconds
[2026-01-18T10:32:43.110+0000] {processor.py:161} INFO - Started process (PID=139) to work on /opt/airflow/dags/main.py
[2026-01-18T10:32:43.112+0000] {processor.py:830} INFO - Processing file /opt/airflow/dags/main.py for tasks to queue
[2026-01-18T10:32:43.119+0000] {logging_mixin.py:188} INFO - [2026-01-18T10:32:43.119+0000] {dagbag.py:545} INFO - Filling up the DagBag from /opt/airflow/dags/main.py
[2026-01-18T10:32:43.125+0000] {logging_mixin.py:188} INFO - [2026-01-18T10:32:43.124+0000] {dagbag.py:355} ERROR - Failed to import: /opt/airflow/dags/main.py
Traceback (most recent call last):
  File "/home/airflow/.local/lib/python3.10/site-packages/airflow/models/dagbag.py", line 351, in parse
    loader.exec_module(new_module)
  File "<frozen importlib._bootstrap_external>", line 883, in exec_module
  File "<frozen importlib._bootstrap>", line 241, in _call_with_frames_removed
  File "/opt/airflow/dags/main.py", line 4, in <module>
    from ap.video_stats import get_playlist_id, get_video_ids, extract_video_data, save_to_json
ModuleNotFoundError: No module named 'ap'
[2026-01-18T10:32:43.125+0000] {processor.py:842} WARNING - No viable dags retrieved from /opt/airflow/dags/main.py
[2026-01-18T10:32:43.148+0000] {processor.py:183} INFO - Processing /opt/airflow/dags/main.py took 0.060 seconds
[2026-01-18T10:33:13.381+0000] {processor.py:161} INFO - Started process (PID=146) to work on /opt/airflow/dags/main.py
[2026-01-18T10:33:13.383+0000] {processor.py:830} INFO - Processing file /opt/airflow/dags/main.py for tasks to queue
[2026-01-18T10:33:13.385+0000] {logging_mixin.py:188} INFO - [2026-01-18T10:33:13.385+0000] {dagbag.py:545} INFO - Filling up the DagBag from /opt/airflow/dags/main.py
[2026-01-18T10:33:13.391+0000] {logging_mixin.py:188} INFO - [2026-01-18T10:33:13.390+0000] {dagbag.py:355} ERROR - Failed to import: /opt/airflow/dags/main.py
Traceback (most recent call last):
  File "/home/airflow/.local/lib/python3.10/site-packages/airflow/models/dagbag.py", line 351, in parse
    loader.exec_module(new_module)
  File "<frozen importlib._bootstrap_external>", line 883, in exec_module
  File "<frozen importlib._bootstrap>", line 241, in _call_with_frames_removed
  File "/opt/airflow/dags/main.py", line 4, in <module>
    from ap.video_stats import get_playlist_id, get_video_ids, extract_video_data, save_to_json
ModuleNotFoundError: No module named 'ap'
[2026-01-18T10:33:13.392+0000] {processor.py:842} WARNING - No viable dags retrieved from /opt/airflow/dags/main.py
[2026-01-18T10:33:13.409+0000] {processor.py:183} INFO - Processing /opt/airflow/dags/main.py took 0.040 seconds
[2026-01-18T10:33:43.715+0000] {processor.py:161} INFO - Started process (PID=153) to work on /opt/airflow/dags/main.py
[2026-01-18T10:33:43.716+0000] {processor.py:830} INFO - Processing file /opt/airflow/dags/main.py for tasks to queue
[2026-01-18T10:33:43.720+0000] {logging_mixin.py:188} INFO - [2026-01-18T10:33:43.719+0000] {dagbag.py:545} INFO - Filling up the DagBag from /opt/airflow/dags/main.py
[2026-01-18T10:33:43.725+0000] {logging_mixin.py:188} INFO - [2026-01-18T10:33:43.724+0000] {dagbag.py:355} ERROR - Failed to import: /opt/airflow/dags/main.py
Traceback (most recent call last):
  File "/home/airflow/.local/lib/python3.10/site-packages/airflow/models/dagbag.py", line 351, in parse
    loader.exec_module(new_module)
  File "<frozen importlib._bootstrap_external>", line 883, in exec_module
  File "<frozen importlib._bootstrap>", line 241, in _call_with_frames_removed
  File "/opt/airflow/dags/main.py", line 4, in <module>
    from ap.video_stats import get_playlist_id, get_video_ids, extract_video_data, save_to_json
ModuleNotFoundError: No module named 'ap'
[2026-01-18T10:33:43.725+0000] {processor.py:842} WARNING - No viable dags retrieved from /opt/airflow/dags/main.py
[2026-01-18T10:33:43.744+0000] {processor.py:183} INFO - Processing /opt/airflow/dags/main.py took 0.040 seconds
[2026-01-18T10:34:13.969+0000] {processor.py:161} INFO - Started process (PID=160) to work on /opt/airflow/dags/main.py
[2026-01-18T10:34:13.970+0000] {processor.py:830} INFO - Processing file /opt/airflow/dags/main.py for tasks to queue
[2026-01-18T10:34:13.972+0000] {logging_mixin.py:188} INFO - [2026-01-18T10:34:13.972+0000] {dagbag.py:545} INFO - Filling up the DagBag from /opt/airflow/dags/main.py
[2026-01-18T10:34:13.976+0000] {logging_mixin.py:188} INFO - [2026-01-18T10:34:13.975+0000] {dagbag.py:355} ERROR - Failed to import: /opt/airflow/dags/main.py
Traceback (most recent call last):
  File "/home/airflow/.local/lib/python3.10/site-packages/airflow/models/dagbag.py", line 351, in parse
    loader.exec_module(new_module)
  File "<frozen importlib._bootstrap_external>", line 883, in exec_module
  File "<frozen importlib._bootstrap>", line 241, in _call_with_frames_removed
  File "/opt/airflow/dags/main.py", line 4, in <module>
    from ap.video_stats import get_playlist_id, get_video_ids, extract_video_data, save_to_json
ModuleNotFoundError: No module named 'ap'
[2026-01-18T10:34:13.976+0000] {processor.py:842} WARNING - No viable dags retrieved from /opt/airflow/dags/main.py
[2026-01-18T10:34:13.992+0000] {processor.py:183} INFO - Processing /opt/airflow/dags/main.py took 0.029 seconds
[2026-01-18T10:34:44.225+0000] {processor.py:161} INFO - Started process (PID=167) to work on /opt/airflow/dags/main.py
[2026-01-18T10:34:44.226+0000] {processor.py:830} INFO - Processing file /opt/airflow/dags/main.py for tasks to queue
[2026-01-18T10:34:44.229+0000] {logging_mixin.py:188} INFO - [2026-01-18T10:34:44.228+0000] {dagbag.py:545} INFO - Filling up the DagBag from /opt/airflow/dags/main.py
[2026-01-18T10:34:44.242+0000] {logging_mixin.py:188} INFO - [2026-01-18T10:34:44.241+0000] {dagbag.py:355} ERROR - Failed to import: /opt/airflow/dags/main.py
Traceback (most recent call last):
  File "/home/airflow/.local/lib/python3.10/site-packages/airflow/models/dagbag.py", line 351, in parse
    loader.exec_module(new_module)
  File "<frozen importlib._bootstrap_external>", line 883, in exec_module
  File "<frozen importlib._bootstrap>", line 241, in _call_with_frames_removed
  File "/opt/airflow/dags/main.py", line 4, in <module>
    from ap.video_stats import get_playlist_id, get_video_ids, extract_video_data, save_to_json
ModuleNotFoundError: No module named 'ap'
[2026-01-18T10:34:44.242+0000] {processor.py:842} WARNING - No viable dags retrieved from /opt/airflow/dags/main.py
[2026-01-18T10:34:44.261+0000] {processor.py:183} INFO - Processing /opt/airflow/dags/main.py took 0.049 seconds
[2026-01-18T10:35:14.489+0000] {processor.py:161} INFO - Started process (PID=174) to work on /opt/airflow/dags/main.py
[2026-01-18T10:35:14.490+0000] {processor.py:830} INFO - Processing file /opt/airflow/dags/main.py for tasks to queue
[2026-01-18T10:35:14.491+0000] {logging_mixin.py:188} INFO - [2026-01-18T10:35:14.491+0000] {dagbag.py:545} INFO - Filling up the DagBag from /opt/airflow/dags/main.py
[2026-01-18T10:35:14.494+0000] {logging_mixin.py:188} INFO - [2026-01-18T10:35:14.494+0000] {dagbag.py:355} ERROR - Failed to import: /opt/airflow/dags/main.py
Traceback (most recent call last):
  File "/home/airflow/.local/lib/python3.10/site-packages/airflow/models/dagbag.py", line 351, in parse
    loader.exec_module(new_module)
  File "<frozen importlib._bootstrap_external>", line 883, in exec_module
  File "<frozen importlib._bootstrap>", line 241, in _call_with_frames_removed
  File "/opt/airflow/dags/main.py", line 4, in <module>
    from ap.video_stats import get_playlist_id, get_video_ids, extract_video_data, save_to_json
ModuleNotFoundError: No module named 'ap'
[2026-01-18T10:35:14.495+0000] {processor.py:842} WARNING - No viable dags retrieved from /opt/airflow/dags/main.py
[2026-01-18T10:35:14.507+0000] {processor.py:183} INFO - Processing /opt/airflow/dags/main.py took 0.023 seconds
[2026-01-18T10:35:44.745+0000] {processor.py:161} INFO - Started process (PID=182) to work on /opt/airflow/dags/main.py
[2026-01-18T10:35:44.746+0000] {processor.py:830} INFO - Processing file /opt/airflow/dags/main.py for tasks to queue
[2026-01-18T10:35:44.749+0000] {logging_mixin.py:188} INFO - [2026-01-18T10:35:44.749+0000] {dagbag.py:545} INFO - Filling up the DagBag from /opt/airflow/dags/main.py
[2026-01-18T10:35:44.756+0000] {logging_mixin.py:188} INFO - [2026-01-18T10:35:44.755+0000] {dagbag.py:355} ERROR - Failed to import: /opt/airflow/dags/main.py
Traceback (most recent call last):
  File "/home/airflow/.local/lib/python3.10/site-packages/airflow/models/dagbag.py", line 351, in parse
    loader.exec_module(new_module)
  File "<frozen importlib._bootstrap_external>", line 883, in exec_module
  File "<frozen importlib._bootstrap>", line 241, in _call_with_frames_removed
  File "/opt/airflow/dags/main.py", line 4, in <module>
    from ap.video_stats import get_playlist_id, get_video_ids, extract_video_data, save_to_json
ModuleNotFoundError: No module named 'ap'
[2026-01-18T10:35:44.756+0000] {processor.py:842} WARNING - No viable dags retrieved from /opt/airflow/dags/main.py
[2026-01-18T10:35:44.778+0000] {processor.py:183} INFO - Processing /opt/airflow/dags/main.py took 0.044 seconds
[2026-01-18T10:36:15.166+0000] {processor.py:161} INFO - Started process (PID=189) to work on /opt/airflow/dags/main.py
[2026-01-18T10:36:15.167+0000] {processor.py:830} INFO - Processing file /opt/airflow/dags/main.py for tasks to queue
[2026-01-18T10:36:15.170+0000] {logging_mixin.py:188} INFO - [2026-01-18T10:36:15.170+0000] {dagbag.py:545} INFO - Filling up the DagBag from /opt/airflow/dags/main.py
[2026-01-18T10:36:15.180+0000] {logging_mixin.py:188} INFO - [2026-01-18T10:36:15.177+0000] {dagbag.py:355} ERROR - Failed to import: /opt/airflow/dags/main.py
Traceback (most recent call last):
  File "/home/airflow/.local/lib/python3.10/site-packages/airflow/models/dagbag.py", line 351, in parse
    loader.exec_module(new_module)
  File "<frozen importlib._bootstrap_external>", line 883, in exec_module
  File "<frozen importlib._bootstrap>", line 241, in _call_with_frames_removed
  File "/opt/airflow/dags/main.py", line 4, in <module>
    from ap.video_stats import get_playlist_id, get_video_ids, extract_video_data, save_to_json
ModuleNotFoundError: No module named 'ap'
[2026-01-18T10:36:15.180+0000] {processor.py:842} WARNING - No viable dags retrieved from /opt/airflow/dags/main.py
[2026-01-18T10:36:15.211+0000] {processor.py:183} INFO - Processing /opt/airflow/dags/main.py took 0.100 seconds
[2026-01-18T10:36:19.206+0000] {processor.py:161} INFO - Started process (PID=190) to work on /opt/airflow/dags/main.py
[2026-01-18T10:36:19.207+0000] {processor.py:830} INFO - Processing file /opt/airflow/dags/main.py for tasks to queue
[2026-01-18T10:36:19.208+0000] {logging_mixin.py:188} INFO - [2026-01-18T10:36:19.208+0000] {dagbag.py:545} INFO - Filling up the DagBag from /opt/airflow/dags/main.py
[2026-01-18T10:36:19.270+0000] {logging_mixin.py:188} INFO - get_playlist_id won't be executed
[2026-01-18T10:36:19.283+0000] {processor.py:840} INFO - DAG(s) 'produce_json' retrieved from /opt/airflow/dags/main.py
[2026-01-18T10:36:19.521+0000] {logging_mixin.py:188} INFO - [2026-01-18T10:36:19.520+0000] {override.py:1829} INFO - Created Permission View: can edit on DAG:produce_json
[2026-01-18T10:36:19.530+0000] {logging_mixin.py:188} INFO - [2026-01-18T10:36:19.530+0000] {override.py:1829} INFO - Created Permission View: can read on DAG:produce_json
[2026-01-18T10:36:19.537+0000] {logging_mixin.py:188} INFO - [2026-01-18T10:36:19.537+0000] {override.py:1829} INFO - Created Permission View: can delete on DAG:produce_json
[2026-01-18T10:36:19.537+0000] {logging_mixin.py:188} INFO - [2026-01-18T10:36:19.537+0000] {dag.py:3096} INFO - Sync 1 DAGs
[2026-01-18T10:36:19.548+0000] {logging_mixin.py:188} INFO - [2026-01-18T10:36:19.548+0000] {dag.py:3118} INFO - Creating ORM DAG for produce_json
[2026-01-18T10:36:19.638+0000] {logging_mixin.py:188} INFO - [2026-01-18T10:36:19.638+0000] {dag.py:3954} INFO - Setting next_dagrun for produce_json to 2026-01-16 13:00:00+00:00, run_after=2026-01-17 13:00:00+00:00
[2026-01-18T10:36:19.663+0000] {processor.py:183} INFO - Processing /opt/airflow/dags/main.py took 0.464 seconds
[2026-01-18T10:36:49.980+0000] {processor.py:161} INFO - Started process (PID=197) to work on /opt/airflow/dags/main.py
[2026-01-18T10:36:49.982+0000] {processor.py:830} INFO - Processing file /opt/airflow/dags/main.py for tasks to queue
[2026-01-18T10:36:49.985+0000] {logging_mixin.py:188} INFO - [2026-01-18T10:36:49.985+0000] {dagbag.py:545} INFO - Filling up the DagBag from /opt/airflow/dags/main.py
[2026-01-18T10:36:50.019+0000] {logging_mixin.py:188} INFO - get_playlist_id won't be executed
[2026-01-18T10:36:50.029+0000] {processor.py:840} INFO - DAG(s) 'produce_json' retrieved from /opt/airflow/dags/main.py
[2026-01-18T10:36:50.062+0000] {logging_mixin.py:188} INFO - [2026-01-18T10:36:50.061+0000] {dag.py:3096} INFO - Sync 1 DAGs
[2026-01-18T10:36:50.081+0000] {logging_mixin.py:188} INFO - [2026-01-18T10:36:50.081+0000] {dag.py:3954} INFO - Setting next_dagrun for produce_json to 2026-01-16 13:00:00+00:00, run_after=2026-01-17 13:00:00+00:00
[2026-01-18T10:36:50.097+0000] {processor.py:183} INFO - Processing /opt/airflow/dags/main.py took 0.136 seconds
[2026-01-18T10:37:16.253+0000] {processor.py:161} INFO - Started process (PID=204) to work on /opt/airflow/dags/main.py
[2026-01-18T10:37:16.254+0000] {processor.py:830} INFO - Processing file /opt/airflow/dags/main.py for tasks to queue
[2026-01-18T10:37:16.257+0000] {logging_mixin.py:188} INFO - [2026-01-18T10:37:16.257+0000] {dagbag.py:545} INFO - Filling up the DagBag from /opt/airflow/dags/main.py
[2026-01-18T10:37:16.290+0000] {logging_mixin.py:188} INFO - get_playlist_id won't be executed
[2026-01-18T10:37:16.298+0000] {processor.py:840} INFO - DAG(s) 'produce_json' retrieved from /opt/airflow/dags/main.py
[2026-01-18T10:37:16.342+0000] {logging_mixin.py:188} INFO - [2026-01-18T10:37:16.341+0000] {dag.py:3096} INFO - Sync 1 DAGs
[2026-01-18T10:37:16.371+0000] {logging_mixin.py:188} INFO - [2026-01-18T10:37:16.371+0000] {dag.py:3954} INFO - Setting next_dagrun for produce_json to 2026-01-16 13:00:00+00:00, run_after=2026-01-17 13:00:00+00:00
[2026-01-18T10:37:16.388+0000] {processor.py:183} INFO - Processing /opt/airflow/dags/main.py took 0.149 seconds
[2026-01-18T10:37:46.529+0000] {processor.py:161} INFO - Started process (PID=211) to work on /opt/airflow/dags/main.py
[2026-01-18T10:37:46.530+0000] {processor.py:830} INFO - Processing file /opt/airflow/dags/main.py for tasks to queue
[2026-01-18T10:37:46.537+0000] {logging_mixin.py:188} INFO - [2026-01-18T10:37:46.536+0000] {dagbag.py:545} INFO - Filling up the DagBag from /opt/airflow/dags/main.py
[2026-01-18T10:37:46.563+0000] {logging_mixin.py:188} INFO - get_playlist_id won't be executed
[2026-01-18T10:37:46.572+0000] {processor.py:840} INFO - DAG(s) 'produce_json' retrieved from /opt/airflow/dags/main.py
[2026-01-18T10:37:46.611+0000] {logging_mixin.py:188} INFO - [2026-01-18T10:37:46.611+0000] {dag.py:3096} INFO - Sync 1 DAGs
[2026-01-18T10:37:46.631+0000] {logging_mixin.py:188} INFO - [2026-01-18T10:37:46.631+0000] {dag.py:3954} INFO - Setting next_dagrun for produce_json to 2026-01-16 13:00:00+00:00, run_after=2026-01-17 13:00:00+00:00
[2026-01-18T10:37:46.644+0000] {processor.py:183} INFO - Processing /opt/airflow/dags/main.py took 0.128 seconds
[2026-01-18T10:38:16.966+0000] {processor.py:161} INFO - Started process (PID=218) to work on /opt/airflow/dags/main.py
[2026-01-18T10:38:16.967+0000] {processor.py:830} INFO - Processing file /opt/airflow/dags/main.py for tasks to queue
[2026-01-18T10:38:16.970+0000] {logging_mixin.py:188} INFO - [2026-01-18T10:38:16.969+0000] {dagbag.py:545} INFO - Filling up the DagBag from /opt/airflow/dags/main.py
[2026-01-18T10:38:17.005+0000] {logging_mixin.py:188} INFO - get_playlist_id won't be executed
[2026-01-18T10:38:17.015+0000] {processor.py:840} INFO - DAG(s) 'produce_json' retrieved from /opt/airflow/dags/main.py
[2026-01-18T10:38:17.053+0000] {logging_mixin.py:188} INFO - [2026-01-18T10:38:17.052+0000] {dag.py:3096} INFO - Sync 1 DAGs
[2026-01-18T10:38:17.073+0000] {logging_mixin.py:188} INFO - [2026-01-18T10:38:17.073+0000] {dag.py:3954} INFO - Setting next_dagrun for produce_json to 2026-01-16 13:00:00+00:00, run_after=2026-01-17 13:00:00+00:00
[2026-01-18T10:38:17.087+0000] {processor.py:183} INFO - Processing /opt/airflow/dags/main.py took 0.145 seconds
[2026-01-18T10:39:27.777+0000] {processor.py:161} INFO - Started process (PID=41) to work on /opt/airflow/dags/main.py
[2026-01-18T10:39:27.780+0000] {processor.py:830} INFO - Processing file /opt/airflow/dags/main.py for tasks to queue
[2026-01-18T10:39:27.785+0000] {logging_mixin.py:188} INFO - [2026-01-18T10:39:27.785+0000] {dagbag.py:545} INFO - Filling up the DagBag from /opt/airflow/dags/main.py
[2026-01-18T10:39:27.859+0000] {logging_mixin.py:188} INFO - get_playlist_id won't be executed
[2026-01-18T10:39:27.884+0000] {processor.py:840} INFO - DAG(s) 'produce_json' retrieved from /opt/airflow/dags/main.py
[2026-01-18T10:39:28.361+0000] {logging_mixin.py:188} INFO - [2026-01-18T10:39:28.360+0000] {override.py:1829} INFO - Created Permission View: can read on DAG:produce_json
[2026-01-18T10:39:28.373+0000] {logging_mixin.py:188} INFO - [2026-01-18T10:39:28.372+0000] {override.py:1829} INFO - Created Permission View: can delete on DAG:produce_json
[2026-01-18T10:39:28.385+0000] {logging_mixin.py:188} INFO - [2026-01-18T10:39:28.385+0000] {override.py:1829} INFO - Created Permission View: can edit on DAG:produce_json
[2026-01-18T10:39:28.386+0000] {logging_mixin.py:188} INFO - [2026-01-18T10:39:28.386+0000] {dag.py:3096} INFO - Sync 1 DAGs
[2026-01-18T10:39:28.476+0000] {logging_mixin.py:188} INFO - [2026-01-18T10:39:28.475+0000] {dag.py:3118} INFO - Creating ORM DAG for produce_json
[2026-01-18T10:39:28.515+0000] {logging_mixin.py:188} INFO - [2026-01-18T10:39:28.514+0000] {dag.py:3954} INFO - Setting next_dagrun for produce_json to 2026-01-16 13:00:00+00:00, run_after=2026-01-17 13:00:00+00:00
[2026-01-18T10:39:28.627+0000] {processor.py:183} INFO - Processing /opt/airflow/dags/main.py took 0.861 seconds
[2026-01-18T10:39:58.901+0000] {processor.py:161} INFO - Started process (PID=54) to work on /opt/airflow/dags/main.py
[2026-01-18T10:39:58.902+0000] {processor.py:830} INFO - Processing file /opt/airflow/dags/main.py for tasks to queue
[2026-01-18T10:39:58.917+0000] {logging_mixin.py:188} INFO - [2026-01-18T10:39:58.912+0000] {dagbag.py:545} INFO - Filling up the DagBag from /opt/airflow/dags/main.py
[2026-01-18T10:39:58.944+0000] {logging_mixin.py:188} INFO - get_playlist_id won't be executed
[2026-01-18T10:39:58.952+0000] {processor.py:840} INFO - DAG(s) 'produce_json' retrieved from /opt/airflow/dags/main.py
[2026-01-18T10:39:58.982+0000] {logging_mixin.py:188} INFO - [2026-01-18T10:39:58.982+0000] {dag.py:3096} INFO - Sync 1 DAGs
[2026-01-18T10:39:59.000+0000] {logging_mixin.py:188} INFO - [2026-01-18T10:39:59.000+0000] {dag.py:3954} INFO - Setting next_dagrun for produce_json to 2026-01-16 13:00:00+00:00, run_after=2026-01-17 13:00:00+00:00
[2026-01-18T10:39:59.011+0000] {processor.py:183} INFO - Processing /opt/airflow/dags/main.py took 0.119 seconds
[2026-01-18T10:40:29.152+0000] {processor.py:161} INFO - Started process (PID=61) to work on /opt/airflow/dags/main.py
[2026-01-18T10:40:29.154+0000] {processor.py:830} INFO - Processing file /opt/airflow/dags/main.py for tasks to queue
[2026-01-18T10:40:29.158+0000] {logging_mixin.py:188} INFO - [2026-01-18T10:40:29.157+0000] {dagbag.py:545} INFO - Filling up the DagBag from /opt/airflow/dags/main.py
[2026-01-18T10:40:29.184+0000] {logging_mixin.py:188} INFO - get_playlist_id won't be executed
[2026-01-18T10:40:29.193+0000] {processor.py:840} INFO - DAG(s) 'produce_json' retrieved from /opt/airflow/dags/main.py
[2026-01-18T10:40:29.226+0000] {logging_mixin.py:188} INFO - [2026-01-18T10:40:29.225+0000] {dag.py:3096} INFO - Sync 1 DAGs
[2026-01-18T10:40:29.246+0000] {logging_mixin.py:188} INFO - [2026-01-18T10:40:29.246+0000] {dag.py:3954} INFO - Setting next_dagrun for produce_json to 2026-01-16 13:00:00+00:00, run_after=2026-01-17 13:00:00+00:00
[2026-01-18T10:40:29.259+0000] {processor.py:183} INFO - Processing /opt/airflow/dags/main.py took 0.119 seconds
[2026-01-18T10:40:59.457+0000] {processor.py:161} INFO - Started process (PID=68) to work on /opt/airflow/dags/main.py
[2026-01-18T10:40:59.458+0000] {processor.py:830} INFO - Processing file /opt/airflow/dags/main.py for tasks to queue
[2026-01-18T10:40:59.459+0000] {logging_mixin.py:188} INFO - [2026-01-18T10:40:59.459+0000] {dagbag.py:545} INFO - Filling up the DagBag from /opt/airflow/dags/main.py
[2026-01-18T10:40:59.478+0000] {logging_mixin.py:188} INFO - get_playlist_id won't be executed
[2026-01-18T10:40:59.485+0000] {processor.py:840} INFO - DAG(s) 'produce_json' retrieved from /opt/airflow/dags/main.py
[2026-01-18T10:40:59.510+0000] {logging_mixin.py:188} INFO - [2026-01-18T10:40:59.510+0000] {dag.py:3096} INFO - Sync 1 DAGs
[2026-01-18T10:40:59.526+0000] {logging_mixin.py:188} INFO - [2026-01-18T10:40:59.526+0000] {dag.py:3954} INFO - Setting next_dagrun for produce_json to 2026-01-16 13:00:00+00:00, run_after=2026-01-17 13:00:00+00:00
[2026-01-18T10:40:59.538+0000] {processor.py:183} INFO - Processing /opt/airflow/dags/main.py took 0.087 seconds
[2026-01-18T10:41:29.774+0000] {processor.py:161} INFO - Started process (PID=75) to work on /opt/airflow/dags/main.py
[2026-01-18T10:41:29.776+0000] {processor.py:830} INFO - Processing file /opt/airflow/dags/main.py for tasks to queue
[2026-01-18T10:41:29.779+0000] {logging_mixin.py:188} INFO - [2026-01-18T10:41:29.778+0000] {dagbag.py:545} INFO - Filling up the DagBag from /opt/airflow/dags/main.py
[2026-01-18T10:41:29.809+0000] {logging_mixin.py:188} INFO - get_playlist_id won't be executed
[2026-01-18T10:41:29.825+0000] {processor.py:840} INFO - DAG(s) 'produce_json' retrieved from /opt/airflow/dags/main.py
[2026-01-18T10:41:29.855+0000] {logging_mixin.py:188} INFO - [2026-01-18T10:41:29.855+0000] {dag.py:3096} INFO - Sync 1 DAGs
[2026-01-18T10:41:29.873+0000] {logging_mixin.py:188} INFO - [2026-01-18T10:41:29.873+0000] {dag.py:3954} INFO - Setting next_dagrun for produce_json to 2026-01-16 13:00:00+00:00, run_after=2026-01-17 13:00:00+00:00
[2026-01-18T10:41:29.887+0000] {processor.py:183} INFO - Processing /opt/airflow/dags/main.py took 0.125 seconds
[2026-01-18T10:42:00.183+0000] {processor.py:161} INFO - Started process (PID=82) to work on /opt/airflow/dags/main.py
[2026-01-18T10:42:00.184+0000] {processor.py:830} INFO - Processing file /opt/airflow/dags/main.py for tasks to queue
[2026-01-18T10:42:00.187+0000] {logging_mixin.py:188} INFO - [2026-01-18T10:42:00.186+0000] {dagbag.py:545} INFO - Filling up the DagBag from /opt/airflow/dags/main.py
[2026-01-18T10:42:00.219+0000] {logging_mixin.py:188} INFO - get_playlist_id won't be executed
[2026-01-18T10:42:00.228+0000] {processor.py:840} INFO - DAG(s) 'produce_json' retrieved from /opt/airflow/dags/main.py
[2026-01-18T10:42:00.273+0000] {logging_mixin.py:188} INFO - [2026-01-18T10:42:00.273+0000] {dag.py:3096} INFO - Sync 1 DAGs
[2026-01-18T10:42:00.296+0000] {logging_mixin.py:188} INFO - [2026-01-18T10:42:00.296+0000] {dag.py:3954} INFO - Setting next_dagrun for produce_json to 2026-01-16 13:00:00+00:00, run_after=2026-01-17 13:00:00+00:00
[2026-01-18T10:42:00.315+0000] {processor.py:183} INFO - Processing /opt/airflow/dags/main.py took 0.153 seconds
[2026-01-18T10:42:30.509+0000] {processor.py:161} INFO - Started process (PID=89) to work on /opt/airflow/dags/main.py
[2026-01-18T10:42:30.511+0000] {processor.py:830} INFO - Processing file /opt/airflow/dags/main.py for tasks to queue
[2026-01-18T10:42:30.513+0000] {logging_mixin.py:188} INFO - [2026-01-18T10:42:30.513+0000] {dagbag.py:545} INFO - Filling up the DagBag from /opt/airflow/dags/main.py
[2026-01-18T10:42:30.533+0000] {logging_mixin.py:188} INFO - get_playlist_id won't be executed
[2026-01-18T10:42:30.541+0000] {processor.py:840} INFO - DAG(s) 'produce_json' retrieved from /opt/airflow/dags/main.py
[2026-01-18T10:42:30.566+0000] {logging_mixin.py:188} INFO - [2026-01-18T10:42:30.566+0000] {dag.py:3096} INFO - Sync 1 DAGs
[2026-01-18T10:42:30.585+0000] {logging_mixin.py:188} INFO - [2026-01-18T10:42:30.585+0000] {dag.py:3954} INFO - Setting next_dagrun for produce_json to 2026-01-16 13:00:00+00:00, run_after=2026-01-17 13:00:00+00:00
[2026-01-18T10:42:30.596+0000] {processor.py:183} INFO - Processing /opt/airflow/dags/main.py took 0.094 seconds
[2026-01-18T10:43:00.902+0000] {processor.py:161} INFO - Started process (PID=96) to work on /opt/airflow/dags/main.py
[2026-01-18T10:43:00.905+0000] {processor.py:830} INFO - Processing file /opt/airflow/dags/main.py for tasks to queue
[2026-01-18T10:43:00.907+0000] {logging_mixin.py:188} INFO - [2026-01-18T10:43:00.907+0000] {dagbag.py:545} INFO - Filling up the DagBag from /opt/airflow/dags/main.py
[2026-01-18T10:43:00.934+0000] {logging_mixin.py:188} INFO - get_playlist_id won't be executed
[2026-01-18T10:43:00.942+0000] {processor.py:840} INFO - DAG(s) 'produce_json' retrieved from /opt/airflow/dags/main.py
[2026-01-18T10:43:00.970+0000] {logging_mixin.py:188} INFO - [2026-01-18T10:43:00.970+0000] {dag.py:3096} INFO - Sync 1 DAGs
[2026-01-18T10:43:00.988+0000] {logging_mixin.py:188} INFO - [2026-01-18T10:43:00.988+0000] {dag.py:3954} INFO - Setting next_dagrun for produce_json to 2026-01-16 13:00:00+00:00, run_after=2026-01-17 13:00:00+00:00
[2026-01-18T10:43:01.001+0000] {processor.py:183} INFO - Processing /opt/airflow/dags/main.py took 0.108 seconds
[2026-01-18T10:43:31.203+0000] {processor.py:161} INFO - Started process (PID=103) to work on /opt/airflow/dags/main.py
[2026-01-18T10:43:31.205+0000] {processor.py:830} INFO - Processing file /opt/airflow/dags/main.py for tasks to queue
[2026-01-18T10:43:31.207+0000] {logging_mixin.py:188} INFO - [2026-01-18T10:43:31.207+0000] {dagbag.py:545} INFO - Filling up the DagBag from /opt/airflow/dags/main.py
[2026-01-18T10:43:31.226+0000] {logging_mixin.py:188} INFO - get_playlist_id won't be executed
[2026-01-18T10:43:31.231+0000] {processor.py:840} INFO - DAG(s) 'produce_json' retrieved from /opt/airflow/dags/main.py
[2026-01-18T10:43:31.252+0000] {logging_mixin.py:188} INFO - [2026-01-18T10:43:31.252+0000] {dag.py:3096} INFO - Sync 1 DAGs
[2026-01-18T10:43:31.266+0000] {logging_mixin.py:188} INFO - [2026-01-18T10:43:31.266+0000] {dag.py:3954} INFO - Setting next_dagrun for produce_json to 2026-01-16 13:00:00+00:00, run_after=2026-01-17 13:00:00+00:00
[2026-01-18T10:43:31.277+0000] {processor.py:183} INFO - Processing /opt/airflow/dags/main.py took 0.081 seconds
[2026-01-18T10:44:01.573+0000] {processor.py:161} INFO - Started process (PID=110) to work on /opt/airflow/dags/main.py
[2026-01-18T10:44:01.575+0000] {processor.py:830} INFO - Processing file /opt/airflow/dags/main.py for tasks to queue
[2026-01-18T10:44:01.577+0000] {logging_mixin.py:188} INFO - [2026-01-18T10:44:01.576+0000] {dagbag.py:545} INFO - Filling up the DagBag from /opt/airflow/dags/main.py
[2026-01-18T10:44:01.596+0000] {logging_mixin.py:188} INFO - get_playlist_id won't be executed
[2026-01-18T10:44:01.602+0000] {processor.py:840} INFO - DAG(s) 'produce_json' retrieved from /opt/airflow/dags/main.py
[2026-01-18T10:44:01.625+0000] {logging_mixin.py:188} INFO - [2026-01-18T10:44:01.625+0000] {dag.py:3096} INFO - Sync 1 DAGs
[2026-01-18T10:44:01.641+0000] {logging_mixin.py:188} INFO - [2026-01-18T10:44:01.641+0000] {dag.py:3954} INFO - Setting next_dagrun for produce_json to 2026-01-16 13:00:00+00:00, run_after=2026-01-17 13:00:00+00:00
[2026-01-18T10:44:01.654+0000] {processor.py:183} INFO - Processing /opt/airflow/dags/main.py took 0.087 seconds
[2026-01-18T10:44:31.893+0000] {processor.py:161} INFO - Started process (PID=117) to work on /opt/airflow/dags/main.py
[2026-01-18T10:44:31.895+0000] {processor.py:830} INFO - Processing file /opt/airflow/dags/main.py for tasks to queue
[2026-01-18T10:44:31.897+0000] {logging_mixin.py:188} INFO - [2026-01-18T10:44:31.897+0000] {dagbag.py:545} INFO - Filling up the DagBag from /opt/airflow/dags/main.py
[2026-01-18T10:44:31.915+0000] {logging_mixin.py:188} INFO - get_playlist_id won't be executed
[2026-01-18T10:44:31.921+0000] {processor.py:840} INFO - DAG(s) 'produce_json' retrieved from /opt/airflow/dags/main.py
[2026-01-18T10:44:31.942+0000] {logging_mixin.py:188} INFO - [2026-01-18T10:44:31.942+0000] {dag.py:3096} INFO - Sync 1 DAGs
[2026-01-18T10:44:31.956+0000] {logging_mixin.py:188} INFO - [2026-01-18T10:44:31.956+0000] {dag.py:3954} INFO - Setting next_dagrun for produce_json to 2026-01-16 13:00:00+00:00, run_after=2026-01-17 13:00:00+00:00
[2026-01-18T10:44:31.967+0000] {processor.py:183} INFO - Processing /opt/airflow/dags/main.py took 0.082 seconds
[2026-01-18T10:45:02.198+0000] {processor.py:161} INFO - Started process (PID=124) to work on /opt/airflow/dags/main.py
[2026-01-18T10:45:02.200+0000] {processor.py:830} INFO - Processing file /opt/airflow/dags/main.py for tasks to queue
[2026-01-18T10:45:02.202+0000] {logging_mixin.py:188} INFO - [2026-01-18T10:45:02.202+0000] {dagbag.py:545} INFO - Filling up the DagBag from /opt/airflow/dags/main.py
[2026-01-18T10:45:02.222+0000] {logging_mixin.py:188} INFO - get_playlist_id won't be executed
[2026-01-18T10:45:02.228+0000] {processor.py:840} INFO - DAG(s) 'produce_json' retrieved from /opt/airflow/dags/main.py
[2026-01-18T10:45:02.252+0000] {logging_mixin.py:188} INFO - [2026-01-18T10:45:02.252+0000] {dag.py:3096} INFO - Sync 1 DAGs
[2026-01-18T10:45:02.269+0000] {logging_mixin.py:188} INFO - [2026-01-18T10:45:02.269+0000] {dag.py:3954} INFO - Setting next_dagrun for produce_json to 2026-01-16 13:00:00+00:00, run_after=2026-01-17 13:00:00+00:00
[2026-01-18T10:45:02.281+0000] {processor.py:183} INFO - Processing /opt/airflow/dags/main.py took 0.090 seconds
[2026-01-18T10:45:32.547+0000] {processor.py:161} INFO - Started process (PID=131) to work on /opt/airflow/dags/main.py
[2026-01-18T10:45:32.549+0000] {processor.py:830} INFO - Processing file /opt/airflow/dags/main.py for tasks to queue
[2026-01-18T10:45:32.551+0000] {logging_mixin.py:188} INFO - [2026-01-18T10:45:32.551+0000] {dagbag.py:545} INFO - Filling up the DagBag from /opt/airflow/dags/main.py
[2026-01-18T10:45:32.577+0000] {logging_mixin.py:188} INFO - get_playlist_id won't be executed
[2026-01-18T10:45:32.585+0000] {processor.py:840} INFO - DAG(s) 'produce_json' retrieved from /opt/airflow/dags/main.py
[2026-01-18T10:45:32.614+0000] {logging_mixin.py:188} INFO - [2026-01-18T10:45:32.614+0000] {dag.py:3096} INFO - Sync 1 DAGs
[2026-01-18T10:45:32.634+0000] {logging_mixin.py:188} INFO - [2026-01-18T10:45:32.634+0000] {dag.py:3954} INFO - Setting next_dagrun for produce_json to 2026-01-16 13:00:00+00:00, run_after=2026-01-17 13:00:00+00:00
[2026-01-18T10:45:32.648+0000] {processor.py:183} INFO - Processing /opt/airflow/dags/main.py took 0.110 seconds
[2026-01-18T10:46:02.856+0000] {processor.py:161} INFO - Started process (PID=138) to work on /opt/airflow/dags/main.py
[2026-01-18T10:46:02.857+0000] {processor.py:830} INFO - Processing file /opt/airflow/dags/main.py for tasks to queue
[2026-01-18T10:46:02.859+0000] {logging_mixin.py:188} INFO - [2026-01-18T10:46:02.858+0000] {dagbag.py:545} INFO - Filling up the DagBag from /opt/airflow/dags/main.py
[2026-01-18T10:46:02.877+0000] {logging_mixin.py:188} INFO - get_playlist_id won't be executed
[2026-01-18T10:46:02.883+0000] {processor.py:840} INFO - DAG(s) 'produce_json' retrieved from /opt/airflow/dags/main.py
[2026-01-18T10:46:02.903+0000] {logging_mixin.py:188} INFO - [2026-01-18T10:46:02.903+0000] {dag.py:3096} INFO - Sync 1 DAGs
[2026-01-18T10:46:02.917+0000] {logging_mixin.py:188} INFO - [2026-01-18T10:46:02.917+0000] {dag.py:3954} INFO - Setting next_dagrun for produce_json to 2026-01-16 13:00:00+00:00, run_after=2026-01-17 13:00:00+00:00
[2026-01-18T10:46:02.927+0000] {processor.py:183} INFO - Processing /opt/airflow/dags/main.py took 0.078 seconds
[2026-01-18T10:46:33.178+0000] {processor.py:161} INFO - Started process (PID=145) to work on /opt/airflow/dags/main.py
[2026-01-18T10:46:33.180+0000] {processor.py:830} INFO - Processing file /opt/airflow/dags/main.py for tasks to queue
[2026-01-18T10:46:33.181+0000] {logging_mixin.py:188} INFO - [2026-01-18T10:46:33.181+0000] {dagbag.py:545} INFO - Filling up the DagBag from /opt/airflow/dags/main.py
[2026-01-18T10:46:33.198+0000] {logging_mixin.py:188} INFO - get_playlist_id won't be executed
[2026-01-18T10:46:33.204+0000] {processor.py:840} INFO - DAG(s) 'produce_json' retrieved from /opt/airflow/dags/main.py
[2026-01-18T10:46:33.223+0000] {logging_mixin.py:188} INFO - [2026-01-18T10:46:33.223+0000] {dag.py:3096} INFO - Sync 1 DAGs
[2026-01-18T10:46:33.237+0000] {logging_mixin.py:188} INFO - [2026-01-18T10:46:33.236+0000] {dag.py:3954} INFO - Setting next_dagrun for produce_json to 2026-01-16 13:00:00+00:00, run_after=2026-01-17 13:00:00+00:00
[2026-01-18T10:46:33.247+0000] {processor.py:183} INFO - Processing /opt/airflow/dags/main.py took 0.076 seconds
[2026-01-18T10:47:03.444+0000] {processor.py:161} INFO - Started process (PID=152) to work on /opt/airflow/dags/main.py
[2026-01-18T10:47:03.446+0000] {processor.py:830} INFO - Processing file /opt/airflow/dags/main.py for tasks to queue
[2026-01-18T10:47:03.448+0000] {logging_mixin.py:188} INFO - [2026-01-18T10:47:03.447+0000] {dagbag.py:545} INFO - Filling up the DagBag from /opt/airflow/dags/main.py
[2026-01-18T10:47:03.465+0000] {logging_mixin.py:188} INFO - get_playlist_id won't be executed
[2026-01-18T10:47:03.471+0000] {processor.py:840} INFO - DAG(s) 'produce_json' retrieved from /opt/airflow/dags/main.py
[2026-01-18T10:47:03.490+0000] {logging_mixin.py:188} INFO - [2026-01-18T10:47:03.489+0000] {dag.py:3096} INFO - Sync 1 DAGs
[2026-01-18T10:47:03.503+0000] {logging_mixin.py:188} INFO - [2026-01-18T10:47:03.503+0000] {dag.py:3954} INFO - Setting next_dagrun for produce_json to 2026-01-16 13:00:00+00:00, run_after=2026-01-17 13:00:00+00:00
[2026-01-18T10:47:03.513+0000] {processor.py:183} INFO - Processing /opt/airflow/dags/main.py took 0.076 seconds
[2026-01-18T10:47:33.873+0000] {processor.py:161} INFO - Started process (PID=159) to work on /opt/airflow/dags/main.py
[2026-01-18T10:47:33.875+0000] {processor.py:830} INFO - Processing file /opt/airflow/dags/main.py for tasks to queue
[2026-01-18T10:47:33.878+0000] {logging_mixin.py:188} INFO - [2026-01-18T10:47:33.877+0000] {dagbag.py:545} INFO - Filling up the DagBag from /opt/airflow/dags/main.py
[2026-01-18T10:47:33.907+0000] {logging_mixin.py:188} INFO - get_playlist_id won't be executed
[2026-01-18T10:47:33.915+0000] {processor.py:840} INFO - DAG(s) 'produce_json' retrieved from /opt/airflow/dags/main.py
[2026-01-18T10:47:33.948+0000] {logging_mixin.py:188} INFO - [2026-01-18T10:47:33.947+0000] {dag.py:3096} INFO - Sync 1 DAGs
[2026-01-18T10:47:33.981+0000] {logging_mixin.py:188} INFO - [2026-01-18T10:47:33.980+0000] {dag.py:3954} INFO - Setting next_dagrun for produce_json to 2026-01-16 13:00:00+00:00, run_after=2026-01-17 13:00:00+00:00
[2026-01-18T10:47:34.051+0000] {processor.py:183} INFO - Processing /opt/airflow/dags/main.py took 0.189 seconds
[2026-01-18T10:48:04.148+0000] {processor.py:161} INFO - Started process (PID=166) to work on /opt/airflow/dags/main.py
[2026-01-18T10:48:04.150+0000] {processor.py:830} INFO - Processing file /opt/airflow/dags/main.py for tasks to queue
[2026-01-18T10:48:04.152+0000] {logging_mixin.py:188} INFO - [2026-01-18T10:48:04.152+0000] {dagbag.py:545} INFO - Filling up the DagBag from /opt/airflow/dags/main.py
[2026-01-18T10:48:04.178+0000] {logging_mixin.py:188} INFO - get_playlist_id won't be executed
[2026-01-18T10:48:04.188+0000] {processor.py:840} INFO - DAG(s) 'produce_json' retrieved from /opt/airflow/dags/main.py
[2026-01-18T10:48:04.221+0000] {logging_mixin.py:188} INFO - [2026-01-18T10:48:04.221+0000] {dag.py:3096} INFO - Sync 1 DAGs
[2026-01-18T10:48:04.243+0000] {logging_mixin.py:188} INFO - [2026-01-18T10:48:04.243+0000] {dag.py:3954} INFO - Setting next_dagrun for produce_json to 2026-01-16 13:00:00+00:00, run_after=2026-01-17 13:00:00+00:00
[2026-01-18T10:48:04.257+0000] {processor.py:183} INFO - Processing /opt/airflow/dags/main.py took 0.118 seconds
[2026-01-18T10:48:34.479+0000] {processor.py:161} INFO - Started process (PID=173) to work on /opt/airflow/dags/main.py
[2026-01-18T10:48:34.481+0000] {processor.py:830} INFO - Processing file /opt/airflow/dags/main.py for tasks to queue
[2026-01-18T10:48:34.485+0000] {logging_mixin.py:188} INFO - [2026-01-18T10:48:34.484+0000] {dagbag.py:545} INFO - Filling up the DagBag from /opt/airflow/dags/main.py
[2026-01-18T10:48:34.518+0000] {logging_mixin.py:188} INFO - get_playlist_id won't be executed
[2026-01-18T10:48:34.529+0000] {processor.py:840} INFO - DAG(s) 'produce_json' retrieved from /opt/airflow/dags/main.py
[2026-01-18T10:48:34.566+0000] {logging_mixin.py:188} INFO - [2026-01-18T10:48:34.566+0000] {dag.py:3096} INFO - Sync 1 DAGs
[2026-01-18T10:48:34.590+0000] {logging_mixin.py:188} INFO - [2026-01-18T10:48:34.590+0000] {dag.py:3954} INFO - Setting next_dagrun for produce_json to 2026-01-16 13:00:00+00:00, run_after=2026-01-17 13:00:00+00:00
[2026-01-18T10:48:34.605+0000] {processor.py:183} INFO - Processing /opt/airflow/dags/main.py took 0.138 seconds
[2026-01-18T10:49:04.817+0000] {processor.py:161} INFO - Started process (PID=180) to work on /opt/airflow/dags/main.py
[2026-01-18T10:49:04.820+0000] {processor.py:830} INFO - Processing file /opt/airflow/dags/main.py for tasks to queue
[2026-01-18T10:49:04.823+0000] {logging_mixin.py:188} INFO - [2026-01-18T10:49:04.823+0000] {dagbag.py:545} INFO - Filling up the DagBag from /opt/airflow/dags/main.py
[2026-01-18T10:49:04.848+0000] {logging_mixin.py:188} INFO - get_playlist_id won't be executed
[2026-01-18T10:49:04.855+0000] {processor.py:840} INFO - DAG(s) 'produce_json' retrieved from /opt/airflow/dags/main.py
[2026-01-18T10:49:04.882+0000] {logging_mixin.py:188} INFO - [2026-01-18T10:49:04.882+0000] {dag.py:3096} INFO - Sync 1 DAGs
[2026-01-18T10:49:04.901+0000] {logging_mixin.py:188} INFO - [2026-01-18T10:49:04.901+0000] {dag.py:3954} INFO - Setting next_dagrun for produce_json to 2026-01-17 13:00:00+00:00, run_after=2026-01-18 13:00:00+00:00
[2026-01-18T10:49:04.913+0000] {processor.py:183} INFO - Processing /opt/airflow/dags/main.py took 0.106 seconds
[2026-01-18T10:49:35.152+0000] {processor.py:161} INFO - Started process (PID=187) to work on /opt/airflow/dags/main.py
[2026-01-18T10:49:35.154+0000] {processor.py:830} INFO - Processing file /opt/airflow/dags/main.py for tasks to queue
[2026-01-18T10:49:35.156+0000] {logging_mixin.py:188} INFO - [2026-01-18T10:49:35.156+0000] {dagbag.py:545} INFO - Filling up the DagBag from /opt/airflow/dags/main.py
[2026-01-18T10:49:35.178+0000] {logging_mixin.py:188} INFO - get_playlist_id won't be executed
[2026-01-18T10:49:35.187+0000] {processor.py:840} INFO - DAG(s) 'produce_json' retrieved from /opt/airflow/dags/main.py
[2026-01-18T10:49:35.220+0000] {logging_mixin.py:188} INFO - [2026-01-18T10:49:35.220+0000] {dag.py:3096} INFO - Sync 1 DAGs
[2026-01-18T10:49:35.239+0000] {logging_mixin.py:188} INFO - [2026-01-18T10:49:35.239+0000] {dag.py:3954} INFO - Setting next_dagrun for produce_json to 2026-01-17 13:00:00+00:00, run_after=2026-01-18 13:00:00+00:00
[2026-01-18T10:49:35.252+0000] {processor.py:183} INFO - Processing /opt/airflow/dags/main.py took 0.106 seconds
[2026-01-18T10:50:05.530+0000] {processor.py:161} INFO - Started process (PID=194) to work on /opt/airflow/dags/main.py
[2026-01-18T10:50:05.534+0000] {processor.py:830} INFO - Processing file /opt/airflow/dags/main.py for tasks to queue
[2026-01-18T10:50:05.537+0000] {logging_mixin.py:188} INFO - [2026-01-18T10:50:05.537+0000] {dagbag.py:545} INFO - Filling up the DagBag from /opt/airflow/dags/main.py
[2026-01-18T10:50:05.566+0000] {logging_mixin.py:188} INFO - get_playlist_id won't be executed
[2026-01-18T10:50:05.576+0000] {processor.py:840} INFO - DAG(s) 'produce_json' retrieved from /opt/airflow/dags/main.py
[2026-01-18T10:50:05.607+0000] {logging_mixin.py:188} INFO - [2026-01-18T10:50:05.607+0000] {dag.py:3096} INFO - Sync 1 DAGs
[2026-01-18T10:50:05.628+0000] {logging_mixin.py:188} INFO - [2026-01-18T10:50:05.628+0000] {dag.py:3954} INFO - Setting next_dagrun for produce_json to 2026-01-17 13:00:00+00:00, run_after=2026-01-18 13:00:00+00:00
[2026-01-18T10:50:05.643+0000] {processor.py:183} INFO - Processing /opt/airflow/dags/main.py took 0.124 seconds
[2026-01-18T10:50:35.920+0000] {processor.py:161} INFO - Started process (PID=201) to work on /opt/airflow/dags/main.py
[2026-01-18T10:50:35.923+0000] {processor.py:830} INFO - Processing file /opt/airflow/dags/main.py for tasks to queue
[2026-01-18T10:50:35.930+0000] {logging_mixin.py:188} INFO - [2026-01-18T10:50:35.930+0000] {dagbag.py:545} INFO - Filling up the DagBag from /opt/airflow/dags/main.py
[2026-01-18T10:50:35.972+0000] {logging_mixin.py:188} INFO - get_playlist_id won't be executed
[2026-01-18T10:50:35.990+0000] {processor.py:840} INFO - DAG(s) 'produce_json' retrieved from /opt/airflow/dags/main.py
[2026-01-18T10:50:36.043+0000] {logging_mixin.py:188} INFO - [2026-01-18T10:50:36.042+0000] {dag.py:3096} INFO - Sync 1 DAGs
[2026-01-18T10:50:36.069+0000] {logging_mixin.py:188} INFO - [2026-01-18T10:50:36.069+0000] {dag.py:3954} INFO - Setting next_dagrun for produce_json to 2026-01-17 13:00:00+00:00, run_after=2026-01-18 13:00:00+00:00
[2026-01-18T10:50:36.087+0000] {processor.py:183} INFO - Processing /opt/airflow/dags/main.py took 0.178 seconds
[2026-01-18T10:51:06.238+0000] {processor.py:161} INFO - Started process (PID=208) to work on /opt/airflow/dags/main.py
[2026-01-18T10:51:06.241+0000] {processor.py:830} INFO - Processing file /opt/airflow/dags/main.py for tasks to queue
[2026-01-18T10:51:06.244+0000] {logging_mixin.py:188} INFO - [2026-01-18T10:51:06.244+0000] {dagbag.py:545} INFO - Filling up the DagBag from /opt/airflow/dags/main.py
[2026-01-18T10:51:06.284+0000] {logging_mixin.py:188} INFO - get_playlist_id won't be executed
[2026-01-18T10:51:06.293+0000] {processor.py:840} INFO - DAG(s) 'produce_json' retrieved from /opt/airflow/dags/main.py
[2026-01-18T10:51:06.328+0000] {logging_mixin.py:188} INFO - [2026-01-18T10:51:06.328+0000] {dag.py:3096} INFO - Sync 1 DAGs
[2026-01-18T10:51:06.351+0000] {logging_mixin.py:188} INFO - [2026-01-18T10:51:06.350+0000] {dag.py:3954} INFO - Setting next_dagrun for produce_json to 2026-01-17 13:00:00+00:00, run_after=2026-01-18 13:00:00+00:00
[2026-01-18T10:51:06.365+0000] {processor.py:183} INFO - Processing /opt/airflow/dags/main.py took 0.136 seconds
[2026-01-18T10:51:36.524+0000] {processor.py:161} INFO - Started process (PID=215) to work on /opt/airflow/dags/main.py
[2026-01-18T10:51:36.527+0000] {processor.py:830} INFO - Processing file /opt/airflow/dags/main.py for tasks to queue
[2026-01-18T10:51:36.529+0000] {logging_mixin.py:188} INFO - [2026-01-18T10:51:36.529+0000] {dagbag.py:545} INFO - Filling up the DagBag from /opt/airflow/dags/main.py
[2026-01-18T10:51:36.547+0000] {logging_mixin.py:188} INFO - get_playlist_id won't be executed
[2026-01-18T10:51:36.553+0000] {processor.py:840} INFO - DAG(s) 'produce_json' retrieved from /opt/airflow/dags/main.py
[2026-01-18T10:51:36.576+0000] {logging_mixin.py:188} INFO - [2026-01-18T10:51:36.576+0000] {dag.py:3096} INFO - Sync 1 DAGs
[2026-01-18T10:51:36.591+0000] {logging_mixin.py:188} INFO - [2026-01-18T10:51:36.591+0000] {dag.py:3954} INFO - Setting next_dagrun for produce_json to 2026-01-17 13:00:00+00:00, run_after=2026-01-18 13:00:00+00:00
[2026-01-18T10:51:36.604+0000] {processor.py:183} INFO - Processing /opt/airflow/dags/main.py took 0.090 seconds
[2026-01-18T10:52:06.881+0000] {processor.py:161} INFO - Started process (PID=222) to work on /opt/airflow/dags/main.py
[2026-01-18T10:52:06.884+0000] {processor.py:830} INFO - Processing file /opt/airflow/dags/main.py for tasks to queue
[2026-01-18T10:52:06.889+0000] {logging_mixin.py:188} INFO - [2026-01-18T10:52:06.889+0000] {dagbag.py:545} INFO - Filling up the DagBag from /opt/airflow/dags/main.py
[2026-01-18T10:52:06.912+0000] {logging_mixin.py:188} INFO - get_playlist_id won't be executed
[2026-01-18T10:52:06.926+0000] {processor.py:840} INFO - DAG(s) 'produce_json' retrieved from /opt/airflow/dags/main.py
[2026-01-18T10:52:06.961+0000] {logging_mixin.py:188} INFO - [2026-01-18T10:52:06.961+0000] {dag.py:3096} INFO - Sync 1 DAGs
[2026-01-18T10:52:06.988+0000] {logging_mixin.py:188} INFO - [2026-01-18T10:52:06.988+0000] {dag.py:3954} INFO - Setting next_dagrun for produce_json to 2026-01-17 13:00:00+00:00, run_after=2026-01-18 13:00:00+00:00
[2026-01-18T10:52:07.002+0000] {processor.py:183} INFO - Processing /opt/airflow/dags/main.py took 0.131 seconds
[2026-01-18T10:52:37.186+0000] {processor.py:161} INFO - Started process (PID=229) to work on /opt/airflow/dags/main.py
[2026-01-18T10:52:37.188+0000] {processor.py:830} INFO - Processing file /opt/airflow/dags/main.py for tasks to queue
[2026-01-18T10:52:37.191+0000] {logging_mixin.py:188} INFO - [2026-01-18T10:52:37.190+0000] {dagbag.py:545} INFO - Filling up the DagBag from /opt/airflow/dags/main.py
[2026-01-18T10:52:37.224+0000] {logging_mixin.py:188} INFO - get_playlist_id won't be executed
[2026-01-18T10:52:37.234+0000] {processor.py:840} INFO - DAG(s) 'produce_json' retrieved from /opt/airflow/dags/main.py
[2026-01-18T10:52:37.276+0000] {logging_mixin.py:188} INFO - [2026-01-18T10:52:37.276+0000] {dag.py:3096} INFO - Sync 1 DAGs
[2026-01-18T10:52:37.301+0000] {logging_mixin.py:188} INFO - [2026-01-18T10:52:37.301+0000] {dag.py:3954} INFO - Setting next_dagrun for produce_json to 2026-01-17 13:00:00+00:00, run_after=2026-01-18 13:00:00+00:00
[2026-01-18T10:52:37.318+0000] {processor.py:183} INFO - Processing /opt/airflow/dags/main.py took 0.146 seconds
[2026-01-18T10:53:07.508+0000] {processor.py:161} INFO - Started process (PID=236) to work on /opt/airflow/dags/main.py
[2026-01-18T10:53:07.510+0000] {processor.py:830} INFO - Processing file /opt/airflow/dags/main.py for tasks to queue
[2026-01-18T10:53:07.514+0000] {logging_mixin.py:188} INFO - [2026-01-18T10:53:07.513+0000] {dagbag.py:545} INFO - Filling up the DagBag from /opt/airflow/dags/main.py
[2026-01-18T10:53:07.542+0000] {logging_mixin.py:188} INFO - get_playlist_id won't be executed
[2026-01-18T10:53:07.555+0000] {processor.py:840} INFO - DAG(s) 'produce_json' retrieved from /opt/airflow/dags/main.py
[2026-01-18T10:53:07.590+0000] {logging_mixin.py:188} INFO - [2026-01-18T10:53:07.590+0000] {dag.py:3096} INFO - Sync 1 DAGs
[2026-01-18T10:53:07.612+0000] {logging_mixin.py:188} INFO - [2026-01-18T10:53:07.612+0000] {dag.py:3954} INFO - Setting next_dagrun for produce_json to 2026-01-17 13:00:00+00:00, run_after=2026-01-18 13:00:00+00:00
[2026-01-18T10:53:07.628+0000] {processor.py:183} INFO - Processing /opt/airflow/dags/main.py took 0.127 seconds
[2026-01-18T10:53:37.909+0000] {processor.py:161} INFO - Started process (PID=243) to work on /opt/airflow/dags/main.py
[2026-01-18T10:53:37.910+0000] {processor.py:830} INFO - Processing file /opt/airflow/dags/main.py for tasks to queue
[2026-01-18T10:53:37.914+0000] {logging_mixin.py:188} INFO - [2026-01-18T10:53:37.914+0000] {dagbag.py:545} INFO - Filling up the DagBag from /opt/airflow/dags/main.py
[2026-01-18T10:53:37.947+0000] {logging_mixin.py:188} INFO - get_playlist_id won't be executed
[2026-01-18T10:53:37.960+0000] {processor.py:840} INFO - DAG(s) 'produce_json' retrieved from /opt/airflow/dags/main.py
[2026-01-18T10:53:38.009+0000] {logging_mixin.py:188} INFO - [2026-01-18T10:53:38.009+0000] {dag.py:3096} INFO - Sync 1 DAGs
[2026-01-18T10:53:38.030+0000] {logging_mixin.py:188} INFO - [2026-01-18T10:53:38.030+0000] {dag.py:3954} INFO - Setting next_dagrun for produce_json to 2026-01-17 13:00:00+00:00, run_after=2026-01-18 13:00:00+00:00
[2026-01-18T10:53:38.042+0000] {processor.py:183} INFO - Processing /opt/airflow/dags/main.py took 0.149 seconds
[2026-01-18T10:54:08.198+0000] {processor.py:161} INFO - Started process (PID=250) to work on /opt/airflow/dags/main.py
[2026-01-18T10:54:08.200+0000] {processor.py:830} INFO - Processing file /opt/airflow/dags/main.py for tasks to queue
[2026-01-18T10:54:08.204+0000] {logging_mixin.py:188} INFO - [2026-01-18T10:54:08.203+0000] {dagbag.py:545} INFO - Filling up the DagBag from /opt/airflow/dags/main.py
[2026-01-18T10:54:08.233+0000] {logging_mixin.py:188} INFO - get_playlist_id won't be executed
[2026-01-18T10:54:08.245+0000] {processor.py:840} INFO - DAG(s) 'produce_json' retrieved from /opt/airflow/dags/main.py
[2026-01-18T10:54:08.280+0000] {logging_mixin.py:188} INFO - [2026-01-18T10:54:08.279+0000] {dag.py:3096} INFO - Sync 1 DAGs
[2026-01-18T10:54:08.300+0000] {logging_mixin.py:188} INFO - [2026-01-18T10:54:08.300+0000] {dag.py:3954} INFO - Setting next_dagrun for produce_json to 2026-01-17 13:00:00+00:00, run_after=2026-01-18 13:00:00+00:00
[2026-01-18T10:54:08.313+0000] {processor.py:183} INFO - Processing /opt/airflow/dags/main.py took 0.126 seconds
[2026-01-18T10:54:38.552+0000] {processor.py:161} INFO - Started process (PID=257) to work on /opt/airflow/dags/main.py
[2026-01-18T10:54:38.554+0000] {processor.py:830} INFO - Processing file /opt/airflow/dags/main.py for tasks to queue
[2026-01-18T10:54:38.558+0000] {logging_mixin.py:188} INFO - [2026-01-18T10:54:38.557+0000] {dagbag.py:545} INFO - Filling up the DagBag from /opt/airflow/dags/main.py
[2026-01-18T10:54:38.587+0000] {logging_mixin.py:188} INFO - get_playlist_id won't be executed
[2026-01-18T10:54:38.597+0000] {processor.py:840} INFO - DAG(s) 'produce_json' retrieved from /opt/airflow/dags/main.py
[2026-01-18T10:54:38.628+0000] {logging_mixin.py:188} INFO - [2026-01-18T10:54:38.627+0000] {dag.py:3096} INFO - Sync 1 DAGs
[2026-01-18T10:54:38.648+0000] {logging_mixin.py:188} INFO - [2026-01-18T10:54:38.648+0000] {dag.py:3954} INFO - Setting next_dagrun for produce_json to 2026-01-17 13:00:00+00:00, run_after=2026-01-18 13:00:00+00:00
[2026-01-18T10:54:38.663+0000] {processor.py:183} INFO - Processing /opt/airflow/dags/main.py took 0.121 seconds
[2026-01-18T10:55:08.843+0000] {processor.py:161} INFO - Started process (PID=264) to work on /opt/airflow/dags/main.py
[2026-01-18T10:55:08.845+0000] {processor.py:830} INFO - Processing file /opt/airflow/dags/main.py for tasks to queue
[2026-01-18T10:55:08.849+0000] {logging_mixin.py:188} INFO - [2026-01-18T10:55:08.848+0000] {dagbag.py:545} INFO - Filling up the DagBag from /opt/airflow/dags/main.py
[2026-01-18T10:55:08.877+0000] {logging_mixin.py:188} INFO - get_playlist_id won't be executed
[2026-01-18T10:55:08.889+0000] {processor.py:840} INFO - DAG(s) 'produce_json' retrieved from /opt/airflow/dags/main.py
[2026-01-18T10:55:08.928+0000] {logging_mixin.py:188} INFO - [2026-01-18T10:55:08.928+0000] {dag.py:3096} INFO - Sync 1 DAGs
[2026-01-18T10:55:08.949+0000] {logging_mixin.py:188} INFO - [2026-01-18T10:55:08.949+0000] {dag.py:3954} INFO - Setting next_dagrun for produce_json to 2026-01-17 13:00:00+00:00, run_after=2026-01-18 13:00:00+00:00
[2026-01-18T10:55:08.962+0000] {processor.py:183} INFO - Processing /opt/airflow/dags/main.py took 0.135 seconds
[2026-01-18T10:55:39.225+0000] {processor.py:161} INFO - Started process (PID=271) to work on /opt/airflow/dags/main.py
[2026-01-18T10:55:39.226+0000] {processor.py:830} INFO - Processing file /opt/airflow/dags/main.py for tasks to queue
[2026-01-18T10:55:39.229+0000] {logging_mixin.py:188} INFO - [2026-01-18T10:55:39.228+0000] {dagbag.py:545} INFO - Filling up the DagBag from /opt/airflow/dags/main.py
[2026-01-18T10:55:39.261+0000] {logging_mixin.py:188} INFO - get_playlist_id won't be executed
[2026-01-18T10:55:39.275+0000] {processor.py:840} INFO - DAG(s) 'produce_json' retrieved from /opt/airflow/dags/main.py
[2026-01-18T10:55:39.311+0000] {logging_mixin.py:188} INFO - [2026-01-18T10:55:39.311+0000] {dag.py:3096} INFO - Sync 1 DAGs
[2026-01-18T10:55:39.332+0000] {logging_mixin.py:188} INFO - [2026-01-18T10:55:39.332+0000] {dag.py:3954} INFO - Setting next_dagrun for produce_json to 2026-01-17 13:00:00+00:00, run_after=2026-01-18 13:00:00+00:00
[2026-01-18T10:55:39.349+0000] {processor.py:183} INFO - Processing /opt/airflow/dags/main.py took 0.134 seconds
[2026-01-18T10:56:09.507+0000] {processor.py:161} INFO - Started process (PID=278) to work on /opt/airflow/dags/main.py
[2026-01-18T10:56:09.508+0000] {processor.py:830} INFO - Processing file /opt/airflow/dags/main.py for tasks to queue
[2026-01-18T10:56:09.511+0000] {logging_mixin.py:188} INFO - [2026-01-18T10:56:09.510+0000] {dagbag.py:545} INFO - Filling up the DagBag from /opt/airflow/dags/main.py
[2026-01-18T10:56:09.537+0000] {logging_mixin.py:188} INFO - get_playlist_id won't be executed
[2026-01-18T10:56:09.552+0000] {processor.py:840} INFO - DAG(s) 'produce_json' retrieved from /opt/airflow/dags/main.py
[2026-01-18T10:56:09.591+0000] {logging_mixin.py:188} INFO - [2026-01-18T10:56:09.591+0000] {dag.py:3096} INFO - Sync 1 DAGs
[2026-01-18T10:56:09.615+0000] {logging_mixin.py:188} INFO - [2026-01-18T10:56:09.615+0000] {dag.py:3954} INFO - Setting next_dagrun for produce_json to 2026-01-17 13:00:00+00:00, run_after=2026-01-18 13:00:00+00:00
[2026-01-18T10:56:09.630+0000] {processor.py:183} INFO - Processing /opt/airflow/dags/main.py took 0.131 seconds
[2026-01-18T10:56:39.864+0000] {processor.py:161} INFO - Started process (PID=285) to work on /opt/airflow/dags/main.py
[2026-01-18T10:56:39.866+0000] {processor.py:830} INFO - Processing file /opt/airflow/dags/main.py for tasks to queue
[2026-01-18T10:56:39.869+0000] {logging_mixin.py:188} INFO - [2026-01-18T10:56:39.869+0000] {dagbag.py:545} INFO - Filling up the DagBag from /opt/airflow/dags/main.py
[2026-01-18T10:56:39.908+0000] {logging_mixin.py:188} INFO - get_playlist_id won't be executed
[2026-01-18T10:56:39.916+0000] {processor.py:840} INFO - DAG(s) 'produce_json' retrieved from /opt/airflow/dags/main.py
[2026-01-18T10:56:39.946+0000] {logging_mixin.py:188} INFO - [2026-01-18T10:56:39.946+0000] {dag.py:3096} INFO - Sync 1 DAGs
[2026-01-18T10:56:39.964+0000] {logging_mixin.py:188} INFO - [2026-01-18T10:56:39.964+0000] {dag.py:3954} INFO - Setting next_dagrun for produce_json to 2026-01-17 13:00:00+00:00, run_after=2026-01-18 13:00:00+00:00
[2026-01-18T10:56:39.975+0000] {processor.py:183} INFO - Processing /opt/airflow/dags/main.py took 0.121 seconds
[2026-01-18T10:57:10.140+0000] {processor.py:161} INFO - Started process (PID=292) to work on /opt/airflow/dags/main.py
[2026-01-18T10:57:10.143+0000] {processor.py:830} INFO - Processing file /opt/airflow/dags/main.py for tasks to queue
[2026-01-18T10:57:10.146+0000] {logging_mixin.py:188} INFO - [2026-01-18T10:57:10.146+0000] {dagbag.py:545} INFO - Filling up the DagBag from /opt/airflow/dags/main.py
[2026-01-18T10:57:10.173+0000] {logging_mixin.py:188} INFO - get_playlist_id won't be executed
[2026-01-18T10:57:10.181+0000] {processor.py:840} INFO - DAG(s) 'produce_json' retrieved from /opt/airflow/dags/main.py
[2026-01-18T10:57:10.209+0000] {logging_mixin.py:188} INFO - [2026-01-18T10:57:10.209+0000] {dag.py:3096} INFO - Sync 1 DAGs
[2026-01-18T10:57:10.231+0000] {logging_mixin.py:188} INFO - [2026-01-18T10:57:10.231+0000] {dag.py:3954} INFO - Setting next_dagrun for produce_json to 2026-01-17 13:00:00+00:00, run_after=2026-01-18 13:00:00+00:00
[2026-01-18T10:57:10.244+0000] {processor.py:183} INFO - Processing /opt/airflow/dags/main.py took 0.114 seconds
[2026-01-18T10:57:40.518+0000] {processor.py:161} INFO - Started process (PID=299) to work on /opt/airflow/dags/main.py
[2026-01-18T10:57:40.519+0000] {processor.py:830} INFO - Processing file /opt/airflow/dags/main.py for tasks to queue
[2026-01-18T10:57:40.522+0000] {logging_mixin.py:188} INFO - [2026-01-18T10:57:40.521+0000] {dagbag.py:545} INFO - Filling up the DagBag from /opt/airflow/dags/main.py
[2026-01-18T10:57:40.548+0000] {logging_mixin.py:188} INFO - get_playlist_id won't be executed
[2026-01-18T10:57:40.561+0000] {processor.py:840} INFO - DAG(s) 'produce_json' retrieved from /opt/airflow/dags/main.py
[2026-01-18T10:57:40.596+0000] {logging_mixin.py:188} INFO - [2026-01-18T10:57:40.596+0000] {dag.py:3096} INFO - Sync 1 DAGs
[2026-01-18T10:57:40.616+0000] {logging_mixin.py:188} INFO - [2026-01-18T10:57:40.616+0000] {dag.py:3954} INFO - Setting next_dagrun for produce_json to 2026-01-17 13:00:00+00:00, run_after=2026-01-18 13:00:00+00:00
[2026-01-18T10:57:40.628+0000] {processor.py:183} INFO - Processing /opt/airflow/dags/main.py took 0.118 seconds
[2026-01-18T10:58:10.817+0000] {processor.py:161} INFO - Started process (PID=306) to work on /opt/airflow/dags/main.py
[2026-01-18T10:58:10.820+0000] {processor.py:830} INFO - Processing file /opt/airflow/dags/main.py for tasks to queue
[2026-01-18T10:58:10.823+0000] {logging_mixin.py:188} INFO - [2026-01-18T10:58:10.822+0000] {dagbag.py:545} INFO - Filling up the DagBag from /opt/airflow/dags/main.py
[2026-01-18T10:58:10.852+0000] {logging_mixin.py:188} INFO - get_playlist_id won't be executed
[2026-01-18T10:58:10.862+0000] {processor.py:840} INFO - DAG(s) 'produce_json' retrieved from /opt/airflow/dags/main.py
[2026-01-18T10:58:10.894+0000] {logging_mixin.py:188} INFO - [2026-01-18T10:58:10.894+0000] {dag.py:3096} INFO - Sync 1 DAGs
[2026-01-18T10:58:10.916+0000] {logging_mixin.py:188} INFO - [2026-01-18T10:58:10.915+0000] {dag.py:3954} INFO - Setting next_dagrun for produce_json to 2026-01-17 13:00:00+00:00, run_after=2026-01-18 13:00:00+00:00
[2026-01-18T10:58:10.931+0000] {processor.py:183} INFO - Processing /opt/airflow/dags/main.py took 0.124 seconds
[2026-01-18T10:58:41.256+0000] {processor.py:161} INFO - Started process (PID=313) to work on /opt/airflow/dags/main.py
[2026-01-18T10:58:41.258+0000] {processor.py:830} INFO - Processing file /opt/airflow/dags/main.py for tasks to queue
[2026-01-18T10:58:41.261+0000] {logging_mixin.py:188} INFO - [2026-01-18T10:58:41.261+0000] {dagbag.py:545} INFO - Filling up the DagBag from /opt/airflow/dags/main.py
[2026-01-18T10:58:41.293+0000] {logging_mixin.py:188} INFO - get_playlist_id won't be executed
[2026-01-18T10:58:41.302+0000] {processor.py:840} INFO - DAG(s) 'produce_json' retrieved from /opt/airflow/dags/main.py
[2026-01-18T10:58:41.335+0000] {logging_mixin.py:188} INFO - [2026-01-18T10:58:41.335+0000] {dag.py:3096} INFO - Sync 1 DAGs
[2026-01-18T10:58:41.358+0000] {logging_mixin.py:188} INFO - [2026-01-18T10:58:41.357+0000] {dag.py:3954} INFO - Setting next_dagrun for produce_json to 2026-01-17 13:00:00+00:00, run_after=2026-01-18 13:00:00+00:00
[2026-01-18T10:58:41.372+0000] {processor.py:183} INFO - Processing /opt/airflow/dags/main.py took 0.124 seconds
[2026-01-18T10:59:11.526+0000] {processor.py:161} INFO - Started process (PID=320) to work on /opt/airflow/dags/main.py
[2026-01-18T10:59:11.528+0000] {processor.py:830} INFO - Processing file /opt/airflow/dags/main.py for tasks to queue
[2026-01-18T10:59:11.530+0000] {logging_mixin.py:188} INFO - [2026-01-18T10:59:11.530+0000] {dagbag.py:545} INFO - Filling up the DagBag from /opt/airflow/dags/main.py
[2026-01-18T10:59:11.546+0000] {logging_mixin.py:188} INFO - get_playlist_id won't be executed
[2026-01-18T10:59:11.552+0000] {processor.py:840} INFO - DAG(s) 'produce_json' retrieved from /opt/airflow/dags/main.py
[2026-01-18T10:59:11.575+0000] {logging_mixin.py:188} INFO - [2026-01-18T10:59:11.574+0000] {dag.py:3096} INFO - Sync 1 DAGs
[2026-01-18T10:59:11.591+0000] {logging_mixin.py:188} INFO - [2026-01-18T10:59:11.591+0000] {dag.py:3954} INFO - Setting next_dagrun for produce_json to 2026-01-17 13:00:00+00:00, run_after=2026-01-18 13:00:00+00:00
[2026-01-18T10:59:11.602+0000] {processor.py:183} INFO - Processing /opt/airflow/dags/main.py took 0.084 seconds
[2026-01-18T10:59:41.820+0000] {processor.py:161} INFO - Started process (PID=327) to work on /opt/airflow/dags/main.py
[2026-01-18T10:59:41.821+0000] {processor.py:830} INFO - Processing file /opt/airflow/dags/main.py for tasks to queue
[2026-01-18T10:59:41.823+0000] {logging_mixin.py:188} INFO - [2026-01-18T10:59:41.823+0000] {dagbag.py:545} INFO - Filling up the DagBag from /opt/airflow/dags/main.py
[2026-01-18T10:59:41.855+0000] {logging_mixin.py:188} INFO - get_playlist_id won't be executed
[2026-01-18T10:59:41.863+0000] {processor.py:840} INFO - DAG(s) 'produce_json' retrieved from /opt/airflow/dags/main.py
[2026-01-18T10:59:41.890+0000] {logging_mixin.py:188} INFO - [2026-01-18T10:59:41.890+0000] {dag.py:3096} INFO - Sync 1 DAGs
[2026-01-18T10:59:41.910+0000] {logging_mixin.py:188} INFO - [2026-01-18T10:59:41.910+0000] {dag.py:3954} INFO - Setting next_dagrun for produce_json to 2026-01-17 13:00:00+00:00, run_after=2026-01-18 13:00:00+00:00
[2026-01-18T10:59:41.923+0000] {processor.py:183} INFO - Processing /opt/airflow/dags/main.py took 0.109 seconds
[2026-01-18T11:00:12.151+0000] {processor.py:161} INFO - Started process (PID=334) to work on /opt/airflow/dags/main.py
[2026-01-18T11:00:12.153+0000] {processor.py:830} INFO - Processing file /opt/airflow/dags/main.py for tasks to queue
[2026-01-18T11:00:12.158+0000] {logging_mixin.py:188} INFO - [2026-01-18T11:00:12.158+0000] {dagbag.py:545} INFO - Filling up the DagBag from /opt/airflow/dags/main.py
[2026-01-18T11:00:12.196+0000] {logging_mixin.py:188} INFO - get_playlist_id won't be executed
[2026-01-18T11:00:12.211+0000] {processor.py:840} INFO - DAG(s) 'produce_json' retrieved from /opt/airflow/dags/main.py
[2026-01-18T11:00:12.245+0000] {logging_mixin.py:188} INFO - [2026-01-18T11:00:12.245+0000] {dag.py:3096} INFO - Sync 1 DAGs
[2026-01-18T11:00:12.275+0000] {logging_mixin.py:188} INFO - [2026-01-18T11:00:12.275+0000] {dag.py:3954} INFO - Setting next_dagrun for produce_json to 2026-01-17 13:00:00+00:00, run_after=2026-01-18 13:00:00+00:00
[2026-01-18T11:00:12.292+0000] {processor.py:183} INFO - Processing /opt/airflow/dags/main.py took 0.151 seconds
[2026-01-18T11:00:42.511+0000] {processor.py:161} INFO - Started process (PID=341) to work on /opt/airflow/dags/main.py
[2026-01-18T11:00:42.514+0000] {processor.py:830} INFO - Processing file /opt/airflow/dags/main.py for tasks to queue
[2026-01-18T11:00:42.516+0000] {logging_mixin.py:188} INFO - [2026-01-18T11:00:42.516+0000] {dagbag.py:545} INFO - Filling up the DagBag from /opt/airflow/dags/main.py
[2026-01-18T11:00:42.550+0000] {logging_mixin.py:188} INFO - get_playlist_id won't be executed
[2026-01-18T11:00:42.561+0000] {processor.py:840} INFO - DAG(s) 'produce_json' retrieved from /opt/airflow/dags/main.py
[2026-01-18T11:00:42.599+0000] {logging_mixin.py:188} INFO - [2026-01-18T11:00:42.599+0000] {dag.py:3096} INFO - Sync 1 DAGs
[2026-01-18T11:00:42.623+0000] {logging_mixin.py:188} INFO - [2026-01-18T11:00:42.623+0000] {dag.py:3954} INFO - Setting next_dagrun for produce_json to 2026-01-17 13:00:00+00:00, run_after=2026-01-18 13:00:00+00:00
[2026-01-18T11:00:42.637+0000] {processor.py:183} INFO - Processing /opt/airflow/dags/main.py took 0.134 seconds
[2026-01-18T11:01:12.853+0000] {processor.py:161} INFO - Started process (PID=348) to work on /opt/airflow/dags/main.py
[2026-01-18T11:01:12.855+0000] {processor.py:830} INFO - Processing file /opt/airflow/dags/main.py for tasks to queue
[2026-01-18T11:01:12.857+0000] {logging_mixin.py:188} INFO - [2026-01-18T11:01:12.857+0000] {dagbag.py:545} INFO - Filling up the DagBag from /opt/airflow/dags/main.py
[2026-01-18T11:01:12.881+0000] {logging_mixin.py:188} INFO - get_playlist_id won't be executed
[2026-01-18T11:01:12.888+0000] {processor.py:840} INFO - DAG(s) 'produce_json' retrieved from /opt/airflow/dags/main.py
[2026-01-18T11:01:12.910+0000] {logging_mixin.py:188} INFO - [2026-01-18T11:01:12.910+0000] {dag.py:3096} INFO - Sync 1 DAGs
[2026-01-18T11:01:12.925+0000] {logging_mixin.py:188} INFO - [2026-01-18T11:01:12.925+0000] {dag.py:3954} INFO - Setting next_dagrun for produce_json to 2026-01-17 13:00:00+00:00, run_after=2026-01-18 13:00:00+00:00
[2026-01-18T11:01:12.937+0000] {processor.py:183} INFO - Processing /opt/airflow/dags/main.py took 0.092 seconds
[2026-01-18T11:01:43.137+0000] {processor.py:161} INFO - Started process (PID=355) to work on /opt/airflow/dags/main.py
[2026-01-18T11:01:43.138+0000] {processor.py:830} INFO - Processing file /opt/airflow/dags/main.py for tasks to queue
[2026-01-18T11:01:43.146+0000] {logging_mixin.py:188} INFO - [2026-01-18T11:01:43.146+0000] {dagbag.py:545} INFO - Filling up the DagBag from /opt/airflow/dags/main.py
[2026-01-18T11:01:43.183+0000] {logging_mixin.py:188} INFO - get_playlist_id won't be executed
[2026-01-18T11:01:43.198+0000] {processor.py:840} INFO - DAG(s) 'produce_json' retrieved from /opt/airflow/dags/main.py
[2026-01-18T11:01:43.241+0000] {logging_mixin.py:188} INFO - [2026-01-18T11:01:43.241+0000] {dag.py:3096} INFO - Sync 1 DAGs
[2026-01-18T11:01:43.268+0000] {logging_mixin.py:188} INFO - [2026-01-18T11:01:43.268+0000] {dag.py:3954} INFO - Setting next_dagrun for produce_json to 2026-01-17 13:00:00+00:00, run_after=2026-01-18 13:00:00+00:00
[2026-01-18T11:01:43.285+0000] {processor.py:183} INFO - Processing /opt/airflow/dags/main.py took 0.157 seconds
[2026-01-18T11:02:13.467+0000] {processor.py:161} INFO - Started process (PID=362) to work on /opt/airflow/dags/main.py
[2026-01-18T11:02:13.469+0000] {processor.py:830} INFO - Processing file /opt/airflow/dags/main.py for tasks to queue
[2026-01-18T11:02:13.472+0000] {logging_mixin.py:188} INFO - [2026-01-18T11:02:13.472+0000] {dagbag.py:545} INFO - Filling up the DagBag from /opt/airflow/dags/main.py
[2026-01-18T11:02:13.501+0000] {logging_mixin.py:188} INFO - get_playlist_id won't be executed
[2026-01-18T11:02:13.515+0000] {processor.py:840} INFO - DAG(s) 'produce_json' retrieved from /opt/airflow/dags/main.py
[2026-01-18T11:02:13.552+0000] {logging_mixin.py:188} INFO - [2026-01-18T11:02:13.552+0000] {dag.py:3096} INFO - Sync 1 DAGs
[2026-01-18T11:02:13.578+0000] {logging_mixin.py:188} INFO - [2026-01-18T11:02:13.578+0000] {dag.py:3954} INFO - Setting next_dagrun for produce_json to 2026-01-17 13:00:00+00:00, run_after=2026-01-18 13:00:00+00:00
[2026-01-18T11:02:13.594+0000] {processor.py:183} INFO - Processing /opt/airflow/dags/main.py took 0.142 seconds
[2026-01-18T11:02:43.879+0000] {processor.py:161} INFO - Started process (PID=369) to work on /opt/airflow/dags/main.py
[2026-01-18T11:02:43.880+0000] {processor.py:830} INFO - Processing file /opt/airflow/dags/main.py for tasks to queue
[2026-01-18T11:02:43.884+0000] {logging_mixin.py:188} INFO - [2026-01-18T11:02:43.884+0000] {dagbag.py:545} INFO - Filling up the DagBag from /opt/airflow/dags/main.py
[2026-01-18T11:02:43.919+0000] {logging_mixin.py:188} INFO - get_playlist_id won't be executed
[2026-01-18T11:02:43.931+0000] {processor.py:840} INFO - DAG(s) 'produce_json' retrieved from /opt/airflow/dags/main.py
[2026-01-18T11:02:43.969+0000] {logging_mixin.py:188} INFO - [2026-01-18T11:02:43.969+0000] {dag.py:3096} INFO - Sync 1 DAGs
[2026-01-18T11:02:43.996+0000] {logging_mixin.py:188} INFO - [2026-01-18T11:02:43.996+0000] {dag.py:3954} INFO - Setting next_dagrun for produce_json to 2026-01-17 13:00:00+00:00, run_after=2026-01-18 13:00:00+00:00
[2026-01-18T11:02:44.010+0000] {processor.py:183} INFO - Processing /opt/airflow/dags/main.py took 0.148 seconds
[2026-01-18T11:03:14.124+0000] {processor.py:161} INFO - Started process (PID=376) to work on /opt/airflow/dags/main.py
[2026-01-18T11:03:14.125+0000] {processor.py:830} INFO - Processing file /opt/airflow/dags/main.py for tasks to queue
[2026-01-18T11:03:14.127+0000] {logging_mixin.py:188} INFO - [2026-01-18T11:03:14.127+0000] {dagbag.py:545} INFO - Filling up the DagBag from /opt/airflow/dags/main.py
[2026-01-18T11:03:14.145+0000] {logging_mixin.py:188} INFO - get_playlist_id won't be executed
[2026-01-18T11:03:14.150+0000] {processor.py:840} INFO - DAG(s) 'produce_json' retrieved from /opt/airflow/dags/main.py
[2026-01-18T11:03:14.172+0000] {logging_mixin.py:188} INFO - [2026-01-18T11:03:14.172+0000] {dag.py:3096} INFO - Sync 1 DAGs
[2026-01-18T11:03:14.191+0000] {logging_mixin.py:188} INFO - [2026-01-18T11:03:14.191+0000] {dag.py:3954} INFO - Setting next_dagrun for produce_json to 2026-01-17 13:00:00+00:00, run_after=2026-01-18 13:00:00+00:00
[2026-01-18T11:03:14.204+0000] {processor.py:183} INFO - Processing /opt/airflow/dags/main.py took 0.091 seconds
[2026-01-18T11:03:44.431+0000] {processor.py:161} INFO - Started process (PID=383) to work on /opt/airflow/dags/main.py
[2026-01-18T11:03:44.432+0000] {processor.py:830} INFO - Processing file /opt/airflow/dags/main.py for tasks to queue
[2026-01-18T11:03:44.438+0000] {logging_mixin.py:188} INFO - [2026-01-18T11:03:44.438+0000] {dagbag.py:545} INFO - Filling up the DagBag from /opt/airflow/dags/main.py
[2026-01-18T11:03:44.468+0000] {logging_mixin.py:188} INFO - get_playlist_id won't be executed
[2026-01-18T11:03:44.478+0000] {processor.py:840} INFO - DAG(s) 'produce_json' retrieved from /opt/airflow/dags/main.py
[2026-01-18T11:03:44.514+0000] {logging_mixin.py:188} INFO - [2026-01-18T11:03:44.514+0000] {dag.py:3096} INFO - Sync 1 DAGs
[2026-01-18T11:03:44.539+0000] {logging_mixin.py:188} INFO - [2026-01-18T11:03:44.539+0000] {dag.py:3954} INFO - Setting next_dagrun for produce_json to 2026-01-17 13:00:00+00:00, run_after=2026-01-18 13:00:00+00:00
[2026-01-18T11:03:44.553+0000] {processor.py:183} INFO - Processing /opt/airflow/dags/main.py took 0.140 seconds
[2026-01-18T11:04:14.734+0000] {processor.py:161} INFO - Started process (PID=391) to work on /opt/airflow/dags/main.py
[2026-01-18T11:04:14.736+0000] {processor.py:830} INFO - Processing file /opt/airflow/dags/main.py for tasks to queue
[2026-01-18T11:04:14.740+0000] {logging_mixin.py:188} INFO - [2026-01-18T11:04:14.740+0000] {dagbag.py:545} INFO - Filling up the DagBag from /opt/airflow/dags/main.py
[2026-01-18T11:04:14.771+0000] {logging_mixin.py:188} INFO - get_playlist_id won't be executed
[2026-01-18T11:04:14.786+0000] {processor.py:840} INFO - DAG(s) 'produce_json' retrieved from /opt/airflow/dags/main.py
[2026-01-18T11:04:14.822+0000] {logging_mixin.py:188} INFO - [2026-01-18T11:04:14.822+0000] {dag.py:3096} INFO - Sync 1 DAGs
[2026-01-18T11:04:14.845+0000] {logging_mixin.py:188} INFO - [2026-01-18T11:04:14.845+0000] {dag.py:3954} INFO - Setting next_dagrun for produce_json to 2026-01-17 13:00:00+00:00, run_after=2026-01-18 13:00:00+00:00
[2026-01-18T11:04:14.863+0000] {processor.py:183} INFO - Processing /opt/airflow/dags/main.py took 0.139 seconds
[2026-01-18T11:04:45.147+0000] {processor.py:161} INFO - Started process (PID=398) to work on /opt/airflow/dags/main.py
[2026-01-18T11:04:45.149+0000] {processor.py:830} INFO - Processing file /opt/airflow/dags/main.py for tasks to queue
[2026-01-18T11:04:45.153+0000] {logging_mixin.py:188} INFO - [2026-01-18T11:04:45.152+0000] {dagbag.py:545} INFO - Filling up the DagBag from /opt/airflow/dags/main.py
[2026-01-18T11:04:45.188+0000] {logging_mixin.py:188} INFO - get_playlist_id won't be executed
[2026-01-18T11:04:45.207+0000] {processor.py:840} INFO - DAG(s) 'produce_json' retrieved from /opt/airflow/dags/main.py
[2026-01-18T11:04:45.242+0000] {logging_mixin.py:188} INFO - [2026-01-18T11:04:45.242+0000] {dag.py:3096} INFO - Sync 1 DAGs
[2026-01-18T11:04:45.267+0000] {logging_mixin.py:188} INFO - [2026-01-18T11:04:45.267+0000] {dag.py:3954} INFO - Setting next_dagrun for produce_json to 2026-01-17 13:00:00+00:00, run_after=2026-01-18 13:00:00+00:00
[2026-01-18T11:04:45.281+0000] {processor.py:183} INFO - Processing /opt/airflow/dags/main.py took 0.149 seconds
[2026-01-18T11:05:15.466+0000] {processor.py:161} INFO - Started process (PID=405) to work on /opt/airflow/dags/main.py
[2026-01-18T11:05:15.470+0000] {processor.py:830} INFO - Processing file /opt/airflow/dags/main.py for tasks to queue
[2026-01-18T11:05:15.476+0000] {logging_mixin.py:188} INFO - [2026-01-18T11:05:15.476+0000] {dagbag.py:545} INFO - Filling up the DagBag from /opt/airflow/dags/main.py
[2026-01-18T11:05:15.512+0000] {logging_mixin.py:188} INFO - get_playlist_id won't be executed
[2026-01-18T11:05:15.520+0000] {processor.py:840} INFO - DAG(s) 'produce_json' retrieved from /opt/airflow/dags/main.py
[2026-01-18T11:05:15.557+0000] {logging_mixin.py:188} INFO - [2026-01-18T11:05:15.557+0000] {dag.py:3096} INFO - Sync 1 DAGs
[2026-01-18T11:05:15.581+0000] {logging_mixin.py:188} INFO - [2026-01-18T11:05:15.581+0000] {dag.py:3954} INFO - Setting next_dagrun for produce_json to 2026-01-17 13:00:00+00:00, run_after=2026-01-18 13:00:00+00:00
[2026-01-18T11:05:15.594+0000] {processor.py:183} INFO - Processing /opt/airflow/dags/main.py took 0.149 seconds
[2026-01-18T11:05:45.891+0000] {processor.py:161} INFO - Started process (PID=412) to work on /opt/airflow/dags/main.py
[2026-01-18T11:05:45.892+0000] {processor.py:830} INFO - Processing file /opt/airflow/dags/main.py for tasks to queue
[2026-01-18T11:05:45.896+0000] {logging_mixin.py:188} INFO - [2026-01-18T11:05:45.895+0000] {dagbag.py:545} INFO - Filling up the DagBag from /opt/airflow/dags/main.py
[2026-01-18T11:05:45.920+0000] {logging_mixin.py:188} INFO - get_playlist_id won't be executed
[2026-01-18T11:05:45.929+0000] {processor.py:840} INFO - DAG(s) 'produce_json' retrieved from /opt/airflow/dags/main.py
[2026-01-18T11:05:45.961+0000] {logging_mixin.py:188} INFO - [2026-01-18T11:05:45.961+0000] {dag.py:3096} INFO - Sync 1 DAGs
[2026-01-18T11:05:45.979+0000] {logging_mixin.py:188} INFO - [2026-01-18T11:05:45.979+0000] {dag.py:3954} INFO - Setting next_dagrun for produce_json to 2026-01-17 13:00:00+00:00, run_after=2026-01-18 13:00:00+00:00
[2026-01-18T11:05:45.990+0000] {processor.py:183} INFO - Processing /opt/airflow/dags/main.py took 0.108 seconds
[2026-01-18T11:06:16.166+0000] {processor.py:161} INFO - Started process (PID=419) to work on /opt/airflow/dags/main.py
[2026-01-18T11:06:16.170+0000] {processor.py:830} INFO - Processing file /opt/airflow/dags/main.py for tasks to queue
[2026-01-18T11:06:16.173+0000] {logging_mixin.py:188} INFO - [2026-01-18T11:06:16.173+0000] {dagbag.py:545} INFO - Filling up the DagBag from /opt/airflow/dags/main.py
[2026-01-18T11:06:16.210+0000] {logging_mixin.py:188} INFO - get_playlist_id won't be executed
[2026-01-18T11:06:16.218+0000] {processor.py:840} INFO - DAG(s) 'produce_json' retrieved from /opt/airflow/dags/main.py
[2026-01-18T11:06:16.261+0000] {logging_mixin.py:188} INFO - [2026-01-18T11:06:16.261+0000] {dag.py:3096} INFO - Sync 1 DAGs
[2026-01-18T11:06:16.286+0000] {logging_mixin.py:188} INFO - [2026-01-18T11:06:16.286+0000] {dag.py:3954} INFO - Setting next_dagrun for produce_json to 2026-01-17 13:00:00+00:00, run_after=2026-01-18 13:00:00+00:00
[2026-01-18T11:06:16.300+0000] {processor.py:183} INFO - Processing /opt/airflow/dags/main.py took 0.143 seconds
[2026-01-18T11:06:46.565+0000] {processor.py:161} INFO - Started process (PID=426) to work on /opt/airflow/dags/main.py
[2026-01-18T11:06:46.568+0000] {processor.py:830} INFO - Processing file /opt/airflow/dags/main.py for tasks to queue
[2026-01-18T11:06:46.572+0000] {logging_mixin.py:188} INFO - [2026-01-18T11:06:46.572+0000] {dagbag.py:545} INFO - Filling up the DagBag from /opt/airflow/dags/main.py
[2026-01-18T11:06:46.604+0000] {logging_mixin.py:188} INFO - get_playlist_id won't be executed
[2026-01-18T11:06:46.615+0000] {processor.py:840} INFO - DAG(s) 'produce_json' retrieved from /opt/airflow/dags/main.py
[2026-01-18T11:06:46.644+0000] {logging_mixin.py:188} INFO - [2026-01-18T11:06:46.644+0000] {dag.py:3096} INFO - Sync 1 DAGs
[2026-01-18T11:06:46.665+0000] {logging_mixin.py:188} INFO - [2026-01-18T11:06:46.665+0000] {dag.py:3954} INFO - Setting next_dagrun for produce_json to 2026-01-17 13:00:00+00:00, run_after=2026-01-18 13:00:00+00:00
[2026-01-18T11:06:46.684+0000] {processor.py:183} INFO - Processing /opt/airflow/dags/main.py took 0.131 seconds
[2026-01-18T11:07:16.845+0000] {processor.py:161} INFO - Started process (PID=433) to work on /opt/airflow/dags/main.py
[2026-01-18T11:07:16.847+0000] {processor.py:830} INFO - Processing file /opt/airflow/dags/main.py for tasks to queue
[2026-01-18T11:07:16.849+0000] {logging_mixin.py:188} INFO - [2026-01-18T11:07:16.848+0000] {dagbag.py:545} INFO - Filling up the DagBag from /opt/airflow/dags/main.py
[2026-01-18T11:07:16.866+0000] {logging_mixin.py:188} INFO - get_playlist_id won't be executed
[2026-01-18T11:07:16.875+0000] {processor.py:840} INFO - DAG(s) 'produce_json' retrieved from /opt/airflow/dags/main.py
[2026-01-18T11:07:16.896+0000] {logging_mixin.py:188} INFO - [2026-01-18T11:07:16.896+0000] {dag.py:3096} INFO - Sync 1 DAGs
[2026-01-18T11:07:16.913+0000] {logging_mixin.py:188} INFO - [2026-01-18T11:07:16.913+0000] {dag.py:3954} INFO - Setting next_dagrun for produce_json to 2026-01-17 13:00:00+00:00, run_after=2026-01-18 13:00:00+00:00
[2026-01-18T11:07:16.927+0000] {processor.py:183} INFO - Processing /opt/airflow/dags/main.py took 0.090 seconds
[2026-01-18T11:07:47.305+0000] {processor.py:161} INFO - Started process (PID=440) to work on /opt/airflow/dags/main.py
[2026-01-18T11:07:47.307+0000] {processor.py:830} INFO - Processing file /opt/airflow/dags/main.py for tasks to queue
[2026-01-18T11:07:47.310+0000] {logging_mixin.py:188} INFO - [2026-01-18T11:07:47.309+0000] {dagbag.py:545} INFO - Filling up the DagBag from /opt/airflow/dags/main.py
[2026-01-18T11:07:47.339+0000] {logging_mixin.py:188} INFO - get_playlist_id won't be executed
[2026-01-18T11:07:47.349+0000] {processor.py:840} INFO - DAG(s) 'produce_json' retrieved from /opt/airflow/dags/main.py
[2026-01-18T11:07:47.392+0000] {logging_mixin.py:188} INFO - [2026-01-18T11:07:47.391+0000] {dag.py:3096} INFO - Sync 1 DAGs
[2026-01-18T11:07:47.416+0000] {logging_mixin.py:188} INFO - [2026-01-18T11:07:47.416+0000] {dag.py:3954} INFO - Setting next_dagrun for produce_json to 2026-01-17 13:00:00+00:00, run_after=2026-01-18 13:00:00+00:00
[2026-01-18T11:07:47.429+0000] {processor.py:183} INFO - Processing /opt/airflow/dags/main.py took 0.139 seconds
[2026-01-18T11:08:17.601+0000] {processor.py:161} INFO - Started process (PID=447) to work on /opt/airflow/dags/main.py
[2026-01-18T11:08:17.604+0000] {processor.py:830} INFO - Processing file /opt/airflow/dags/main.py for tasks to queue
[2026-01-18T11:08:17.606+0000] {logging_mixin.py:188} INFO - [2026-01-18T11:08:17.606+0000] {dagbag.py:545} INFO - Filling up the DagBag from /opt/airflow/dags/main.py
[2026-01-18T11:08:17.626+0000] {logging_mixin.py:188} INFO - get_playlist_id won't be executed
[2026-01-18T11:08:17.633+0000] {processor.py:840} INFO - DAG(s) 'produce_json' retrieved from /opt/airflow/dags/main.py
[2026-01-18T11:08:17.659+0000] {logging_mixin.py:188} INFO - [2026-01-18T11:08:17.659+0000] {dag.py:3096} INFO - Sync 1 DAGs
[2026-01-18T11:08:17.679+0000] {logging_mixin.py:188} INFO - [2026-01-18T11:08:17.679+0000] {dag.py:3954} INFO - Setting next_dagrun for produce_json to 2026-01-17 13:00:00+00:00, run_after=2026-01-18 13:00:00+00:00
[2026-01-18T11:08:17.690+0000] {processor.py:183} INFO - Processing /opt/airflow/dags/main.py took 0.099 seconds
[2026-01-18T11:08:47.981+0000] {processor.py:161} INFO - Started process (PID=454) to work on /opt/airflow/dags/main.py
[2026-01-18T11:08:47.983+0000] {processor.py:830} INFO - Processing file /opt/airflow/dags/main.py for tasks to queue
[2026-01-18T11:08:47.989+0000] {logging_mixin.py:188} INFO - [2026-01-18T11:08:47.989+0000] {dagbag.py:545} INFO - Filling up the DagBag from /opt/airflow/dags/main.py
[2026-01-18T11:08:48.022+0000] {logging_mixin.py:188} INFO - get_playlist_id won't be executed
[2026-01-18T11:08:48.031+0000] {processor.py:840} INFO - DAG(s) 'produce_json' retrieved from /opt/airflow/dags/main.py
[2026-01-18T11:08:48.063+0000] {logging_mixin.py:188} INFO - [2026-01-18T11:08:48.063+0000] {dag.py:3096} INFO - Sync 1 DAGs
[2026-01-18T11:08:48.084+0000] {logging_mixin.py:188} INFO - [2026-01-18T11:08:48.084+0000] {dag.py:3954} INFO - Setting next_dagrun for produce_json to 2026-01-17 13:00:00+00:00, run_after=2026-01-18 13:00:00+00:00
[2026-01-18T11:08:48.096+0000] {processor.py:183} INFO - Processing /opt/airflow/dags/main.py took 0.122 seconds
[2026-01-18T11:09:18.255+0000] {processor.py:161} INFO - Started process (PID=460) to work on /opt/airflow/dags/main.py
[2026-01-18T11:09:18.256+0000] {processor.py:830} INFO - Processing file /opt/airflow/dags/main.py for tasks to queue
[2026-01-18T11:09:18.259+0000] {logging_mixin.py:188} INFO - [2026-01-18T11:09:18.258+0000] {dagbag.py:545} INFO - Filling up the DagBag from /opt/airflow/dags/main.py
[2026-01-18T11:09:18.281+0000] {logging_mixin.py:188} INFO - get_playlist_id won't be executed
[2026-01-18T11:09:18.289+0000] {processor.py:840} INFO - DAG(s) 'produce_json' retrieved from /opt/airflow/dags/main.py
[2026-01-18T11:09:18.320+0000] {logging_mixin.py:188} INFO - [2026-01-18T11:09:18.320+0000] {dag.py:3096} INFO - Sync 1 DAGs
[2026-01-18T11:09:18.343+0000] {logging_mixin.py:188} INFO - [2026-01-18T11:09:18.343+0000] {dag.py:3954} INFO - Setting next_dagrun for produce_json to 2026-01-17 13:00:00+00:00, run_after=2026-01-18 13:00:00+00:00
[2026-01-18T11:09:18.357+0000] {processor.py:183} INFO - Processing /opt/airflow/dags/main.py took 0.110 seconds
[2026-01-18T11:09:48.638+0000] {processor.py:161} INFO - Started process (PID=467) to work on /opt/airflow/dags/main.py
[2026-01-18T11:09:48.639+0000] {processor.py:830} INFO - Processing file /opt/airflow/dags/main.py for tasks to queue
[2026-01-18T11:09:48.644+0000] {logging_mixin.py:188} INFO - [2026-01-18T11:09:48.644+0000] {dagbag.py:545} INFO - Filling up the DagBag from /opt/airflow/dags/main.py
[2026-01-18T11:09:48.677+0000] {logging_mixin.py:188} INFO - get_playlist_id won't be executed
[2026-01-18T11:09:48.692+0000] {processor.py:840} INFO - DAG(s) 'produce_json' retrieved from /opt/airflow/dags/main.py
[2026-01-18T11:09:48.730+0000] {logging_mixin.py:188} INFO - [2026-01-18T11:09:48.730+0000] {dag.py:3096} INFO - Sync 1 DAGs
[2026-01-18T11:09:48.754+0000] {logging_mixin.py:188} INFO - [2026-01-18T11:09:48.754+0000] {dag.py:3954} INFO - Setting next_dagrun for produce_json to 2026-01-17 13:00:00+00:00, run_after=2026-01-18 13:00:00+00:00
[2026-01-18T11:09:48.769+0000] {processor.py:183} INFO - Processing /opt/airflow/dags/main.py took 0.140 seconds
[2026-01-18T11:10:18.894+0000] {processor.py:161} INFO - Started process (PID=474) to work on /opt/airflow/dags/main.py
[2026-01-18T11:10:18.895+0000] {processor.py:830} INFO - Processing file /opt/airflow/dags/main.py for tasks to queue
[2026-01-18T11:10:18.897+0000] {logging_mixin.py:188} INFO - [2026-01-18T11:10:18.897+0000] {dagbag.py:545} INFO - Filling up the DagBag from /opt/airflow/dags/main.py
[2026-01-18T11:10:18.916+0000] {logging_mixin.py:188} INFO - get_playlist_id won't be executed
[2026-01-18T11:10:18.926+0000] {processor.py:840} INFO - DAG(s) 'produce_json' retrieved from /opt/airflow/dags/main.py
[2026-01-18T11:10:18.971+0000] {logging_mixin.py:188} INFO - [2026-01-18T11:10:18.971+0000] {dag.py:3096} INFO - Sync 1 DAGs
[2026-01-18T11:10:18.991+0000] {logging_mixin.py:188} INFO - [2026-01-18T11:10:18.990+0000] {dag.py:3954} INFO - Setting next_dagrun for produce_json to 2026-01-17 13:00:00+00:00, run_after=2026-01-18 13:00:00+00:00
[2026-01-18T11:10:19.012+0000] {processor.py:183} INFO - Processing /opt/airflow/dags/main.py took 0.126 seconds
[2026-01-18T11:10:49.339+0000] {processor.py:161} INFO - Started process (PID=481) to work on /opt/airflow/dags/main.py
[2026-01-18T11:10:49.342+0000] {processor.py:830} INFO - Processing file /opt/airflow/dags/main.py for tasks to queue
[2026-01-18T11:10:49.345+0000] {logging_mixin.py:188} INFO - [2026-01-18T11:10:49.345+0000] {dagbag.py:545} INFO - Filling up the DagBag from /opt/airflow/dags/main.py
[2026-01-18T11:10:49.390+0000] {logging_mixin.py:188} INFO - get_playlist_id won't be executed
[2026-01-18T11:10:49.401+0000] {processor.py:840} INFO - DAG(s) 'produce_json' retrieved from /opt/airflow/dags/main.py
[2026-01-18T11:10:49.439+0000] {logging_mixin.py:188} INFO - [2026-01-18T11:10:49.438+0000] {dag.py:3096} INFO - Sync 1 DAGs
[2026-01-18T11:10:49.499+0000] {logging_mixin.py:188} INFO - [2026-01-18T11:10:49.499+0000] {dag.py:3954} INFO - Setting next_dagrun for produce_json to 2026-01-17 13:00:00+00:00, run_after=2026-01-18 13:00:00+00:00
[2026-01-18T11:10:49.557+0000] {processor.py:183} INFO - Processing /opt/airflow/dags/main.py took 0.232 seconds
[2026-01-18T11:11:19.603+0000] {processor.py:161} INFO - Started process (PID=488) to work on /opt/airflow/dags/main.py
[2026-01-18T11:11:19.606+0000] {processor.py:830} INFO - Processing file /opt/airflow/dags/main.py for tasks to queue
[2026-01-18T11:11:19.609+0000] {logging_mixin.py:188} INFO - [2026-01-18T11:11:19.608+0000] {dagbag.py:545} INFO - Filling up the DagBag from /opt/airflow/dags/main.py
[2026-01-18T11:11:19.640+0000] {logging_mixin.py:188} INFO - get_playlist_id won't be executed
[2026-01-18T11:11:19.650+0000] {processor.py:840} INFO - DAG(s) 'produce_json' retrieved from /opt/airflow/dags/main.py
[2026-01-18T11:11:19.682+0000] {logging_mixin.py:188} INFO - [2026-01-18T11:11:19.682+0000] {dag.py:3096} INFO - Sync 1 DAGs
[2026-01-18T11:11:19.703+0000] {logging_mixin.py:188} INFO - [2026-01-18T11:11:19.703+0000] {dag.py:3954} INFO - Setting next_dagrun for produce_json to 2026-01-17 13:00:00+00:00, run_after=2026-01-18 13:00:00+00:00
[2026-01-18T11:11:19.716+0000] {processor.py:183} INFO - Processing /opt/airflow/dags/main.py took 0.125 seconds
[2026-01-18T11:11:49.895+0000] {processor.py:161} INFO - Started process (PID=495) to work on /opt/airflow/dags/main.py
[2026-01-18T11:11:49.897+0000] {processor.py:830} INFO - Processing file /opt/airflow/dags/main.py for tasks to queue
[2026-01-18T11:11:49.900+0000] {logging_mixin.py:188} INFO - [2026-01-18T11:11:49.900+0000] {dagbag.py:545} INFO - Filling up the DagBag from /opt/airflow/dags/main.py
[2026-01-18T11:11:49.929+0000] {logging_mixin.py:188} INFO - get_playlist_id won't be executed
[2026-01-18T11:11:49.943+0000] {processor.py:840} INFO - DAG(s) 'produce_json' retrieved from /opt/airflow/dags/main.py
[2026-01-18T11:11:50.044+0000] {logging_mixin.py:188} INFO - [2026-01-18T11:11:50.043+0000] {dag.py:3096} INFO - Sync 1 DAGs
[2026-01-18T11:11:50.067+0000] {logging_mixin.py:188} INFO - [2026-01-18T11:11:50.067+0000] {dag.py:3954} INFO - Setting next_dagrun for produce_json to 2026-01-17 13:00:00+00:00, run_after=2026-01-18 13:00:00+00:00
[2026-01-18T11:11:50.081+0000] {processor.py:183} INFO - Processing /opt/airflow/dags/main.py took 0.195 seconds
[2026-01-18T11:12:20.344+0000] {processor.py:161} INFO - Started process (PID=502) to work on /opt/airflow/dags/main.py
[2026-01-18T11:12:20.347+0000] {processor.py:830} INFO - Processing file /opt/airflow/dags/main.py for tasks to queue
[2026-01-18T11:12:20.355+0000] {logging_mixin.py:188} INFO - [2026-01-18T11:12:20.355+0000] {dagbag.py:545} INFO - Filling up the DagBag from /opt/airflow/dags/main.py
[2026-01-18T11:12:20.403+0000] {logging_mixin.py:188} INFO - get_playlist_id won't be executed
[2026-01-18T11:12:20.414+0000] {processor.py:840} INFO - DAG(s) 'produce_json' retrieved from /opt/airflow/dags/main.py
[2026-01-18T11:12:20.465+0000] {logging_mixin.py:188} INFO - [2026-01-18T11:12:20.465+0000] {dag.py:3096} INFO - Sync 1 DAGs
[2026-01-18T11:12:20.490+0000] {logging_mixin.py:188} INFO - [2026-01-18T11:12:20.489+0000] {dag.py:3954} INFO - Setting next_dagrun for produce_json to 2026-01-17 13:00:00+00:00, run_after=2026-01-18 13:00:00+00:00
[2026-01-18T11:12:20.505+0000] {processor.py:183} INFO - Processing /opt/airflow/dags/main.py took 0.178 seconds
[2026-01-18T11:12:50.673+0000] {processor.py:161} INFO - Started process (PID=509) to work on /opt/airflow/dags/main.py
[2026-01-18T11:12:50.675+0000] {processor.py:830} INFO - Processing file /opt/airflow/dags/main.py for tasks to queue
[2026-01-18T11:12:50.678+0000] {logging_mixin.py:188} INFO - [2026-01-18T11:12:50.677+0000] {dagbag.py:545} INFO - Filling up the DagBag from /opt/airflow/dags/main.py
[2026-01-18T11:12:50.710+0000] {logging_mixin.py:188} INFO - get_playlist_id won't be executed
[2026-01-18T11:12:50.733+0000] {processor.py:840} INFO - DAG(s) 'produce_json' retrieved from /opt/airflow/dags/main.py
[2026-01-18T11:12:50.778+0000] {logging_mixin.py:188} INFO - [2026-01-18T11:12:50.778+0000] {dag.py:3096} INFO - Sync 1 DAGs
[2026-01-18T11:12:50.807+0000] {logging_mixin.py:188} INFO - [2026-01-18T11:12:50.807+0000] {dag.py:3954} INFO - Setting next_dagrun for produce_json to 2026-01-17 13:00:00+00:00, run_after=2026-01-18 13:00:00+00:00
[2026-01-18T11:12:50.820+0000] {processor.py:183} INFO - Processing /opt/airflow/dags/main.py took 0.161 seconds
[2026-01-18T11:13:21.080+0000] {processor.py:161} INFO - Started process (PID=516) to work on /opt/airflow/dags/main.py
[2026-01-18T11:13:21.082+0000] {processor.py:830} INFO - Processing file /opt/airflow/dags/main.py for tasks to queue
[2026-01-18T11:13:21.085+0000] {logging_mixin.py:188} INFO - [2026-01-18T11:13:21.085+0000] {dagbag.py:545} INFO - Filling up the DagBag from /opt/airflow/dags/main.py
[2026-01-18T11:13:21.111+0000] {logging_mixin.py:188} INFO - get_playlist_id won't be executed
[2026-01-18T11:13:21.120+0000] {processor.py:840} INFO - DAG(s) 'produce_json' retrieved from /opt/airflow/dags/main.py
[2026-01-18T11:13:21.155+0000] {logging_mixin.py:188} INFO - [2026-01-18T11:13:21.155+0000] {dag.py:3096} INFO - Sync 1 DAGs
[2026-01-18T11:13:21.178+0000] {logging_mixin.py:188} INFO - [2026-01-18T11:13:21.178+0000] {dag.py:3954} INFO - Setting next_dagrun for produce_json to 2026-01-17 13:00:00+00:00, run_after=2026-01-18 13:00:00+00:00
[2026-01-18T11:13:21.195+0000] {processor.py:183} INFO - Processing /opt/airflow/dags/main.py took 0.125 seconds
[2026-01-18T11:13:51.389+0000] {processor.py:161} INFO - Started process (PID=523) to work on /opt/airflow/dags/main.py
[2026-01-18T11:13:51.391+0000] {processor.py:830} INFO - Processing file /opt/airflow/dags/main.py for tasks to queue
[2026-01-18T11:13:51.394+0000] {logging_mixin.py:188} INFO - [2026-01-18T11:13:51.393+0000] {dagbag.py:545} INFO - Filling up the DagBag from /opt/airflow/dags/main.py
[2026-01-18T11:13:51.423+0000] {logging_mixin.py:188} INFO - get_playlist_id won't be executed
[2026-01-18T11:13:51.440+0000] {processor.py:840} INFO - DAG(s) 'produce_json' retrieved from /opt/airflow/dags/main.py
[2026-01-18T11:13:51.477+0000] {logging_mixin.py:188} INFO - [2026-01-18T11:13:51.477+0000] {dag.py:3096} INFO - Sync 1 DAGs
[2026-01-18T11:13:51.502+0000] {logging_mixin.py:188} INFO - [2026-01-18T11:13:51.501+0000] {dag.py:3954} INFO - Setting next_dagrun for produce_json to 2026-01-17 13:00:00+00:00, run_after=2026-01-18 13:00:00+00:00
[2026-01-18T11:13:51.520+0000] {processor.py:183} INFO - Processing /opt/airflow/dags/main.py took 0.150 seconds
[2026-01-18T11:14:21.694+0000] {processor.py:161} INFO - Started process (PID=530) to work on /opt/airflow/dags/main.py
[2026-01-18T11:14:21.697+0000] {processor.py:830} INFO - Processing file /opt/airflow/dags/main.py for tasks to queue
[2026-01-18T11:14:21.698+0000] {logging_mixin.py:188} INFO - [2026-01-18T11:14:21.698+0000] {dagbag.py:545} INFO - Filling up the DagBag from /opt/airflow/dags/main.py
[2026-01-18T11:14:21.719+0000] {logging_mixin.py:188} INFO - get_playlist_id won't be executed
[2026-01-18T11:14:21.725+0000] {processor.py:840} INFO - DAG(s) 'produce_json' retrieved from /opt/airflow/dags/main.py
[2026-01-18T11:14:21.749+0000] {logging_mixin.py:188} INFO - [2026-01-18T11:14:21.749+0000] {dag.py:3096} INFO - Sync 1 DAGs
[2026-01-18T11:14:21.777+0000] {logging_mixin.py:188} INFO - [2026-01-18T11:14:21.777+0000] {dag.py:3954} INFO - Setting next_dagrun for produce_json to 2026-01-17 13:00:00+00:00, run_after=2026-01-18 13:00:00+00:00
[2026-01-18T11:14:21.790+0000] {processor.py:183} INFO - Processing /opt/airflow/dags/main.py took 0.101 seconds
[2026-01-18T11:14:52.128+0000] {processor.py:161} INFO - Started process (PID=537) to work on /opt/airflow/dags/main.py
[2026-01-18T11:14:52.131+0000] {processor.py:830} INFO - Processing file /opt/airflow/dags/main.py for tasks to queue
[2026-01-18T11:14:52.133+0000] {logging_mixin.py:188} INFO - [2026-01-18T11:14:52.133+0000] {dagbag.py:545} INFO - Filling up the DagBag from /opt/airflow/dags/main.py
[2026-01-18T11:14:52.156+0000] {logging_mixin.py:188} INFO - get_playlist_id won't be executed
[2026-01-18T11:14:52.165+0000] {processor.py:840} INFO - DAG(s) 'produce_json' retrieved from /opt/airflow/dags/main.py
[2026-01-18T11:14:52.193+0000] {logging_mixin.py:188} INFO - [2026-01-18T11:14:52.193+0000] {dag.py:3096} INFO - Sync 1 DAGs
[2026-01-18T11:14:52.210+0000] {logging_mixin.py:188} INFO - [2026-01-18T11:14:52.210+0000] {dag.py:3954} INFO - Setting next_dagrun for produce_json to 2026-01-17 13:00:00+00:00, run_after=2026-01-18 13:00:00+00:00
[2026-01-18T11:14:52.224+0000] {processor.py:183} INFO - Processing /opt/airflow/dags/main.py took 0.106 seconds
[2026-01-18T11:15:22.492+0000] {processor.py:161} INFO - Started process (PID=544) to work on /opt/airflow/dags/main.py
[2026-01-18T11:15:22.495+0000] {processor.py:830} INFO - Processing file /opt/airflow/dags/main.py for tasks to queue
[2026-01-18T11:15:22.499+0000] {logging_mixin.py:188} INFO - [2026-01-18T11:15:22.499+0000] {dagbag.py:545} INFO - Filling up the DagBag from /opt/airflow/dags/main.py
[2026-01-18T11:15:22.542+0000] {logging_mixin.py:188} INFO - get_playlist_id won't be executed
[2026-01-18T11:15:22.559+0000] {processor.py:840} INFO - DAG(s) 'produce_json' retrieved from /opt/airflow/dags/main.py
[2026-01-18T11:15:22.594+0000] {logging_mixin.py:188} INFO - [2026-01-18T11:15:22.594+0000] {dag.py:3096} INFO - Sync 1 DAGs
[2026-01-18T11:15:22.615+0000] {logging_mixin.py:188} INFO - [2026-01-18T11:15:22.615+0000] {dag.py:3954} INFO - Setting next_dagrun for produce_json to 2026-01-17 13:00:00+00:00, run_after=2026-01-18 13:00:00+00:00
[2026-01-18T11:15:22.634+0000] {processor.py:183} INFO - Processing /opt/airflow/dags/main.py took 0.164 seconds
[2026-01-18T11:15:52.844+0000] {processor.py:161} INFO - Started process (PID=551) to work on /opt/airflow/dags/main.py
[2026-01-18T11:15:52.845+0000] {processor.py:830} INFO - Processing file /opt/airflow/dags/main.py for tasks to queue
[2026-01-18T11:15:52.848+0000] {logging_mixin.py:188} INFO - [2026-01-18T11:15:52.848+0000] {dagbag.py:545} INFO - Filling up the DagBag from /opt/airflow/dags/main.py
[2026-01-18T11:15:52.878+0000] {logging_mixin.py:188} INFO - get_playlist_id won't be executed
[2026-01-18T11:15:52.887+0000] {processor.py:840} INFO - DAG(s) 'produce_json' retrieved from /opt/airflow/dags/main.py
[2026-01-18T11:15:52.927+0000] {logging_mixin.py:188} INFO - [2026-01-18T11:15:52.927+0000] {dag.py:3096} INFO - Sync 1 DAGs
[2026-01-18T11:15:52.954+0000] {logging_mixin.py:188} INFO - [2026-01-18T11:15:52.954+0000] {dag.py:3954} INFO - Setting next_dagrun for produce_json to 2026-01-17 13:00:00+00:00, run_after=2026-01-18 13:00:00+00:00
[2026-01-18T11:15:52.973+0000] {processor.py:183} INFO - Processing /opt/airflow/dags/main.py took 0.137 seconds
[2026-01-18T11:16:23.091+0000] {processor.py:161} INFO - Started process (PID=558) to work on /opt/airflow/dags/main.py
[2026-01-18T11:16:23.094+0000] {processor.py:830} INFO - Processing file /opt/airflow/dags/main.py for tasks to queue
[2026-01-18T11:16:23.096+0000] {logging_mixin.py:188} INFO - [2026-01-18T11:16:23.096+0000] {dagbag.py:545} INFO - Filling up the DagBag from /opt/airflow/dags/main.py
[2026-01-18T11:16:23.123+0000] {logging_mixin.py:188} INFO - get_playlist_id won't be executed
[2026-01-18T11:16:23.133+0000] {processor.py:840} INFO - DAG(s) 'produce_json' retrieved from /opt/airflow/dags/main.py
[2026-01-18T11:16:23.167+0000] {logging_mixin.py:188} INFO - [2026-01-18T11:16:23.167+0000] {dag.py:3096} INFO - Sync 1 DAGs
[2026-01-18T11:16:23.192+0000] {logging_mixin.py:188} INFO - [2026-01-18T11:16:23.192+0000] {dag.py:3954} INFO - Setting next_dagrun for produce_json to 2026-01-17 13:00:00+00:00, run_after=2026-01-18 13:00:00+00:00
[2026-01-18T11:16:23.205+0000] {processor.py:183} INFO - Processing /opt/airflow/dags/main.py took 0.128 seconds
[2026-01-18T11:16:53.469+0000] {processor.py:161} INFO - Started process (PID=565) to work on /opt/airflow/dags/main.py
[2026-01-18T11:16:53.472+0000] {processor.py:830} INFO - Processing file /opt/airflow/dags/main.py for tasks to queue
[2026-01-18T11:16:53.475+0000] {logging_mixin.py:188} INFO - [2026-01-18T11:16:53.475+0000] {dagbag.py:545} INFO - Filling up the DagBag from /opt/airflow/dags/main.py
[2026-01-18T11:16:53.507+0000] {logging_mixin.py:188} INFO - get_playlist_id won't be executed
[2026-01-18T11:16:53.517+0000] {processor.py:840} INFO - DAG(s) 'produce_json' retrieved from /opt/airflow/dags/main.py
[2026-01-18T11:16:53.549+0000] {logging_mixin.py:188} INFO - [2026-01-18T11:16:53.549+0000] {dag.py:3096} INFO - Sync 1 DAGs
[2026-01-18T11:16:53.574+0000] {logging_mixin.py:188} INFO - [2026-01-18T11:16:53.574+0000] {dag.py:3954} INFO - Setting next_dagrun for produce_json to 2026-01-17 13:00:00+00:00, run_after=2026-01-18 13:00:00+00:00
[2026-01-18T11:16:53.587+0000] {processor.py:183} INFO - Processing /opt/airflow/dags/main.py took 0.125 seconds
[2026-01-18T11:17:23.735+0000] {processor.py:161} INFO - Started process (PID=572) to work on /opt/airflow/dags/main.py
[2026-01-18T11:17:23.737+0000] {processor.py:830} INFO - Processing file /opt/airflow/dags/main.py for tasks to queue
[2026-01-18T11:17:23.742+0000] {logging_mixin.py:188} INFO - [2026-01-18T11:17:23.742+0000] {dagbag.py:545} INFO - Filling up the DagBag from /opt/airflow/dags/main.py
[2026-01-18T11:17:23.776+0000] {logging_mixin.py:188} INFO - get_playlist_id won't be executed
[2026-01-18T11:17:23.820+0000] {processor.py:840} INFO - DAG(s) 'produce_json' retrieved from /opt/airflow/dags/main.py
[2026-01-18T11:17:23.879+0000] {logging_mixin.py:188} INFO - [2026-01-18T11:17:23.879+0000] {dag.py:3096} INFO - Sync 1 DAGs
[2026-01-18T11:17:23.900+0000] {logging_mixin.py:188} INFO - [2026-01-18T11:17:23.900+0000] {dag.py:3954} INFO - Setting next_dagrun for produce_json to 2026-01-17 13:00:00+00:00, run_after=2026-01-18 13:00:00+00:00
[2026-01-18T11:17:23.915+0000] {processor.py:183} INFO - Processing /opt/airflow/dags/main.py took 0.189 seconds
[2026-01-18T11:17:54.143+0000] {processor.py:161} INFO - Started process (PID=579) to work on /opt/airflow/dags/main.py
[2026-01-18T11:17:54.144+0000] {processor.py:830} INFO - Processing file /opt/airflow/dags/main.py for tasks to queue
[2026-01-18T11:17:54.148+0000] {logging_mixin.py:188} INFO - [2026-01-18T11:17:54.147+0000] {dagbag.py:545} INFO - Filling up the DagBag from /opt/airflow/dags/main.py
[2026-01-18T11:17:54.178+0000] {logging_mixin.py:188} INFO - get_playlist_id won't be executed
[2026-01-18T11:17:54.187+0000] {processor.py:840} INFO - DAG(s) 'produce_json' retrieved from /opt/airflow/dags/main.py
[2026-01-18T11:17:54.220+0000] {logging_mixin.py:188} INFO - [2026-01-18T11:17:54.219+0000] {dag.py:3096} INFO - Sync 1 DAGs
[2026-01-18T11:17:54.243+0000] {logging_mixin.py:188} INFO - [2026-01-18T11:17:54.243+0000] {dag.py:3954} INFO - Setting next_dagrun for produce_json to 2026-01-17 13:00:00+00:00, run_after=2026-01-18 13:00:00+00:00
[2026-01-18T11:17:54.256+0000] {processor.py:183} INFO - Processing /opt/airflow/dags/main.py took 0.124 seconds
[2026-01-18T11:18:24.496+0000] {processor.py:161} INFO - Started process (PID=586) to work on /opt/airflow/dags/main.py
[2026-01-18T11:18:24.498+0000] {processor.py:830} INFO - Processing file /opt/airflow/dags/main.py for tasks to queue
[2026-01-18T11:18:24.508+0000] {logging_mixin.py:188} INFO - [2026-01-18T11:18:24.502+0000] {dagbag.py:545} INFO - Filling up the DagBag from /opt/airflow/dags/main.py
[2026-01-18T11:18:24.533+0000] {logging_mixin.py:188} INFO - get_playlist_id won't be executed
[2026-01-18T11:18:24.541+0000] {processor.py:840} INFO - DAG(s) 'produce_json' retrieved from /opt/airflow/dags/main.py
[2026-01-18T11:18:24.585+0000] {logging_mixin.py:188} INFO - [2026-01-18T11:18:24.584+0000] {dag.py:3096} INFO - Sync 1 DAGs
[2026-01-18T11:18:24.608+0000] {logging_mixin.py:188} INFO - [2026-01-18T11:18:24.608+0000] {dag.py:3954} INFO - Setting next_dagrun for produce_json to 2026-01-17 13:00:00+00:00, run_after=2026-01-18 13:00:00+00:00
[2026-01-18T11:18:24.620+0000] {processor.py:183} INFO - Processing /opt/airflow/dags/main.py took 0.132 seconds
[2026-01-18T11:18:54.819+0000] {processor.py:161} INFO - Started process (PID=592) to work on /opt/airflow/dags/main.py
[2026-01-18T11:18:54.821+0000] {processor.py:830} INFO - Processing file /opt/airflow/dags/main.py for tasks to queue
[2026-01-18T11:18:54.825+0000] {logging_mixin.py:188} INFO - [2026-01-18T11:18:54.825+0000] {dagbag.py:545} INFO - Filling up the DagBag from /opt/airflow/dags/main.py
[2026-01-18T11:18:54.861+0000] {logging_mixin.py:188} INFO - get_playlist_id won't be executed
[2026-01-18T11:18:54.877+0000] {processor.py:840} INFO - DAG(s) 'produce_json' retrieved from /opt/airflow/dags/main.py
[2026-01-18T11:18:54.913+0000] {logging_mixin.py:188} INFO - [2026-01-18T11:18:54.913+0000] {dag.py:3096} INFO - Sync 1 DAGs
[2026-01-18T11:18:54.936+0000] {logging_mixin.py:188} INFO - [2026-01-18T11:18:54.936+0000] {dag.py:3954} INFO - Setting next_dagrun for produce_json to 2026-01-17 13:00:00+00:00, run_after=2026-01-18 13:00:00+00:00
[2026-01-18T11:18:54.952+0000] {processor.py:183} INFO - Processing /opt/airflow/dags/main.py took 0.143 seconds
[2026-01-18T11:19:25.114+0000] {processor.py:161} INFO - Started process (PID=599) to work on /opt/airflow/dags/main.py
[2026-01-18T11:19:25.116+0000] {processor.py:830} INFO - Processing file /opt/airflow/dags/main.py for tasks to queue
[2026-01-18T11:19:25.120+0000] {logging_mixin.py:188} INFO - [2026-01-18T11:19:25.119+0000] {dagbag.py:545} INFO - Filling up the DagBag from /opt/airflow/dags/main.py
[2026-01-18T11:19:25.145+0000] {logging_mixin.py:188} INFO - get_playlist_id won't be executed
[2026-01-18T11:19:25.153+0000] {processor.py:840} INFO - DAG(s) 'produce_json' retrieved from /opt/airflow/dags/main.py
[2026-01-18T11:19:25.190+0000] {logging_mixin.py:188} INFO - [2026-01-18T11:19:25.190+0000] {dag.py:3096} INFO - Sync 1 DAGs
[2026-01-18T11:19:25.215+0000] {logging_mixin.py:188} INFO - [2026-01-18T11:19:25.215+0000] {dag.py:3954} INFO - Setting next_dagrun for produce_json to 2026-01-17 13:00:00+00:00, run_after=2026-01-18 13:00:00+00:00
[2026-01-18T11:19:25.229+0000] {processor.py:183} INFO - Processing /opt/airflow/dags/main.py took 0.123 seconds
[2026-01-18T11:19:55.450+0000] {processor.py:161} INFO - Started process (PID=606) to work on /opt/airflow/dags/main.py
[2026-01-18T11:19:55.451+0000] {processor.py:830} INFO - Processing file /opt/airflow/dags/main.py for tasks to queue
[2026-01-18T11:19:55.459+0000] {logging_mixin.py:188} INFO - [2026-01-18T11:19:55.458+0000] {dagbag.py:545} INFO - Filling up the DagBag from /opt/airflow/dags/main.py
[2026-01-18T11:19:55.502+0000] {logging_mixin.py:188} INFO - get_playlist_id won't be executed
[2026-01-18T11:19:55.514+0000] {processor.py:840} INFO - DAG(s) 'produce_json' retrieved from /opt/airflow/dags/main.py
[2026-01-18T11:19:55.553+0000] {logging_mixin.py:188} INFO - [2026-01-18T11:19:55.553+0000] {dag.py:3096} INFO - Sync 1 DAGs
[2026-01-18T11:19:55.576+0000] {logging_mixin.py:188} INFO - [2026-01-18T11:19:55.576+0000] {dag.py:3954} INFO - Setting next_dagrun for produce_json to 2026-01-17 13:00:00+00:00, run_after=2026-01-18 13:00:00+00:00
[2026-01-18T11:19:55.597+0000] {processor.py:183} INFO - Processing /opt/airflow/dags/main.py took 0.166 seconds
[2026-01-18T11:20:25.848+0000] {processor.py:161} INFO - Started process (PID=613) to work on /opt/airflow/dags/main.py
[2026-01-18T11:20:25.851+0000] {processor.py:830} INFO - Processing file /opt/airflow/dags/main.py for tasks to queue
[2026-01-18T11:20:25.860+0000] {logging_mixin.py:188} INFO - [2026-01-18T11:20:25.858+0000] {dagbag.py:545} INFO - Filling up the DagBag from /opt/airflow/dags/main.py
[2026-01-18T11:20:25.903+0000] {logging_mixin.py:188} INFO - get_playlist_id won't be executed
[2026-01-18T11:20:25.913+0000] {processor.py:840} INFO - DAG(s) 'produce_json' retrieved from /opt/airflow/dags/main.py
[2026-01-18T11:20:25.958+0000] {logging_mixin.py:188} INFO - [2026-01-18T11:20:25.958+0000] {dag.py:3096} INFO - Sync 1 DAGs
[2026-01-18T11:20:25.987+0000] {logging_mixin.py:188} INFO - [2026-01-18T11:20:25.987+0000] {dag.py:3954} INFO - Setting next_dagrun for produce_json to 2026-01-17 13:00:00+00:00, run_after=2026-01-18 13:00:00+00:00
[2026-01-18T11:20:26.005+0000] {processor.py:183} INFO - Processing /opt/airflow/dags/main.py took 0.177 seconds
[2026-01-18T11:20:56.217+0000] {processor.py:161} INFO - Started process (PID=620) to work on /opt/airflow/dags/main.py
[2026-01-18T11:20:56.220+0000] {processor.py:830} INFO - Processing file /opt/airflow/dags/main.py for tasks to queue
[2026-01-18T11:20:56.223+0000] {logging_mixin.py:188} INFO - [2026-01-18T11:20:56.223+0000] {dagbag.py:545} INFO - Filling up the DagBag from /opt/airflow/dags/main.py
[2026-01-18T11:20:56.264+0000] {logging_mixin.py:188} INFO - get_playlist_id won't be executed
[2026-01-18T11:20:56.275+0000] {processor.py:840} INFO - DAG(s) 'produce_json' retrieved from /opt/airflow/dags/main.py
[2026-01-18T11:20:56.327+0000] {logging_mixin.py:188} INFO - [2026-01-18T11:20:56.327+0000] {dag.py:3096} INFO - Sync 1 DAGs
[2026-01-18T11:20:56.352+0000] {logging_mixin.py:188} INFO - [2026-01-18T11:20:56.352+0000] {dag.py:3954} INFO - Setting next_dagrun for produce_json to 2026-01-17 13:00:00+00:00, run_after=2026-01-18 13:00:00+00:00
[2026-01-18T11:20:56.370+0000] {processor.py:183} INFO - Processing /opt/airflow/dags/main.py took 0.168 seconds
[2026-01-18T11:21:26.580+0000] {processor.py:161} INFO - Started process (PID=627) to work on /opt/airflow/dags/main.py
[2026-01-18T11:21:26.583+0000] {processor.py:830} INFO - Processing file /opt/airflow/dags/main.py for tasks to queue
[2026-01-18T11:21:26.593+0000] {logging_mixin.py:188} INFO - [2026-01-18T11:21:26.592+0000] {dagbag.py:545} INFO - Filling up the DagBag from /opt/airflow/dags/main.py
[2026-01-18T11:21:26.637+0000] {logging_mixin.py:188} INFO - get_playlist_id won't be executed
[2026-01-18T11:21:26.648+0000] {processor.py:840} INFO - DAG(s) 'produce_json' retrieved from /opt/airflow/dags/main.py
[2026-01-18T11:21:26.693+0000] {logging_mixin.py:188} INFO - [2026-01-18T11:21:26.692+0000] {dag.py:3096} INFO - Sync 1 DAGs
[2026-01-18T11:21:26.718+0000] {logging_mixin.py:188} INFO - [2026-01-18T11:21:26.718+0000] {dag.py:3954} INFO - Setting next_dagrun for produce_json to 2026-01-17 13:00:00+00:00, run_after=2026-01-18 13:00:00+00:00
[2026-01-18T11:21:26.731+0000] {processor.py:183} INFO - Processing /opt/airflow/dags/main.py took 0.169 seconds
[2026-01-18T11:21:56.978+0000] {processor.py:161} INFO - Started process (PID=634) to work on /opt/airflow/dags/main.py
[2026-01-18T11:21:56.980+0000] {processor.py:830} INFO - Processing file /opt/airflow/dags/main.py for tasks to queue
[2026-01-18T11:21:56.986+0000] {logging_mixin.py:188} INFO - [2026-01-18T11:21:56.985+0000] {dagbag.py:545} INFO - Filling up the DagBag from /opt/airflow/dags/main.py
[2026-01-18T11:21:57.020+0000] {logging_mixin.py:188} INFO - get_playlist_id won't be executed
[2026-01-18T11:21:57.029+0000] {processor.py:840} INFO - DAG(s) 'produce_json' retrieved from /opt/airflow/dags/main.py
[2026-01-18T11:21:57.062+0000] {logging_mixin.py:188} INFO - [2026-01-18T11:21:57.062+0000] {dag.py:3096} INFO - Sync 1 DAGs
[2026-01-18T11:21:57.085+0000] {logging_mixin.py:188} INFO - [2026-01-18T11:21:57.085+0000] {dag.py:3954} INFO - Setting next_dagrun for produce_json to 2026-01-17 13:00:00+00:00, run_after=2026-01-18 13:00:00+00:00
[2026-01-18T11:21:57.102+0000] {processor.py:183} INFO - Processing /opt/airflow/dags/main.py took 0.138 seconds
[2026-01-18T11:22:27.272+0000] {processor.py:161} INFO - Started process (PID=641) to work on /opt/airflow/dags/main.py
[2026-01-18T11:22:27.274+0000] {processor.py:830} INFO - Processing file /opt/airflow/dags/main.py for tasks to queue
[2026-01-18T11:22:27.276+0000] {logging_mixin.py:188} INFO - [2026-01-18T11:22:27.275+0000] {dagbag.py:545} INFO - Filling up the DagBag from /opt/airflow/dags/main.py
[2026-01-18T11:22:27.294+0000] {logging_mixin.py:188} INFO - get_playlist_id won't be executed
[2026-01-18T11:22:27.300+0000] {processor.py:840} INFO - DAG(s) 'produce_json' retrieved from /opt/airflow/dags/main.py
[2026-01-18T11:22:27.321+0000] {logging_mixin.py:188} INFO - [2026-01-18T11:22:27.321+0000] {dag.py:3096} INFO - Sync 1 DAGs
[2026-01-18T11:22:27.337+0000] {logging_mixin.py:188} INFO - [2026-01-18T11:22:27.337+0000] {dag.py:3954} INFO - Setting next_dagrun for produce_json to 2026-01-17 13:00:00+00:00, run_after=2026-01-18 13:00:00+00:00
[2026-01-18T11:22:27.348+0000] {processor.py:183} INFO - Processing /opt/airflow/dags/main.py took 0.081 seconds
[2026-01-18T11:22:57.704+0000] {processor.py:161} INFO - Started process (PID=648) to work on /opt/airflow/dags/main.py
[2026-01-18T11:22:57.707+0000] {processor.py:830} INFO - Processing file /opt/airflow/dags/main.py for tasks to queue
[2026-01-18T11:22:57.711+0000] {logging_mixin.py:188} INFO - [2026-01-18T11:22:57.710+0000] {dagbag.py:545} INFO - Filling up the DagBag from /opt/airflow/dags/main.py
[2026-01-18T11:22:57.761+0000] {logging_mixin.py:188} INFO - get_playlist_id won't be executed
[2026-01-18T11:22:57.774+0000] {processor.py:840} INFO - DAG(s) 'produce_json' retrieved from /opt/airflow/dags/main.py
[2026-01-18T11:22:57.826+0000] {logging_mixin.py:188} INFO - [2026-01-18T11:22:57.826+0000] {dag.py:3096} INFO - Sync 1 DAGs
[2026-01-18T11:22:57.853+0000] {logging_mixin.py:188} INFO - [2026-01-18T11:22:57.853+0000] {dag.py:3954} INFO - Setting next_dagrun for produce_json to 2026-01-17 13:00:00+00:00, run_after=2026-01-18 13:00:00+00:00
[2026-01-18T11:22:57.867+0000] {processor.py:183} INFO - Processing /opt/airflow/dags/main.py took 0.180 seconds
[2026-01-18T11:23:28.139+0000] {processor.py:161} INFO - Started process (PID=655) to work on /opt/airflow/dags/main.py
[2026-01-18T11:23:28.143+0000] {processor.py:830} INFO - Processing file /opt/airflow/dags/main.py for tasks to queue
[2026-01-18T11:23:28.147+0000] {logging_mixin.py:188} INFO - [2026-01-18T11:23:28.147+0000] {dagbag.py:545} INFO - Filling up the DagBag from /opt/airflow/dags/main.py
[2026-01-18T11:23:28.190+0000] {logging_mixin.py:188} INFO - get_playlist_id won't be executed
[2026-01-18T11:23:28.200+0000] {processor.py:840} INFO - DAG(s) 'produce_json' retrieved from /opt/airflow/dags/main.py
[2026-01-18T11:23:28.254+0000] {logging_mixin.py:188} INFO - [2026-01-18T11:23:28.254+0000] {dag.py:3096} INFO - Sync 1 DAGs
[2026-01-18T11:23:28.279+0000] {logging_mixin.py:188} INFO - [2026-01-18T11:23:28.279+0000] {dag.py:3954} INFO - Setting next_dagrun for produce_json to 2026-01-17 13:00:00+00:00, run_after=2026-01-18 13:00:00+00:00
[2026-01-18T11:23:28.298+0000] {processor.py:183} INFO - Processing /opt/airflow/dags/main.py took 0.181 seconds
[2026-01-18T11:23:58.379+0000] {processor.py:161} INFO - Started process (PID=662) to work on /opt/airflow/dags/main.py
[2026-01-18T11:23:58.383+0000] {processor.py:830} INFO - Processing file /opt/airflow/dags/main.py for tasks to queue
[2026-01-18T11:23:58.389+0000] {logging_mixin.py:188} INFO - [2026-01-18T11:23:58.388+0000] {dagbag.py:545} INFO - Filling up the DagBag from /opt/airflow/dags/main.py
[2026-01-18T11:23:58.425+0000] {logging_mixin.py:188} INFO - get_playlist_id won't be executed
[2026-01-18T11:23:58.435+0000] {processor.py:840} INFO - DAG(s) 'produce_json' retrieved from /opt/airflow/dags/main.py
[2026-01-18T11:23:58.486+0000] {logging_mixin.py:188} INFO - [2026-01-18T11:23:58.486+0000] {dag.py:3096} INFO - Sync 1 DAGs
[2026-01-18T11:23:58.519+0000] {logging_mixin.py:188} INFO - [2026-01-18T11:23:58.519+0000] {dag.py:3954} INFO - Setting next_dagrun for produce_json to 2026-01-17 13:00:00+00:00, run_after=2026-01-18 13:00:00+00:00
[2026-01-18T11:23:58.535+0000] {processor.py:183} INFO - Processing /opt/airflow/dags/main.py took 0.169 seconds
[2026-01-18T11:24:28.850+0000] {processor.py:161} INFO - Started process (PID=669) to work on /opt/airflow/dags/main.py
[2026-01-18T11:24:28.853+0000] {processor.py:830} INFO - Processing file /opt/airflow/dags/main.py for tasks to queue
[2026-01-18T11:24:28.862+0000] {logging_mixin.py:188} INFO - [2026-01-18T11:24:28.861+0000] {dagbag.py:545} INFO - Filling up the DagBag from /opt/airflow/dags/main.py
[2026-01-18T11:24:28.903+0000] {logging_mixin.py:188} INFO - get_playlist_id won't be executed
[2026-01-18T11:24:28.913+0000] {processor.py:840} INFO - DAG(s) 'produce_json' retrieved from /opt/airflow/dags/main.py
[2026-01-18T11:24:28.953+0000] {logging_mixin.py:188} INFO - [2026-01-18T11:24:28.953+0000] {dag.py:3096} INFO - Sync 1 DAGs
[2026-01-18T11:24:28.976+0000] {logging_mixin.py:188} INFO - [2026-01-18T11:24:28.976+0000] {dag.py:3954} INFO - Setting next_dagrun for produce_json to 2026-01-17 13:00:00+00:00, run_after=2026-01-18 13:00:00+00:00
[2026-01-18T11:24:28.992+0000] {processor.py:183} INFO - Processing /opt/airflow/dags/main.py took 0.155 seconds
[2026-01-18T11:24:59.190+0000] {processor.py:161} INFO - Started process (PID=676) to work on /opt/airflow/dags/main.py
[2026-01-18T11:24:59.198+0000] {processor.py:830} INFO - Processing file /opt/airflow/dags/main.py for tasks to queue
[2026-01-18T11:24:59.202+0000] {logging_mixin.py:188} INFO - [2026-01-18T11:24:59.201+0000] {dagbag.py:545} INFO - Filling up the DagBag from /opt/airflow/dags/main.py
[2026-01-18T11:24:59.252+0000] {logging_mixin.py:188} INFO - get_playlist_id won't be executed
[2026-01-18T11:24:59.271+0000] {processor.py:840} INFO - DAG(s) 'produce_json' retrieved from /opt/airflow/dags/main.py
[2026-01-18T11:24:59.336+0000] {logging_mixin.py:188} INFO - [2026-01-18T11:24:59.336+0000] {dag.py:3096} INFO - Sync 1 DAGs
[2026-01-18T11:24:59.370+0000] {logging_mixin.py:188} INFO - [2026-01-18T11:24:59.370+0000] {dag.py:3954} INFO - Setting next_dagrun for produce_json to 2026-01-17 13:00:00+00:00, run_after=2026-01-18 13:00:00+00:00
[2026-01-18T11:24:59.391+0000] {processor.py:183} INFO - Processing /opt/airflow/dags/main.py took 0.222 seconds
[2026-01-18T11:25:29.520+0000] {processor.py:161} INFO - Started process (PID=683) to work on /opt/airflow/dags/main.py
[2026-01-18T11:25:29.523+0000] {processor.py:830} INFO - Processing file /opt/airflow/dags/main.py for tasks to queue
[2026-01-18T11:25:29.527+0000] {logging_mixin.py:188} INFO - [2026-01-18T11:25:29.526+0000] {dagbag.py:545} INFO - Filling up the DagBag from /opt/airflow/dags/main.py
[2026-01-18T11:25:29.570+0000] {logging_mixin.py:188} INFO - get_playlist_id won't be executed
[2026-01-18T11:25:29.582+0000] {processor.py:840} INFO - DAG(s) 'produce_json' retrieved from /opt/airflow/dags/main.py
[2026-01-18T11:25:29.628+0000] {logging_mixin.py:188} INFO - [2026-01-18T11:25:29.628+0000] {dag.py:3096} INFO - Sync 1 DAGs
[2026-01-18T11:25:29.654+0000] {logging_mixin.py:188} INFO - [2026-01-18T11:25:29.654+0000] {dag.py:3954} INFO - Setting next_dagrun for produce_json to 2026-01-17 13:00:00+00:00, run_after=2026-01-18 13:00:00+00:00
[2026-01-18T11:25:29.668+0000] {processor.py:183} INFO - Processing /opt/airflow/dags/main.py took 0.163 seconds
[2026-01-18T11:25:59.970+0000] {processor.py:161} INFO - Started process (PID=690) to work on /opt/airflow/dags/main.py
[2026-01-18T11:25:59.972+0000] {processor.py:830} INFO - Processing file /opt/airflow/dags/main.py for tasks to queue
[2026-01-18T11:25:59.983+0000] {logging_mixin.py:188} INFO - [2026-01-18T11:25:59.982+0000] {dagbag.py:545} INFO - Filling up the DagBag from /opt/airflow/dags/main.py
[2026-01-18T11:26:00.031+0000] {logging_mixin.py:188} INFO - get_playlist_id won't be executed
[2026-01-18T11:26:00.050+0000] {processor.py:840} INFO - DAG(s) 'produce_json' retrieved from /opt/airflow/dags/main.py
[2026-01-18T11:26:00.107+0000] {logging_mixin.py:188} INFO - [2026-01-18T11:26:00.107+0000] {dag.py:3096} INFO - Sync 1 DAGs
[2026-01-18T11:26:00.134+0000] {logging_mixin.py:188} INFO - [2026-01-18T11:26:00.134+0000] {dag.py:3954} INFO - Setting next_dagrun for produce_json to 2026-01-17 13:00:00+00:00, run_after=2026-01-18 13:00:00+00:00
[2026-01-18T11:26:00.152+0000] {processor.py:183} INFO - Processing /opt/airflow/dags/main.py took 0.197 seconds
[2026-01-18T11:26:30.278+0000] {processor.py:161} INFO - Started process (PID=697) to work on /opt/airflow/dags/main.py
[2026-01-18T11:26:30.281+0000] {processor.py:830} INFO - Processing file /opt/airflow/dags/main.py for tasks to queue
[2026-01-18T11:26:30.286+0000] {logging_mixin.py:188} INFO - [2026-01-18T11:26:30.286+0000] {dagbag.py:545} INFO - Filling up the DagBag from /opt/airflow/dags/main.py
[2026-01-18T11:26:30.315+0000] {logging_mixin.py:188} INFO - get_playlist_id won't be executed
[2026-01-18T11:26:30.324+0000] {processor.py:840} INFO - DAG(s) 'produce_json' retrieved from /opt/airflow/dags/main.py
[2026-01-18T11:26:30.369+0000] {logging_mixin.py:188} INFO - [2026-01-18T11:26:30.369+0000] {dag.py:3096} INFO - Sync 1 DAGs
[2026-01-18T11:26:30.393+0000] {logging_mixin.py:188} INFO - [2026-01-18T11:26:30.393+0000] {dag.py:3954} INFO - Setting next_dagrun for produce_json to 2026-01-17 13:00:00+00:00, run_after=2026-01-18 13:00:00+00:00
[2026-01-18T11:26:30.408+0000] {processor.py:183} INFO - Processing /opt/airflow/dags/main.py took 0.148 seconds
[2026-01-18T11:27:00.738+0000] {processor.py:161} INFO - Started process (PID=704) to work on /opt/airflow/dags/main.py
[2026-01-18T11:27:00.742+0000] {processor.py:830} INFO - Processing file /opt/airflow/dags/main.py for tasks to queue
[2026-01-18T11:27:00.745+0000] {logging_mixin.py:188} INFO - [2026-01-18T11:27:00.745+0000] {dagbag.py:545} INFO - Filling up the DagBag from /opt/airflow/dags/main.py
[2026-01-18T11:27:00.771+0000] {logging_mixin.py:188} INFO - get_playlist_id won't be executed
[2026-01-18T11:27:00.785+0000] {processor.py:840} INFO - DAG(s) 'produce_json' retrieved from /opt/airflow/dags/main.py
[2026-01-18T11:27:00.825+0000] {logging_mixin.py:188} INFO - [2026-01-18T11:27:00.824+0000] {dag.py:3096} INFO - Sync 1 DAGs
[2026-01-18T11:27:00.855+0000] {logging_mixin.py:188} INFO - [2026-01-18T11:27:00.855+0000] {dag.py:3954} INFO - Setting next_dagrun for produce_json to 2026-01-17 13:00:00+00:00, run_after=2026-01-18 13:00:00+00:00
[2026-01-18T11:27:00.868+0000] {processor.py:183} INFO - Processing /opt/airflow/dags/main.py took 0.142 seconds
[2026-01-18T11:27:31.102+0000] {processor.py:161} INFO - Started process (PID=711) to work on /opt/airflow/dags/main.py
[2026-01-18T11:27:31.104+0000] {processor.py:830} INFO - Processing file /opt/airflow/dags/main.py for tasks to queue
[2026-01-18T11:27:31.110+0000] {logging_mixin.py:188} INFO - [2026-01-18T11:27:31.109+0000] {dagbag.py:545} INFO - Filling up the DagBag from /opt/airflow/dags/main.py
[2026-01-18T11:27:31.141+0000] {logging_mixin.py:188} INFO - get_playlist_id won't be executed
[2026-01-18T11:27:31.149+0000] {processor.py:840} INFO - DAG(s) 'produce_json' retrieved from /opt/airflow/dags/main.py
[2026-01-18T11:27:31.188+0000] {logging_mixin.py:188} INFO - [2026-01-18T11:27:31.188+0000] {dag.py:3096} INFO - Sync 1 DAGs
[2026-01-18T11:27:31.209+0000] {logging_mixin.py:188} INFO - [2026-01-18T11:27:31.209+0000] {dag.py:3954} INFO - Setting next_dagrun for produce_json to 2026-01-17 13:00:00+00:00, run_after=2026-01-18 13:00:00+00:00
[2026-01-18T11:27:31.226+0000] {processor.py:183} INFO - Processing /opt/airflow/dags/main.py took 0.138 seconds
[2026-01-18T11:28:01.469+0000] {processor.py:161} INFO - Started process (PID=718) to work on /opt/airflow/dags/main.py
[2026-01-18T11:28:01.470+0000] {processor.py:830} INFO - Processing file /opt/airflow/dags/main.py for tasks to queue
[2026-01-18T11:28:01.478+0000] {logging_mixin.py:188} INFO - [2026-01-18T11:28:01.478+0000] {dagbag.py:545} INFO - Filling up the DagBag from /opt/airflow/dags/main.py
[2026-01-18T11:28:01.512+0000] {logging_mixin.py:188} INFO - get_playlist_id won't be executed
[2026-01-18T11:28:01.524+0000] {processor.py:840} INFO - DAG(s) 'produce_json' retrieved from /opt/airflow/dags/main.py
[2026-01-18T11:28:01.560+0000] {logging_mixin.py:188} INFO - [2026-01-18T11:28:01.560+0000] {dag.py:3096} INFO - Sync 1 DAGs
[2026-01-18T11:28:01.582+0000] {logging_mixin.py:188} INFO - [2026-01-18T11:28:01.581+0000] {dag.py:3954} INFO - Setting next_dagrun for produce_json to 2026-01-17 13:00:00+00:00, run_after=2026-01-18 13:00:00+00:00
[2026-01-18T11:28:01.596+0000] {processor.py:183} INFO - Processing /opt/airflow/dags/main.py took 0.138 seconds
[2026-01-18T11:28:31.840+0000] {processor.py:161} INFO - Started process (PID=725) to work on /opt/airflow/dags/main.py
[2026-01-18T11:28:31.842+0000] {processor.py:830} INFO - Processing file /opt/airflow/dags/main.py for tasks to queue
[2026-01-18T11:28:31.846+0000] {logging_mixin.py:188} INFO - [2026-01-18T11:28:31.846+0000] {dagbag.py:545} INFO - Filling up the DagBag from /opt/airflow/dags/main.py
[2026-01-18T11:28:31.873+0000] {logging_mixin.py:188} INFO - get_playlist_id won't be executed
[2026-01-18T11:28:31.887+0000] {processor.py:840} INFO - DAG(s) 'produce_json' retrieved from /opt/airflow/dags/main.py
[2026-01-18T11:28:31.930+0000] {logging_mixin.py:188} INFO - [2026-01-18T11:28:31.929+0000] {dag.py:3096} INFO - Sync 1 DAGs
[2026-01-18T11:28:31.952+0000] {logging_mixin.py:188} INFO - [2026-01-18T11:28:31.952+0000] {dag.py:3954} INFO - Setting next_dagrun for produce_json to 2026-01-17 13:00:00+00:00, run_after=2026-01-18 13:00:00+00:00
[2026-01-18T11:28:31.965+0000] {processor.py:183} INFO - Processing /opt/airflow/dags/main.py took 0.141 seconds
[2026-01-18T11:29:02.092+0000] {processor.py:161} INFO - Started process (PID=732) to work on /opt/airflow/dags/main.py
[2026-01-18T11:29:02.095+0000] {processor.py:830} INFO - Processing file /opt/airflow/dags/main.py for tasks to queue
[2026-01-18T11:29:02.099+0000] {logging_mixin.py:188} INFO - [2026-01-18T11:29:02.098+0000] {dagbag.py:545} INFO - Filling up the DagBag from /opt/airflow/dags/main.py
[2026-01-18T11:29:02.129+0000] {logging_mixin.py:188} INFO - get_playlist_id won't be executed
[2026-01-18T11:29:02.139+0000] {processor.py:840} INFO - DAG(s) 'produce_json' retrieved from /opt/airflow/dags/main.py
[2026-01-18T11:29:02.177+0000] {logging_mixin.py:188} INFO - [2026-01-18T11:29:02.177+0000] {dag.py:3096} INFO - Sync 1 DAGs
[2026-01-18T11:29:02.202+0000] {logging_mixin.py:188} INFO - [2026-01-18T11:29:02.202+0000] {dag.py:3954} INFO - Setting next_dagrun for produce_json to 2026-01-17 13:00:00+00:00, run_after=2026-01-18 13:00:00+00:00
[2026-01-18T11:29:02.218+0000] {processor.py:183} INFO - Processing /opt/airflow/dags/main.py took 0.138 seconds
[2026-01-18T11:29:32.492+0000] {processor.py:161} INFO - Started process (PID=739) to work on /opt/airflow/dags/main.py
[2026-01-18T11:29:32.496+0000] {processor.py:830} INFO - Processing file /opt/airflow/dags/main.py for tasks to queue
[2026-01-18T11:29:32.499+0000] {logging_mixin.py:188} INFO - [2026-01-18T11:29:32.499+0000] {dagbag.py:545} INFO - Filling up the DagBag from /opt/airflow/dags/main.py
[2026-01-18T11:29:32.530+0000] {logging_mixin.py:188} INFO - get_playlist_id won't be executed
[2026-01-18T11:29:32.540+0000] {processor.py:840} INFO - DAG(s) 'produce_json' retrieved from /opt/airflow/dags/main.py
[2026-01-18T11:29:32.584+0000] {logging_mixin.py:188} INFO - [2026-01-18T11:29:32.584+0000] {dag.py:3096} INFO - Sync 1 DAGs
[2026-01-18T11:29:32.608+0000] {logging_mixin.py:188} INFO - [2026-01-18T11:29:32.608+0000] {dag.py:3954} INFO - Setting next_dagrun for produce_json to 2026-01-17 13:00:00+00:00, run_after=2026-01-18 13:00:00+00:00
[2026-01-18T11:29:32.621+0000] {processor.py:183} INFO - Processing /opt/airflow/dags/main.py took 0.141 seconds
[2026-01-18T11:30:02.805+0000] {processor.py:161} INFO - Started process (PID=746) to work on /opt/airflow/dags/main.py
[2026-01-18T11:30:02.806+0000] {processor.py:830} INFO - Processing file /opt/airflow/dags/main.py for tasks to queue
[2026-01-18T11:30:02.809+0000] {logging_mixin.py:188} INFO - [2026-01-18T11:30:02.809+0000] {dagbag.py:545} INFO - Filling up the DagBag from /opt/airflow/dags/main.py
[2026-01-18T11:30:02.842+0000] {logging_mixin.py:188} INFO - get_playlist_id won't be executed
[2026-01-18T11:30:02.852+0000] {processor.py:840} INFO - DAG(s) 'produce_json' retrieved from /opt/airflow/dags/main.py
[2026-01-18T11:30:02.887+0000] {logging_mixin.py:188} INFO - [2026-01-18T11:30:02.887+0000] {dag.py:3096} INFO - Sync 1 DAGs
[2026-01-18T11:30:02.909+0000] {logging_mixin.py:188} INFO - [2026-01-18T11:30:02.909+0000] {dag.py:3954} INFO - Setting next_dagrun for produce_json to 2026-01-17 13:00:00+00:00, run_after=2026-01-18 13:00:00+00:00
[2026-01-18T11:30:02.924+0000] {processor.py:183} INFO - Processing /opt/airflow/dags/main.py took 0.132 seconds
[2026-01-18T11:30:33.179+0000] {processor.py:161} INFO - Started process (PID=753) to work on /opt/airflow/dags/main.py
[2026-01-18T11:30:33.181+0000] {processor.py:830} INFO - Processing file /opt/airflow/dags/main.py for tasks to queue
[2026-01-18T11:30:33.184+0000] {logging_mixin.py:188} INFO - [2026-01-18T11:30:33.183+0000] {dagbag.py:545} INFO - Filling up the DagBag from /opt/airflow/dags/main.py
[2026-01-18T11:30:33.209+0000] {logging_mixin.py:188} INFO - get_playlist_id won't be executed
[2026-01-18T11:30:33.217+0000] {processor.py:840} INFO - DAG(s) 'produce_json' retrieved from /opt/airflow/dags/main.py
[2026-01-18T11:30:33.249+0000] {logging_mixin.py:188} INFO - [2026-01-18T11:30:33.249+0000] {dag.py:3096} INFO - Sync 1 DAGs
[2026-01-18T11:30:33.273+0000] {logging_mixin.py:188} INFO - [2026-01-18T11:30:33.272+0000] {dag.py:3954} INFO - Setting next_dagrun for produce_json to 2026-01-17 13:00:00+00:00, run_after=2026-01-18 13:00:00+00:00
[2026-01-18T11:30:33.293+0000] {processor.py:183} INFO - Processing /opt/airflow/dags/main.py took 0.127 seconds
[2026-01-18T11:31:03.529+0000] {processor.py:161} INFO - Started process (PID=760) to work on /opt/airflow/dags/main.py
[2026-01-18T11:31:03.535+0000] {processor.py:830} INFO - Processing file /opt/airflow/dags/main.py for tasks to queue
[2026-01-18T11:31:03.541+0000] {logging_mixin.py:188} INFO - [2026-01-18T11:31:03.541+0000] {dagbag.py:545} INFO - Filling up the DagBag from /opt/airflow/dags/main.py
[2026-01-18T11:31:03.584+0000] {logging_mixin.py:188} INFO - get_playlist_id won't be executed
[2026-01-18T11:31:03.597+0000] {processor.py:840} INFO - DAG(s) 'produce_json' retrieved from /opt/airflow/dags/main.py
[2026-01-18T11:31:03.645+0000] {logging_mixin.py:188} INFO - [2026-01-18T11:31:03.644+0000] {dag.py:3096} INFO - Sync 1 DAGs
[2026-01-18T11:31:03.673+0000] {logging_mixin.py:188} INFO - [2026-01-18T11:31:03.673+0000] {dag.py:3954} INFO - Setting next_dagrun for produce_json to 2026-01-17 13:00:00+00:00, run_after=2026-01-18 13:00:00+00:00
[2026-01-18T11:31:03.690+0000] {processor.py:183} INFO - Processing /opt/airflow/dags/main.py took 0.183 seconds
[2026-01-18T11:31:33.865+0000] {processor.py:161} INFO - Started process (PID=767) to work on /opt/airflow/dags/main.py
[2026-01-18T11:31:33.871+0000] {processor.py:830} INFO - Processing file /opt/airflow/dags/main.py for tasks to queue
[2026-01-18T11:31:33.876+0000] {logging_mixin.py:188} INFO - [2026-01-18T11:31:33.875+0000] {dagbag.py:545} INFO - Filling up the DagBag from /opt/airflow/dags/main.py
[2026-01-18T11:31:33.913+0000] {logging_mixin.py:188} INFO - get_playlist_id won't be executed
[2026-01-18T11:31:33.924+0000] {processor.py:840} INFO - DAG(s) 'produce_json' retrieved from /opt/airflow/dags/main.py
[2026-01-18T11:31:33.972+0000] {logging_mixin.py:188} INFO - [2026-01-18T11:31:33.972+0000] {dag.py:3096} INFO - Sync 1 DAGs
[2026-01-18T11:31:33.998+0000] {logging_mixin.py:188} INFO - [2026-01-18T11:31:33.998+0000] {dag.py:3954} INFO - Setting next_dagrun for produce_json to 2026-01-17 13:00:00+00:00, run_after=2026-01-18 13:00:00+00:00
[2026-01-18T11:31:34.011+0000] {processor.py:183} INFO - Processing /opt/airflow/dags/main.py took 0.170 seconds
[2026-01-18T11:32:04.295+0000] {processor.py:161} INFO - Started process (PID=774) to work on /opt/airflow/dags/main.py
[2026-01-18T11:32:04.297+0000] {processor.py:830} INFO - Processing file /opt/airflow/dags/main.py for tasks to queue
[2026-01-18T11:32:04.301+0000] {logging_mixin.py:188} INFO - [2026-01-18T11:32:04.300+0000] {dagbag.py:545} INFO - Filling up the DagBag from /opt/airflow/dags/main.py
[2026-01-18T11:32:04.344+0000] {logging_mixin.py:188} INFO - get_playlist_id won't be executed
[2026-01-18T11:32:04.357+0000] {processor.py:840} INFO - DAG(s) 'produce_json' retrieved from /opt/airflow/dags/main.py
[2026-01-18T11:32:04.402+0000] {logging_mixin.py:188} INFO - [2026-01-18T11:32:04.401+0000] {dag.py:3096} INFO - Sync 1 DAGs
[2026-01-18T11:32:04.436+0000] {logging_mixin.py:188} INFO - [2026-01-18T11:32:04.435+0000] {dag.py:3954} INFO - Setting next_dagrun for produce_json to 2026-01-17 13:00:00+00:00, run_after=2026-01-18 13:00:00+00:00
[2026-01-18T11:32:04.455+0000] {processor.py:183} INFO - Processing /opt/airflow/dags/main.py took 0.178 seconds
[2026-01-18T11:32:34.701+0000] {processor.py:161} INFO - Started process (PID=781) to work on /opt/airflow/dags/main.py
[2026-01-18T11:32:34.705+0000] {processor.py:830} INFO - Processing file /opt/airflow/dags/main.py for tasks to queue
[2026-01-18T11:32:34.709+0000] {logging_mixin.py:188} INFO - [2026-01-18T11:32:34.709+0000] {dagbag.py:545} INFO - Filling up the DagBag from /opt/airflow/dags/main.py
[2026-01-18T11:32:34.764+0000] {logging_mixin.py:188} INFO - get_playlist_id won't be executed
[2026-01-18T11:32:34.775+0000] {processor.py:840} INFO - DAG(s) 'produce_json' retrieved from /opt/airflow/dags/main.py
[2026-01-18T11:32:34.811+0000] {logging_mixin.py:188} INFO - [2026-01-18T11:32:34.811+0000] {dag.py:3096} INFO - Sync 1 DAGs
[2026-01-18T11:32:34.845+0000] {logging_mixin.py:188} INFO - [2026-01-18T11:32:34.844+0000] {dag.py:3954} INFO - Setting next_dagrun for produce_json to 2026-01-17 13:00:00+00:00, run_after=2026-01-18 13:00:00+00:00
[2026-01-18T11:32:34.863+0000] {processor.py:183} INFO - Processing /opt/airflow/dags/main.py took 0.177 seconds
[2026-01-18T11:33:05.096+0000] {processor.py:161} INFO - Started process (PID=788) to work on /opt/airflow/dags/main.py
[2026-01-18T11:33:05.098+0000] {processor.py:830} INFO - Processing file /opt/airflow/dags/main.py for tasks to queue
[2026-01-18T11:33:05.104+0000] {logging_mixin.py:188} INFO - [2026-01-18T11:33:05.103+0000] {dagbag.py:545} INFO - Filling up the DagBag from /opt/airflow/dags/main.py
[2026-01-18T11:33:05.144+0000] {logging_mixin.py:188} INFO - get_playlist_id won't be executed
[2026-01-18T11:33:05.157+0000] {processor.py:840} INFO - DAG(s) 'produce_json' retrieved from /opt/airflow/dags/main.py
[2026-01-18T11:33:05.210+0000] {logging_mixin.py:188} INFO - [2026-01-18T11:33:05.210+0000] {dag.py:3096} INFO - Sync 1 DAGs
[2026-01-18T11:33:05.246+0000] {logging_mixin.py:188} INFO - [2026-01-18T11:33:05.245+0000] {dag.py:3954} INFO - Setting next_dagrun for produce_json to 2026-01-17 13:00:00+00:00, run_after=2026-01-18 13:00:00+00:00
[2026-01-18T11:33:05.263+0000] {processor.py:183} INFO - Processing /opt/airflow/dags/main.py took 0.180 seconds
[2026-01-18T11:33:35.517+0000] {processor.py:161} INFO - Started process (PID=795) to work on /opt/airflow/dags/main.py
[2026-01-18T11:33:35.519+0000] {processor.py:830} INFO - Processing file /opt/airflow/dags/main.py for tasks to queue
[2026-01-18T11:33:35.528+0000] {logging_mixin.py:188} INFO - [2026-01-18T11:33:35.524+0000] {dagbag.py:545} INFO - Filling up the DagBag from /opt/airflow/dags/main.py
[2026-01-18T11:33:35.570+0000] {logging_mixin.py:188} INFO - get_playlist_id won't be executed
[2026-01-18T11:33:35.581+0000] {processor.py:840} INFO - DAG(s) 'produce_json' retrieved from /opt/airflow/dags/main.py
[2026-01-18T11:33:35.623+0000] {logging_mixin.py:188} INFO - [2026-01-18T11:33:35.623+0000] {dag.py:3096} INFO - Sync 1 DAGs
[2026-01-18T11:33:35.647+0000] {logging_mixin.py:188} INFO - [2026-01-18T11:33:35.647+0000] {dag.py:3954} INFO - Setting next_dagrun for produce_json to 2026-01-17 13:00:00+00:00, run_after=2026-01-18 13:00:00+00:00
[2026-01-18T11:33:35.660+0000] {processor.py:183} INFO - Processing /opt/airflow/dags/main.py took 0.157 seconds
[2026-01-18T11:34:05.833+0000] {processor.py:161} INFO - Started process (PID=803) to work on /opt/airflow/dags/main.py
[2026-01-18T11:34:05.835+0000] {processor.py:830} INFO - Processing file /opt/airflow/dags/main.py for tasks to queue
[2026-01-18T11:34:05.839+0000] {logging_mixin.py:188} INFO - [2026-01-18T11:34:05.839+0000] {dagbag.py:545} INFO - Filling up the DagBag from /opt/airflow/dags/main.py
[2026-01-18T11:34:05.884+0000] {logging_mixin.py:188} INFO - get_playlist_id won't be executed
[2026-01-18T11:34:05.905+0000] {processor.py:840} INFO - DAG(s) 'produce_json' retrieved from /opt/airflow/dags/main.py
[2026-01-18T11:34:05.947+0000] {logging_mixin.py:188} INFO - [2026-01-18T11:34:05.946+0000] {dag.py:3096} INFO - Sync 1 DAGs
[2026-01-18T11:34:05.972+0000] {logging_mixin.py:188} INFO - [2026-01-18T11:34:05.972+0000] {dag.py:3954} INFO - Setting next_dagrun for produce_json to 2026-01-17 13:00:00+00:00, run_after=2026-01-18 13:00:00+00:00
[2026-01-18T11:34:05.987+0000] {processor.py:183} INFO - Processing /opt/airflow/dags/main.py took 0.167 seconds
[2026-01-18T11:34:36.206+0000] {processor.py:161} INFO - Started process (PID=810) to work on /opt/airflow/dags/main.py
[2026-01-18T11:34:36.208+0000] {processor.py:830} INFO - Processing file /opt/airflow/dags/main.py for tasks to queue
[2026-01-18T11:34:36.233+0000] {logging_mixin.py:188} INFO - [2026-01-18T11:34:36.229+0000] {dagbag.py:545} INFO - Filling up the DagBag from /opt/airflow/dags/main.py
[2026-01-18T11:34:36.293+0000] {logging_mixin.py:188} INFO - get_playlist_id won't be executed
[2026-01-18T11:34:36.314+0000] {processor.py:840} INFO - DAG(s) 'produce_json' retrieved from /opt/airflow/dags/main.py
[2026-01-18T11:34:36.437+0000] {logging_mixin.py:188} INFO - [2026-01-18T11:34:36.436+0000] {dag.py:3096} INFO - Sync 1 DAGs
[2026-01-18T11:34:36.498+0000] {logging_mixin.py:188} INFO - [2026-01-18T11:34:36.497+0000] {dag.py:3954} INFO - Setting next_dagrun for produce_json to 2026-01-17 13:00:00+00:00, run_after=2026-01-18 13:00:00+00:00
[2026-01-18T11:34:36.548+0000] {processor.py:183} INFO - Processing /opt/airflow/dags/main.py took 0.361 seconds
[2026-01-18T11:35:06.920+0000] {processor.py:161} INFO - Started process (PID=817) to work on /opt/airflow/dags/main.py
[2026-01-18T11:35:06.922+0000] {processor.py:830} INFO - Processing file /opt/airflow/dags/main.py for tasks to queue
[2026-01-18T11:35:06.932+0000] {logging_mixin.py:188} INFO - [2026-01-18T11:35:06.931+0000] {dagbag.py:545} INFO - Filling up the DagBag from /opt/airflow/dags/main.py
[2026-01-18T11:35:06.975+0000] {logging_mixin.py:188} INFO - get_playlist_id won't be executed
[2026-01-18T11:35:06.990+0000] {processor.py:840} INFO - DAG(s) 'produce_json' retrieved from /opt/airflow/dags/main.py
[2026-01-18T11:35:07.037+0000] {logging_mixin.py:188} INFO - [2026-01-18T11:35:07.037+0000] {dag.py:3096} INFO - Sync 1 DAGs
[2026-01-18T11:35:07.062+0000] {logging_mixin.py:188} INFO - [2026-01-18T11:35:07.062+0000] {dag.py:3954} INFO - Setting next_dagrun for produce_json to 2026-01-17 13:00:00+00:00, run_after=2026-01-18 13:00:00+00:00
[2026-01-18T11:35:07.078+0000] {processor.py:183} INFO - Processing /opt/airflow/dags/main.py took 0.167 seconds
[2026-01-18T11:35:37.246+0000] {processor.py:161} INFO - Started process (PID=824) to work on /opt/airflow/dags/main.py
[2026-01-18T11:35:37.248+0000] {processor.py:830} INFO - Processing file /opt/airflow/dags/main.py for tasks to queue
[2026-01-18T11:35:37.253+0000] {logging_mixin.py:188} INFO - [2026-01-18T11:35:37.253+0000] {dagbag.py:545} INFO - Filling up the DagBag from /opt/airflow/dags/main.py
[2026-01-18T11:35:37.295+0000] {logging_mixin.py:188} INFO - get_playlist_id won't be executed
[2026-01-18T11:35:37.306+0000] {processor.py:840} INFO - DAG(s) 'produce_json' retrieved from /opt/airflow/dags/main.py
[2026-01-18T11:35:37.344+0000] {logging_mixin.py:188} INFO - [2026-01-18T11:35:37.343+0000] {dag.py:3096} INFO - Sync 1 DAGs
[2026-01-18T11:35:37.367+0000] {logging_mixin.py:188} INFO - [2026-01-18T11:35:37.367+0000] {dag.py:3954} INFO - Setting next_dagrun for produce_json to 2026-01-17 13:00:00+00:00, run_after=2026-01-18 13:00:00+00:00
[2026-01-18T11:35:37.382+0000] {processor.py:183} INFO - Processing /opt/airflow/dags/main.py took 0.155 seconds
[2026-01-18T11:36:07.681+0000] {processor.py:161} INFO - Started process (PID=831) to work on /opt/airflow/dags/main.py
[2026-01-18T11:36:07.684+0000] {processor.py:830} INFO - Processing file /opt/airflow/dags/main.py for tasks to queue
[2026-01-18T11:36:07.694+0000] {logging_mixin.py:188} INFO - [2026-01-18T11:36:07.693+0000] {dagbag.py:545} INFO - Filling up the DagBag from /opt/airflow/dags/main.py
[2026-01-18T11:36:07.740+0000] {logging_mixin.py:188} INFO - get_playlist_id won't be executed
[2026-01-18T11:36:07.757+0000] {processor.py:840} INFO - DAG(s) 'produce_json' retrieved from /opt/airflow/dags/main.py
[2026-01-18T11:36:07.815+0000] {logging_mixin.py:188} INFO - [2026-01-18T11:36:07.815+0000] {dag.py:3096} INFO - Sync 1 DAGs
[2026-01-18T11:36:07.842+0000] {logging_mixin.py:188} INFO - [2026-01-18T11:36:07.842+0000] {dag.py:3954} INFO - Setting next_dagrun for produce_json to 2026-01-17 13:00:00+00:00, run_after=2026-01-18 13:00:00+00:00
[2026-01-18T11:36:07.856+0000] {processor.py:183} INFO - Processing /opt/airflow/dags/main.py took 0.192 seconds
[2026-01-18T11:36:38.082+0000] {processor.py:161} INFO - Started process (PID=844) to work on /opt/airflow/dags/main.py
[2026-01-18T11:36:38.087+0000] {processor.py:830} INFO - Processing file /opt/airflow/dags/main.py for tasks to queue
[2026-01-18T11:36:38.092+0000] {logging_mixin.py:188} INFO - [2026-01-18T11:36:38.091+0000] {dagbag.py:545} INFO - Filling up the DagBag from /opt/airflow/dags/main.py
[2026-01-18T11:36:38.197+0000] {logging_mixin.py:188} INFO - get_playlist_id won't be executed
[2026-01-18T11:36:38.208+0000] {processor.py:840} INFO - DAG(s) 'produce_json' retrieved from /opt/airflow/dags/main.py
[2026-01-18T11:36:38.244+0000] {logging_mixin.py:188} INFO - [2026-01-18T11:36:38.244+0000] {dag.py:3096} INFO - Sync 1 DAGs
[2026-01-18T11:36:38.264+0000] {logging_mixin.py:188} INFO - [2026-01-18T11:36:38.264+0000] {dag.py:3954} INFO - Setting next_dagrun for produce_json to 2026-01-17 13:00:00+00:00, run_after=2026-01-18 13:00:00+00:00
[2026-01-18T11:36:38.278+0000] {processor.py:183} INFO - Processing /opt/airflow/dags/main.py took 0.223 seconds
[2026-01-18T11:37:08.373+0000] {processor.py:161} INFO - Started process (PID=851) to work on /opt/airflow/dags/main.py
[2026-01-18T11:37:08.376+0000] {processor.py:830} INFO - Processing file /opt/airflow/dags/main.py for tasks to queue
[2026-01-18T11:37:08.379+0000] {logging_mixin.py:188} INFO - [2026-01-18T11:37:08.378+0000] {dagbag.py:545} INFO - Filling up the DagBag from /opt/airflow/dags/main.py
[2026-01-18T11:37:08.399+0000] {logging_mixin.py:188} INFO - get_playlist_id won't be executed
[2026-01-18T11:37:08.405+0000] {processor.py:840} INFO - DAG(s) 'produce_json' retrieved from /opt/airflow/dags/main.py
[2026-01-18T11:37:08.425+0000] {logging_mixin.py:188} INFO - [2026-01-18T11:37:08.424+0000] {dag.py:3096} INFO - Sync 1 DAGs
[2026-01-18T11:37:08.441+0000] {logging_mixin.py:188} INFO - [2026-01-18T11:37:08.441+0000] {dag.py:3954} INFO - Setting next_dagrun for produce_json to 2026-01-17 13:00:00+00:00, run_after=2026-01-18 13:00:00+00:00
[2026-01-18T11:37:08.455+0000] {processor.py:183} INFO - Processing /opt/airflow/dags/main.py took 0.090 seconds
[2026-01-18T11:37:38.655+0000] {processor.py:161} INFO - Started process (PID=858) to work on /opt/airflow/dags/main.py
[2026-01-18T11:37:38.656+0000] {processor.py:830} INFO - Processing file /opt/airflow/dags/main.py for tasks to queue
[2026-01-18T11:37:38.659+0000] {logging_mixin.py:188} INFO - [2026-01-18T11:37:38.658+0000] {dagbag.py:545} INFO - Filling up the DagBag from /opt/airflow/dags/main.py
[2026-01-18T11:37:38.682+0000] {logging_mixin.py:188} INFO - get_playlist_id won't be executed
[2026-01-18T11:37:38.689+0000] {processor.py:840} INFO - DAG(s) 'produce_json' retrieved from /opt/airflow/dags/main.py
[2026-01-18T11:37:38.714+0000] {logging_mixin.py:188} INFO - [2026-01-18T11:37:38.714+0000] {dag.py:3096} INFO - Sync 1 DAGs
[2026-01-18T11:37:38.736+0000] {logging_mixin.py:188} INFO - [2026-01-18T11:37:38.736+0000] {dag.py:3954} INFO - Setting next_dagrun for produce_json to 2026-01-17 13:00:00+00:00, run_after=2026-01-18 13:00:00+00:00
[2026-01-18T11:37:38.748+0000] {processor.py:183} INFO - Processing /opt/airflow/dags/main.py took 0.100 seconds
[2026-01-18T11:38:08.932+0000] {processor.py:161} INFO - Started process (PID=865) to work on /opt/airflow/dags/main.py
[2026-01-18T11:38:08.933+0000] {processor.py:830} INFO - Processing file /opt/airflow/dags/main.py for tasks to queue
[2026-01-18T11:38:08.936+0000] {logging_mixin.py:188} INFO - [2026-01-18T11:38:08.935+0000] {dagbag.py:545} INFO - Filling up the DagBag from /opt/airflow/dags/main.py
[2026-01-18T11:38:08.958+0000] {logging_mixin.py:188} INFO - get_playlist_id won't be executed
[2026-01-18T11:38:08.964+0000] {processor.py:840} INFO - DAG(s) 'produce_json' retrieved from /opt/airflow/dags/main.py
[2026-01-18T11:38:08.987+0000] {logging_mixin.py:188} INFO - [2026-01-18T11:38:08.986+0000] {dag.py:3096} INFO - Sync 1 DAGs
[2026-01-18T11:38:09.003+0000] {logging_mixin.py:188} INFO - [2026-01-18T11:38:09.003+0000] {dag.py:3954} INFO - Setting next_dagrun for produce_json to 2026-01-17 13:00:00+00:00, run_after=2026-01-18 13:00:00+00:00
[2026-01-18T11:38:09.014+0000] {processor.py:183} INFO - Processing /opt/airflow/dags/main.py took 0.089 seconds
[2026-01-18T11:38:39.254+0000] {processor.py:161} INFO - Started process (PID=872) to work on /opt/airflow/dags/main.py
[2026-01-18T11:38:39.256+0000] {processor.py:830} INFO - Processing file /opt/airflow/dags/main.py for tasks to queue
[2026-01-18T11:38:39.263+0000] {logging_mixin.py:188} INFO - [2026-01-18T11:38:39.263+0000] {dagbag.py:545} INFO - Filling up the DagBag from /opt/airflow/dags/main.py
[2026-01-18T11:38:39.295+0000] {logging_mixin.py:188} INFO - get_playlist_id won't be executed
[2026-01-18T11:38:39.307+0000] {processor.py:840} INFO - DAG(s) 'produce_json' retrieved from /opt/airflow/dags/main.py
[2026-01-18T11:38:39.341+0000] {logging_mixin.py:188} INFO - [2026-01-18T11:38:39.341+0000] {dag.py:3096} INFO - Sync 1 DAGs
[2026-01-18T11:38:39.362+0000] {logging_mixin.py:188} INFO - [2026-01-18T11:38:39.362+0000] {dag.py:3954} INFO - Setting next_dagrun for produce_json to 2026-01-17 13:00:00+00:00, run_after=2026-01-18 13:00:00+00:00
[2026-01-18T11:38:39.378+0000] {processor.py:183} INFO - Processing /opt/airflow/dags/main.py took 0.141 seconds
[2026-01-18T11:39:09.557+0000] {processor.py:161} INFO - Started process (PID=879) to work on /opt/airflow/dags/main.py
[2026-01-18T11:39:09.558+0000] {processor.py:830} INFO - Processing file /opt/airflow/dags/main.py for tasks to queue
[2026-01-18T11:39:09.561+0000] {logging_mixin.py:188} INFO - [2026-01-18T11:39:09.560+0000] {dagbag.py:545} INFO - Filling up the DagBag from /opt/airflow/dags/main.py
[2026-01-18T11:39:09.589+0000] {logging_mixin.py:188} INFO - get_playlist_id won't be executed
[2026-01-18T11:39:09.599+0000] {processor.py:840} INFO - DAG(s) 'produce_json' retrieved from /opt/airflow/dags/main.py
[2026-01-18T11:39:09.644+0000] {logging_mixin.py:188} INFO - [2026-01-18T11:39:09.644+0000] {dag.py:3096} INFO - Sync 1 DAGs
[2026-01-18T11:39:09.674+0000] {logging_mixin.py:188} INFO - [2026-01-18T11:39:09.674+0000] {dag.py:3954} INFO - Setting next_dagrun for produce_json to 2026-01-17 13:00:00+00:00, run_after=2026-01-18 13:00:00+00:00
[2026-01-18T11:39:09.693+0000] {processor.py:183} INFO - Processing /opt/airflow/dags/main.py took 0.154 seconds
[2026-01-18T11:39:39.934+0000] {processor.py:161} INFO - Started process (PID=886) to work on /opt/airflow/dags/main.py
[2026-01-18T11:39:39.935+0000] {processor.py:830} INFO - Processing file /opt/airflow/dags/main.py for tasks to queue
[2026-01-18T11:39:39.941+0000] {logging_mixin.py:188} INFO - [2026-01-18T11:39:39.940+0000] {dagbag.py:545} INFO - Filling up the DagBag from /opt/airflow/dags/main.py
[2026-01-18T11:39:39.973+0000] {logging_mixin.py:188} INFO - get_playlist_id won't be executed
[2026-01-18T11:39:39.989+0000] {processor.py:840} INFO - DAG(s) 'produce_json' retrieved from /opt/airflow/dags/main.py
[2026-01-18T11:39:40.021+0000] {logging_mixin.py:188} INFO - [2026-01-18T11:39:40.020+0000] {dag.py:3096} INFO - Sync 1 DAGs
[2026-01-18T11:39:40.048+0000] {logging_mixin.py:188} INFO - [2026-01-18T11:39:40.048+0000] {dag.py:3954} INFO - Setting next_dagrun for produce_json to 2026-01-17 13:00:00+00:00, run_after=2026-01-18 13:00:00+00:00
[2026-01-18T11:39:40.062+0000] {processor.py:183} INFO - Processing /opt/airflow/dags/main.py took 0.164 seconds
[2026-01-18T11:40:10.197+0000] {processor.py:161} INFO - Started process (PID=893) to work on /opt/airflow/dags/main.py
[2026-01-18T11:40:10.199+0000] {processor.py:830} INFO - Processing file /opt/airflow/dags/main.py for tasks to queue
[2026-01-18T11:40:10.208+0000] {logging_mixin.py:188} INFO - [2026-01-18T11:40:10.207+0000] {dagbag.py:545} INFO - Filling up the DagBag from /opt/airflow/dags/main.py
[2026-01-18T11:40:10.247+0000] {logging_mixin.py:188} INFO - get_playlist_id won't be executed
[2026-01-18T11:40:10.256+0000] {processor.py:840} INFO - DAG(s) 'produce_json' retrieved from /opt/airflow/dags/main.py
[2026-01-18T11:40:10.294+0000] {logging_mixin.py:188} INFO - [2026-01-18T11:40:10.294+0000] {dag.py:3096} INFO - Sync 1 DAGs
[2026-01-18T11:40:10.320+0000] {logging_mixin.py:188} INFO - [2026-01-18T11:40:10.320+0000] {dag.py:3954} INFO - Setting next_dagrun for produce_json to 2026-01-17 13:00:00+00:00, run_after=2026-01-18 13:00:00+00:00
[2026-01-18T11:40:10.351+0000] {processor.py:183} INFO - Processing /opt/airflow/dags/main.py took 0.165 seconds
[2026-01-18T11:40:40.630+0000] {processor.py:161} INFO - Started process (PID=900) to work on /opt/airflow/dags/main.py
[2026-01-18T11:40:40.631+0000] {processor.py:830} INFO - Processing file /opt/airflow/dags/main.py for tasks to queue
[2026-01-18T11:40:40.634+0000] {logging_mixin.py:188} INFO - [2026-01-18T11:40:40.634+0000] {dagbag.py:545} INFO - Filling up the DagBag from /opt/airflow/dags/main.py
[2026-01-18T11:40:40.679+0000] {logging_mixin.py:188} INFO - get_playlist_id won't be executed
[2026-01-18T11:40:40.692+0000] {processor.py:840} INFO - DAG(s) 'produce_json' retrieved from /opt/airflow/dags/main.py
[2026-01-18T11:40:40.738+0000] {logging_mixin.py:188} INFO - [2026-01-18T11:40:40.737+0000] {dag.py:3096} INFO - Sync 1 DAGs
[2026-01-18T11:40:40.772+0000] {logging_mixin.py:188} INFO - [2026-01-18T11:40:40.771+0000] {dag.py:3954} INFO - Setting next_dagrun for produce_json to 2026-01-17 13:00:00+00:00, run_after=2026-01-18 13:00:00+00:00
[2026-01-18T11:40:40.791+0000] {processor.py:183} INFO - Processing /opt/airflow/dags/main.py took 0.174 seconds
[2026-01-18T11:41:10.953+0000] {processor.py:161} INFO - Started process (PID=907) to work on /opt/airflow/dags/main.py
[2026-01-18T11:41:10.955+0000] {processor.py:830} INFO - Processing file /opt/airflow/dags/main.py for tasks to queue
[2026-01-18T11:41:10.958+0000] {logging_mixin.py:188} INFO - [2026-01-18T11:41:10.958+0000] {dagbag.py:545} INFO - Filling up the DagBag from /opt/airflow/dags/main.py
[2026-01-18T11:41:10.990+0000] {logging_mixin.py:188} INFO - get_playlist_id won't be executed
[2026-01-18T11:41:11.000+0000] {processor.py:840} INFO - DAG(s) 'produce_json' retrieved from /opt/airflow/dags/main.py
[2026-01-18T11:41:11.036+0000] {logging_mixin.py:188} INFO - [2026-01-18T11:41:11.035+0000] {dag.py:3096} INFO - Sync 1 DAGs
[2026-01-18T11:41:11.059+0000] {logging_mixin.py:188} INFO - [2026-01-18T11:41:11.059+0000] {dag.py:3954} INFO - Setting next_dagrun for produce_json to 2026-01-17 13:00:00+00:00, run_after=2026-01-18 13:00:00+00:00
[2026-01-18T11:41:11.073+0000] {processor.py:183} INFO - Processing /opt/airflow/dags/main.py took 0.130 seconds
[2026-01-18T11:41:41.376+0000] {processor.py:161} INFO - Started process (PID=914) to work on /opt/airflow/dags/main.py
[2026-01-18T11:41:41.378+0000] {processor.py:830} INFO - Processing file /opt/airflow/dags/main.py for tasks to queue
[2026-01-18T11:41:41.383+0000] {logging_mixin.py:188} INFO - [2026-01-18T11:41:41.383+0000] {dagbag.py:545} INFO - Filling up the DagBag from /opt/airflow/dags/main.py
[2026-01-18T11:41:41.422+0000] {logging_mixin.py:188} INFO - get_playlist_id won't be executed
[2026-01-18T11:41:41.437+0000] {processor.py:840} INFO - DAG(s) 'produce_json' retrieved from /opt/airflow/dags/main.py
[2026-01-18T11:41:41.489+0000] {logging_mixin.py:188} INFO - [2026-01-18T11:41:41.488+0000] {dag.py:3096} INFO - Sync 1 DAGs
[2026-01-18T11:41:41.515+0000] {logging_mixin.py:188} INFO - [2026-01-18T11:41:41.515+0000] {dag.py:3954} INFO - Setting next_dagrun for produce_json to 2026-01-17 13:00:00+00:00, run_after=2026-01-18 13:00:00+00:00
[2026-01-18T11:41:41.530+0000] {processor.py:183} INFO - Processing /opt/airflow/dags/main.py took 0.169 seconds
[2026-01-18T11:42:11.712+0000] {processor.py:161} INFO - Started process (PID=921) to work on /opt/airflow/dags/main.py
[2026-01-18T11:42:11.714+0000] {processor.py:830} INFO - Processing file /opt/airflow/dags/main.py for tasks to queue
[2026-01-18T11:42:11.718+0000] {logging_mixin.py:188} INFO - [2026-01-18T11:42:11.717+0000] {dagbag.py:545} INFO - Filling up the DagBag from /opt/airflow/dags/main.py
[2026-01-18T11:42:11.756+0000] {logging_mixin.py:188} INFO - get_playlist_id won't be executed
[2026-01-18T11:42:11.768+0000] {processor.py:840} INFO - DAG(s) 'produce_json' retrieved from /opt/airflow/dags/main.py
[2026-01-18T11:42:11.819+0000] {logging_mixin.py:188} INFO - [2026-01-18T11:42:11.818+0000] {dag.py:3096} INFO - Sync 1 DAGs
[2026-01-18T11:42:11.844+0000] {logging_mixin.py:188} INFO - [2026-01-18T11:42:11.844+0000] {dag.py:3954} INFO - Setting next_dagrun for produce_json to 2026-01-17 13:00:00+00:00, run_after=2026-01-18 13:00:00+00:00
[2026-01-18T11:42:11.866+0000] {processor.py:183} INFO - Processing /opt/airflow/dags/main.py took 0.174 seconds
[2026-01-18T11:42:42.141+0000] {processor.py:161} INFO - Started process (PID=928) to work on /opt/airflow/dags/main.py
[2026-01-18T11:42:42.145+0000] {processor.py:830} INFO - Processing file /opt/airflow/dags/main.py for tasks to queue
[2026-01-18T11:42:42.156+0000] {logging_mixin.py:188} INFO - [2026-01-18T11:42:42.155+0000] {dagbag.py:545} INFO - Filling up the DagBag from /opt/airflow/dags/main.py
[2026-01-18T11:42:42.195+0000] {logging_mixin.py:188} INFO - get_playlist_id won't be executed
[2026-01-18T11:42:42.214+0000] {processor.py:840} INFO - DAG(s) 'produce_json' retrieved from /opt/airflow/dags/main.py
[2026-01-18T11:42:42.247+0000] {logging_mixin.py:188} INFO - [2026-01-18T11:42:42.246+0000] {dag.py:3096} INFO - Sync 1 DAGs
[2026-01-18T11:42:42.276+0000] {logging_mixin.py:188} INFO - [2026-01-18T11:42:42.276+0000] {dag.py:3954} INFO - Setting next_dagrun for produce_json to 2026-01-17 13:00:00+00:00, run_after=2026-01-18 13:00:00+00:00
[2026-01-18T11:42:42.291+0000] {processor.py:183} INFO - Processing /opt/airflow/dags/main.py took 0.169 seconds
[2026-01-18T11:43:12.461+0000] {processor.py:161} INFO - Started process (PID=935) to work on /opt/airflow/dags/main.py
[2026-01-18T11:43:12.463+0000] {processor.py:830} INFO - Processing file /opt/airflow/dags/main.py for tasks to queue
[2026-01-18T11:43:12.470+0000] {logging_mixin.py:188} INFO - [2026-01-18T11:43:12.470+0000] {dagbag.py:545} INFO - Filling up the DagBag from /opt/airflow/dags/main.py
[2026-01-18T11:43:12.507+0000] {logging_mixin.py:188} INFO - get_playlist_id won't be executed
[2026-01-18T11:43:12.517+0000] {processor.py:840} INFO - DAG(s) 'produce_json' retrieved from /opt/airflow/dags/main.py
[2026-01-18T11:43:12.581+0000] {logging_mixin.py:188} INFO - [2026-01-18T11:43:12.580+0000] {dag.py:3096} INFO - Sync 1 DAGs
[2026-01-18T11:43:12.609+0000] {logging_mixin.py:188} INFO - [2026-01-18T11:43:12.609+0000] {dag.py:3954} INFO - Setting next_dagrun for produce_json to 2026-01-17 13:00:00+00:00, run_after=2026-01-18 13:00:00+00:00
[2026-01-18T11:43:12.628+0000] {processor.py:183} INFO - Processing /opt/airflow/dags/main.py took 0.181 seconds
[2026-01-18T11:43:42.905+0000] {processor.py:161} INFO - Started process (PID=942) to work on /opt/airflow/dags/main.py
[2026-01-18T11:43:42.907+0000] {processor.py:830} INFO - Processing file /opt/airflow/dags/main.py for tasks to queue
[2026-01-18T11:43:42.916+0000] {logging_mixin.py:188} INFO - [2026-01-18T11:43:42.915+0000] {dagbag.py:545} INFO - Filling up the DagBag from /opt/airflow/dags/main.py
[2026-01-18T11:43:42.956+0000] {logging_mixin.py:188} INFO - get_playlist_id won't be executed
[2026-01-18T11:43:42.968+0000] {processor.py:840} INFO - DAG(s) 'produce_json' retrieved from /opt/airflow/dags/main.py
[2026-01-18T11:43:43.008+0000] {logging_mixin.py:188} INFO - [2026-01-18T11:43:43.008+0000] {dag.py:3096} INFO - Sync 1 DAGs
[2026-01-18T11:43:43.036+0000] {logging_mixin.py:188} INFO - [2026-01-18T11:43:43.036+0000] {dag.py:3954} INFO - Setting next_dagrun for produce_json to 2026-01-17 13:00:00+00:00, run_after=2026-01-18 13:00:00+00:00
[2026-01-18T11:43:43.049+0000] {processor.py:183} INFO - Processing /opt/airflow/dags/main.py took 0.161 seconds
[2026-01-18T11:44:13.258+0000] {processor.py:161} INFO - Started process (PID=949) to work on /opt/airflow/dags/main.py
[2026-01-18T11:44:13.261+0000] {processor.py:830} INFO - Processing file /opt/airflow/dags/main.py for tasks to queue
[2026-01-18T11:44:13.266+0000] {logging_mixin.py:188} INFO - [2026-01-18T11:44:13.266+0000] {dagbag.py:545} INFO - Filling up the DagBag from /opt/airflow/dags/main.py
[2026-01-18T11:44:13.309+0000] {logging_mixin.py:188} INFO - get_playlist_id won't be executed
[2026-01-18T11:44:13.324+0000] {processor.py:840} INFO - DAG(s) 'produce_json' retrieved from /opt/airflow/dags/main.py
[2026-01-18T11:44:13.363+0000] {logging_mixin.py:188} INFO - [2026-01-18T11:44:13.362+0000] {dag.py:3096} INFO - Sync 1 DAGs
[2026-01-18T11:44:13.387+0000] {logging_mixin.py:188} INFO - [2026-01-18T11:44:13.386+0000] {dag.py:3954} INFO - Setting next_dagrun for produce_json to 2026-01-17 13:00:00+00:00, run_after=2026-01-18 13:00:00+00:00
[2026-01-18T11:44:13.403+0000] {processor.py:183} INFO - Processing /opt/airflow/dags/main.py took 0.163 seconds
[2026-01-18T11:44:43.600+0000] {processor.py:161} INFO - Started process (PID=956) to work on /opt/airflow/dags/main.py
[2026-01-18T11:44:43.602+0000] {processor.py:830} INFO - Processing file /opt/airflow/dags/main.py for tasks to queue
[2026-01-18T11:44:43.606+0000] {logging_mixin.py:188} INFO - [2026-01-18T11:44:43.606+0000] {dagbag.py:545} INFO - Filling up the DagBag from /opt/airflow/dags/main.py
[2026-01-18T11:44:43.639+0000] {logging_mixin.py:188} INFO - get_playlist_id won't be executed
[2026-01-18T11:44:43.650+0000] {processor.py:840} INFO - DAG(s) 'produce_json' retrieved from /opt/airflow/dags/main.py
[2026-01-18T11:44:43.682+0000] {logging_mixin.py:188} INFO - [2026-01-18T11:44:43.682+0000] {dag.py:3096} INFO - Sync 1 DAGs
[2026-01-18T11:44:43.710+0000] {logging_mixin.py:188} INFO - [2026-01-18T11:44:43.710+0000] {dag.py:3954} INFO - Setting next_dagrun for produce_json to 2026-01-17 13:00:00+00:00, run_after=2026-01-18 13:00:00+00:00
[2026-01-18T11:44:43.724+0000] {processor.py:183} INFO - Processing /opt/airflow/dags/main.py took 0.137 seconds
[2026-01-18T11:45:13.923+0000] {processor.py:161} INFO - Started process (PID=963) to work on /opt/airflow/dags/main.py
[2026-01-18T11:45:13.926+0000] {processor.py:830} INFO - Processing file /opt/airflow/dags/main.py for tasks to queue
[2026-01-18T11:45:13.929+0000] {logging_mixin.py:188} INFO - [2026-01-18T11:45:13.928+0000] {dagbag.py:545} INFO - Filling up the DagBag from /opt/airflow/dags/main.py
[2026-01-18T11:45:13.958+0000] {logging_mixin.py:188} INFO - get_playlist_id won't be executed
[2026-01-18T11:45:13.967+0000] {processor.py:840} INFO - DAG(s) 'produce_json' retrieved from /opt/airflow/dags/main.py
[2026-01-18T11:45:14.002+0000] {logging_mixin.py:188} INFO - [2026-01-18T11:45:14.002+0000] {dag.py:3096} INFO - Sync 1 DAGs
[2026-01-18T11:45:14.034+0000] {logging_mixin.py:188} INFO - [2026-01-18T11:45:14.034+0000] {dag.py:3954} INFO - Setting next_dagrun for produce_json to 2026-01-17 13:00:00+00:00, run_after=2026-01-18 13:00:00+00:00
[2026-01-18T11:45:14.049+0000] {processor.py:183} INFO - Processing /opt/airflow/dags/main.py took 0.136 seconds
[2026-01-18T11:45:44.284+0000] {processor.py:161} INFO - Started process (PID=970) to work on /opt/airflow/dags/main.py
[2026-01-18T11:45:44.286+0000] {processor.py:830} INFO - Processing file /opt/airflow/dags/main.py for tasks to queue
[2026-01-18T11:45:44.291+0000] {logging_mixin.py:188} INFO - [2026-01-18T11:45:44.290+0000] {dagbag.py:545} INFO - Filling up the DagBag from /opt/airflow/dags/main.py
[2026-01-18T11:45:44.330+0000] {logging_mixin.py:188} INFO - get_playlist_id won't be executed
[2026-01-18T11:45:44.348+0000] {processor.py:840} INFO - DAG(s) 'produce_json' retrieved from /opt/airflow/dags/main.py
[2026-01-18T11:45:44.388+0000] {logging_mixin.py:188} INFO - [2026-01-18T11:45:44.388+0000] {dag.py:3096} INFO - Sync 1 DAGs
[2026-01-18T11:45:44.420+0000] {logging_mixin.py:188} INFO - [2026-01-18T11:45:44.420+0000] {dag.py:3954} INFO - Setting next_dagrun for produce_json to 2026-01-17 13:00:00+00:00, run_after=2026-01-18 13:00:00+00:00
[2026-01-18T11:45:44.433+0000] {processor.py:183} INFO - Processing /opt/airflow/dags/main.py took 0.158 seconds
[2026-01-18T11:46:14.619+0000] {processor.py:161} INFO - Started process (PID=977) to work on /opt/airflow/dags/main.py
[2026-01-18T11:46:14.622+0000] {processor.py:830} INFO - Processing file /opt/airflow/dags/main.py for tasks to queue
[2026-01-18T11:46:14.624+0000] {logging_mixin.py:188} INFO - [2026-01-18T11:46:14.624+0000] {dagbag.py:545} INFO - Filling up the DagBag from /opt/airflow/dags/main.py
[2026-01-18T11:46:14.649+0000] {logging_mixin.py:188} INFO - get_playlist_id won't be executed
[2026-01-18T11:46:14.660+0000] {processor.py:840} INFO - DAG(s) 'produce_json' retrieved from /opt/airflow/dags/main.py
[2026-01-18T11:46:14.692+0000] {logging_mixin.py:188} INFO - [2026-01-18T11:46:14.691+0000] {dag.py:3096} INFO - Sync 1 DAGs
[2026-01-18T11:46:14.712+0000] {logging_mixin.py:188} INFO - [2026-01-18T11:46:14.712+0000] {dag.py:3954} INFO - Setting next_dagrun for produce_json to 2026-01-17 13:00:00+00:00, run_after=2026-01-18 13:00:00+00:00
[2026-01-18T11:46:14.723+0000] {processor.py:183} INFO - Processing /opt/airflow/dags/main.py took 0.113 seconds
[2026-01-18T11:46:45.046+0000] {processor.py:161} INFO - Started process (PID=984) to work on /opt/airflow/dags/main.py
[2026-01-18T11:46:45.047+0000] {processor.py:830} INFO - Processing file /opt/airflow/dags/main.py for tasks to queue
[2026-01-18T11:46:45.050+0000] {logging_mixin.py:188} INFO - [2026-01-18T11:46:45.049+0000] {dagbag.py:545} INFO - Filling up the DagBag from /opt/airflow/dags/main.py
[2026-01-18T11:46:45.078+0000] {logging_mixin.py:188} INFO - get_playlist_id won't be executed
[2026-01-18T11:46:45.086+0000] {processor.py:840} INFO - DAG(s) 'produce_json' retrieved from /opt/airflow/dags/main.py
[2026-01-18T11:46:45.124+0000] {logging_mixin.py:188} INFO - [2026-01-18T11:46:45.123+0000] {dag.py:3096} INFO - Sync 1 DAGs
[2026-01-18T11:46:45.143+0000] {logging_mixin.py:188} INFO - [2026-01-18T11:46:45.142+0000] {dag.py:3954} INFO - Setting next_dagrun for produce_json to 2026-01-17 13:00:00+00:00, run_after=2026-01-18 13:00:00+00:00
[2026-01-18T11:46:45.156+0000] {processor.py:183} INFO - Processing /opt/airflow/dags/main.py took 0.118 seconds
[2026-01-18T11:47:15.359+0000] {processor.py:161} INFO - Started process (PID=991) to work on /opt/airflow/dags/main.py
[2026-01-18T11:47:15.361+0000] {processor.py:830} INFO - Processing file /opt/airflow/dags/main.py for tasks to queue
[2026-01-18T11:47:15.369+0000] {logging_mixin.py:188} INFO - [2026-01-18T11:47:15.368+0000] {dagbag.py:545} INFO - Filling up the DagBag from /opt/airflow/dags/main.py
[2026-01-18T11:47:15.400+0000] {logging_mixin.py:188} INFO - get_playlist_id won't be executed
[2026-01-18T11:47:15.410+0000] {processor.py:840} INFO - DAG(s) 'produce_json' retrieved from /opt/airflow/dags/main.py
[2026-01-18T11:47:15.437+0000] {logging_mixin.py:188} INFO - [2026-01-18T11:47:15.436+0000] {dag.py:3096} INFO - Sync 1 DAGs
[2026-01-18T11:47:15.456+0000] {logging_mixin.py:188} INFO - [2026-01-18T11:47:15.456+0000] {dag.py:3954} INFO - Setting next_dagrun for produce_json to 2026-01-17 13:00:00+00:00, run_after=2026-01-18 13:00:00+00:00
[2026-01-18T11:47:15.469+0000] {processor.py:183} INFO - Processing /opt/airflow/dags/main.py took 0.120 seconds
[2026-01-18T11:47:45.735+0000] {processor.py:161} INFO - Started process (PID=998) to work on /opt/airflow/dags/main.py
[2026-01-18T11:47:45.738+0000] {processor.py:830} INFO - Processing file /opt/airflow/dags/main.py for tasks to queue
[2026-01-18T11:47:45.742+0000] {logging_mixin.py:188} INFO - [2026-01-18T11:47:45.741+0000] {dagbag.py:545} INFO - Filling up the DagBag from /opt/airflow/dags/main.py
[2026-01-18T11:47:45.784+0000] {logging_mixin.py:188} INFO - get_playlist_id won't be executed
[2026-01-18T11:47:45.802+0000] {processor.py:840} INFO - DAG(s) 'produce_json' retrieved from /opt/airflow/dags/main.py
[2026-01-18T11:47:45.840+0000] {logging_mixin.py:188} INFO - [2026-01-18T11:47:45.840+0000] {dag.py:3096} INFO - Sync 1 DAGs
[2026-01-18T11:47:45.859+0000] {logging_mixin.py:188} INFO - [2026-01-18T11:47:45.859+0000] {dag.py:3954} INFO - Setting next_dagrun for produce_json to 2026-01-17 13:00:00+00:00, run_after=2026-01-18 13:00:00+00:00
[2026-01-18T11:47:45.874+0000] {processor.py:183} INFO - Processing /opt/airflow/dags/main.py took 0.149 seconds
[2026-01-18T11:48:16.050+0000] {processor.py:161} INFO - Started process (PID=1005) to work on /opt/airflow/dags/main.py
[2026-01-18T11:48:16.052+0000] {processor.py:830} INFO - Processing file /opt/airflow/dags/main.py for tasks to queue
[2026-01-18T11:48:16.054+0000] {logging_mixin.py:188} INFO - [2026-01-18T11:48:16.054+0000] {dagbag.py:545} INFO - Filling up the DagBag from /opt/airflow/dags/main.py
[2026-01-18T11:48:16.077+0000] {logging_mixin.py:188} INFO - get_playlist_id won't be executed
[2026-01-18T11:48:16.087+0000] {processor.py:840} INFO - DAG(s) 'produce_json' retrieved from /opt/airflow/dags/main.py
[2026-01-18T11:48:16.122+0000] {logging_mixin.py:188} INFO - [2026-01-18T11:48:16.121+0000] {dag.py:3096} INFO - Sync 1 DAGs
[2026-01-18T11:48:16.148+0000] {logging_mixin.py:188} INFO - [2026-01-18T11:48:16.147+0000] {dag.py:3954} INFO - Setting next_dagrun for produce_json to 2026-01-17 13:00:00+00:00, run_after=2026-01-18 13:00:00+00:00
[2026-01-18T11:48:16.170+0000] {processor.py:183} INFO - Processing /opt/airflow/dags/main.py took 0.141 seconds
[2026-01-18T11:48:46.441+0000] {processor.py:161} INFO - Started process (PID=1012) to work on /opt/airflow/dags/main.py
[2026-01-18T11:48:46.443+0000] {processor.py:830} INFO - Processing file /opt/airflow/dags/main.py for tasks to queue
[2026-01-18T11:48:46.446+0000] {logging_mixin.py:188} INFO - [2026-01-18T11:48:46.446+0000] {dagbag.py:545} INFO - Filling up the DagBag from /opt/airflow/dags/main.py
[2026-01-18T11:48:46.495+0000] {logging_mixin.py:188} INFO - get_playlist_id won't be executed
[2026-01-18T11:48:46.560+0000] {processor.py:840} INFO - DAG(s) 'produce_json' retrieved from /opt/airflow/dags/main.py
[2026-01-18T11:48:46.605+0000] {logging_mixin.py:188} INFO - [2026-01-18T11:48:46.605+0000] {dag.py:3096} INFO - Sync 1 DAGs
[2026-01-18T11:48:46.634+0000] {logging_mixin.py:188} INFO - [2026-01-18T11:48:46.634+0000] {dag.py:3954} INFO - Setting next_dagrun for produce_json to 2026-01-17 13:00:00+00:00, run_after=2026-01-18 13:00:00+00:00
[2026-01-18T11:48:46.661+0000] {processor.py:183} INFO - Processing /opt/airflow/dags/main.py took 0.234 seconds
[2026-01-18T11:49:16.747+0000] {processor.py:161} INFO - Started process (PID=1019) to work on /opt/airflow/dags/main.py
[2026-01-18T11:49:16.750+0000] {processor.py:830} INFO - Processing file /opt/airflow/dags/main.py for tasks to queue
[2026-01-18T11:49:16.754+0000] {logging_mixin.py:188} INFO - [2026-01-18T11:49:16.753+0000] {dagbag.py:545} INFO - Filling up the DagBag from /opt/airflow/dags/main.py
[2026-01-18T11:49:16.794+0000] {logging_mixin.py:188} INFO - get_playlist_id won't be executed
[2026-01-18T11:49:16.816+0000] {processor.py:840} INFO - DAG(s) 'produce_json' retrieved from /opt/airflow/dags/main.py
[2026-01-18T11:49:16.860+0000] {logging_mixin.py:188} INFO - [2026-01-18T11:49:16.860+0000] {dag.py:3096} INFO - Sync 1 DAGs
[2026-01-18T11:49:16.890+0000] {logging_mixin.py:188} INFO - [2026-01-18T11:49:16.890+0000] {dag.py:3954} INFO - Setting next_dagrun for produce_json to 2026-01-17 13:00:00+00:00, run_after=2026-01-18 13:00:00+00:00
[2026-01-18T11:49:16.910+0000] {processor.py:183} INFO - Processing /opt/airflow/dags/main.py took 0.175 seconds
[2026-01-18T11:49:47.084+0000] {processor.py:161} INFO - Started process (PID=1026) to work on /opt/airflow/dags/main.py
[2026-01-18T11:49:47.086+0000] {processor.py:830} INFO - Processing file /opt/airflow/dags/main.py for tasks to queue
[2026-01-18T11:49:47.090+0000] {logging_mixin.py:188} INFO - [2026-01-18T11:49:47.089+0000] {dagbag.py:545} INFO - Filling up the DagBag from /opt/airflow/dags/main.py
[2026-01-18T11:49:47.122+0000] {logging_mixin.py:188} INFO - get_playlist_id won't be executed
[2026-01-18T11:49:47.134+0000] {processor.py:840} INFO - DAG(s) 'produce_json' retrieved from /opt/airflow/dags/main.py
[2026-01-18T11:49:47.180+0000] {logging_mixin.py:188} INFO - [2026-01-18T11:49:47.180+0000] {dag.py:3096} INFO - Sync 1 DAGs
[2026-01-18T11:49:47.219+0000] {logging_mixin.py:188} INFO - [2026-01-18T11:49:47.219+0000] {dag.py:3954} INFO - Setting next_dagrun for produce_json to 2026-01-17 13:00:00+00:00, run_after=2026-01-18 13:00:00+00:00
[2026-01-18T11:49:47.235+0000] {processor.py:183} INFO - Processing /opt/airflow/dags/main.py took 0.166 seconds
[2026-01-18T11:50:17.507+0000] {processor.py:161} INFO - Started process (PID=1033) to work on /opt/airflow/dags/main.py
[2026-01-18T11:50:17.512+0000] {processor.py:830} INFO - Processing file /opt/airflow/dags/main.py for tasks to queue
[2026-01-18T11:50:17.522+0000] {logging_mixin.py:188} INFO - [2026-01-18T11:50:17.522+0000] {dagbag.py:545} INFO - Filling up the DagBag from /opt/airflow/dags/main.py
[2026-01-18T11:50:17.583+0000] {logging_mixin.py:188} INFO - get_playlist_id won't be executed
[2026-01-18T11:50:17.594+0000] {processor.py:840} INFO - DAG(s) 'produce_json' retrieved from /opt/airflow/dags/main.py
[2026-01-18T11:50:17.638+0000] {logging_mixin.py:188} INFO - [2026-01-18T11:50:17.637+0000] {dag.py:3096} INFO - Sync 1 DAGs
[2026-01-18T11:50:17.674+0000] {logging_mixin.py:188} INFO - [2026-01-18T11:50:17.674+0000] {dag.py:3954} INFO - Setting next_dagrun for produce_json to 2026-01-17 13:00:00+00:00, run_after=2026-01-18 13:00:00+00:00
[2026-01-18T11:50:17.694+0000] {processor.py:183} INFO - Processing /opt/airflow/dags/main.py took 0.207 seconds
[2026-01-18T11:50:47.862+0000] {processor.py:161} INFO - Started process (PID=1040) to work on /opt/airflow/dags/main.py
[2026-01-18T11:50:47.866+0000] {processor.py:830} INFO - Processing file /opt/airflow/dags/main.py for tasks to queue
[2026-01-18T11:50:47.876+0000] {logging_mixin.py:188} INFO - [2026-01-18T11:50:47.875+0000] {dagbag.py:545} INFO - Filling up the DagBag from /opt/airflow/dags/main.py
[2026-01-18T11:50:47.928+0000] {logging_mixin.py:188} INFO - get_playlist_id won't be executed
[2026-01-18T11:50:47.939+0000] {processor.py:840} INFO - DAG(s) 'produce_json' retrieved from /opt/airflow/dags/main.py
[2026-01-18T11:50:47.990+0000] {logging_mixin.py:188} INFO - [2026-01-18T11:50:47.990+0000] {dag.py:3096} INFO - Sync 1 DAGs
[2026-01-18T11:50:48.018+0000] {logging_mixin.py:188} INFO - [2026-01-18T11:50:48.018+0000] {dag.py:3954} INFO - Setting next_dagrun for produce_json to 2026-01-17 13:00:00+00:00, run_after=2026-01-18 13:00:00+00:00
[2026-01-18T11:50:48.031+0000] {processor.py:183} INFO - Processing /opt/airflow/dags/main.py took 0.187 seconds
[2026-01-18T11:51:18.242+0000] {processor.py:161} INFO - Started process (PID=1047) to work on /opt/airflow/dags/main.py
[2026-01-18T11:51:18.248+0000] {processor.py:830} INFO - Processing file /opt/airflow/dags/main.py for tasks to queue
[2026-01-18T11:51:18.253+0000] {logging_mixin.py:188} INFO - [2026-01-18T11:51:18.253+0000] {dagbag.py:545} INFO - Filling up the DagBag from /opt/airflow/dags/main.py
[2026-01-18T11:51:18.287+0000] {logging_mixin.py:188} INFO - get_playlist_id won't be executed
[2026-01-18T11:51:18.302+0000] {processor.py:840} INFO - DAG(s) 'produce_json' retrieved from /opt/airflow/dags/main.py
[2026-01-18T11:51:18.349+0000] {logging_mixin.py:188} INFO - [2026-01-18T11:51:18.348+0000] {dag.py:3096} INFO - Sync 1 DAGs
[2026-01-18T11:51:18.373+0000] {logging_mixin.py:188} INFO - [2026-01-18T11:51:18.373+0000] {dag.py:3954} INFO - Setting next_dagrun for produce_json to 2026-01-17 13:00:00+00:00, run_after=2026-01-18 13:00:00+00:00
[2026-01-18T11:51:18.388+0000] {processor.py:183} INFO - Processing /opt/airflow/dags/main.py took 0.175 seconds
[2026-01-18T11:51:48.548+0000] {processor.py:161} INFO - Started process (PID=1054) to work on /opt/airflow/dags/main.py
[2026-01-18T11:51:48.549+0000] {processor.py:830} INFO - Processing file /opt/airflow/dags/main.py for tasks to queue
[2026-01-18T11:51:48.553+0000] {logging_mixin.py:188} INFO - [2026-01-18T11:51:48.552+0000] {dagbag.py:545} INFO - Filling up the DagBag from /opt/airflow/dags/main.py
[2026-01-18T11:51:48.595+0000] {logging_mixin.py:188} INFO - get_playlist_id won't be executed
[2026-01-18T11:51:48.608+0000] {processor.py:840} INFO - DAG(s) 'produce_json' retrieved from /opt/airflow/dags/main.py
[2026-01-18T11:51:48.652+0000] {logging_mixin.py:188} INFO - [2026-01-18T11:51:48.652+0000] {dag.py:3096} INFO - Sync 1 DAGs
[2026-01-18T11:51:48.675+0000] {logging_mixin.py:188} INFO - [2026-01-18T11:51:48.675+0000] {dag.py:3954} INFO - Setting next_dagrun for produce_json to 2026-01-17 13:00:00+00:00, run_after=2026-01-18 13:00:00+00:00
[2026-01-18T11:51:48.692+0000] {processor.py:183} INFO - Processing /opt/airflow/dags/main.py took 0.158 seconds
[2026-01-18T11:52:18.882+0000] {processor.py:161} INFO - Started process (PID=1061) to work on /opt/airflow/dags/main.py
[2026-01-18T11:52:18.889+0000] {processor.py:830} INFO - Processing file /opt/airflow/dags/main.py for tasks to queue
[2026-01-18T11:52:18.892+0000] {logging_mixin.py:188} INFO - [2026-01-18T11:52:18.892+0000] {dagbag.py:545} INFO - Filling up the DagBag from /opt/airflow/dags/main.py
[2026-01-18T11:52:18.936+0000] {logging_mixin.py:188} INFO - get_playlist_id won't be executed
[2026-01-18T11:52:18.946+0000] {processor.py:840} INFO - DAG(s) 'produce_json' retrieved from /opt/airflow/dags/main.py
[2026-01-18T11:52:18.980+0000] {logging_mixin.py:188} INFO - [2026-01-18T11:52:18.980+0000] {dag.py:3096} INFO - Sync 1 DAGs
[2026-01-18T11:52:19.011+0000] {logging_mixin.py:188} INFO - [2026-01-18T11:52:19.010+0000] {dag.py:3954} INFO - Setting next_dagrun for produce_json to 2026-01-17 13:00:00+00:00, run_after=2026-01-18 13:00:00+00:00
[2026-01-18T11:52:19.026+0000] {processor.py:183} INFO - Processing /opt/airflow/dags/main.py took 0.160 seconds
[2026-01-18T11:52:49.178+0000] {processor.py:161} INFO - Started process (PID=1068) to work on /opt/airflow/dags/main.py
[2026-01-18T11:52:49.181+0000] {processor.py:830} INFO - Processing file /opt/airflow/dags/main.py for tasks to queue
[2026-01-18T11:52:49.187+0000] {logging_mixin.py:188} INFO - [2026-01-18T11:52:49.186+0000] {dagbag.py:545} INFO - Filling up the DagBag from /opt/airflow/dags/main.py
[2026-01-18T11:52:49.223+0000] {logging_mixin.py:188} INFO - get_playlist_id won't be executed
[2026-01-18T11:52:49.233+0000] {processor.py:840} INFO - DAG(s) 'produce_json' retrieved from /opt/airflow/dags/main.py
[2026-01-18T11:52:49.293+0000] {logging_mixin.py:188} INFO - [2026-01-18T11:52:49.293+0000] {dag.py:3096} INFO - Sync 1 DAGs
[2026-01-18T11:52:49.320+0000] {logging_mixin.py:188} INFO - [2026-01-18T11:52:49.320+0000] {dag.py:3954} INFO - Setting next_dagrun for produce_json to 2026-01-17 13:00:00+00:00, run_after=2026-01-18 13:00:00+00:00
[2026-01-18T11:52:49.335+0000] {processor.py:183} INFO - Processing /opt/airflow/dags/main.py took 0.174 seconds
[2026-01-18T11:53:19.627+0000] {processor.py:161} INFO - Started process (PID=1076) to work on /opt/airflow/dags/main.py
[2026-01-18T11:53:19.632+0000] {processor.py:830} INFO - Processing file /opt/airflow/dags/main.py for tasks to queue
[2026-01-18T11:53:19.637+0000] {logging_mixin.py:188} INFO - [2026-01-18T11:53:19.636+0000] {dagbag.py:545} INFO - Filling up the DagBag from /opt/airflow/dags/main.py
[2026-01-18T11:53:19.668+0000] {logging_mixin.py:188} INFO - get_playlist_id won't be executed
[2026-01-18T11:53:19.679+0000] {processor.py:840} INFO - DAG(s) 'produce_json' retrieved from /opt/airflow/dags/main.py
[2026-01-18T11:53:19.714+0000] {logging_mixin.py:188} INFO - [2026-01-18T11:53:19.714+0000] {dag.py:3096} INFO - Sync 1 DAGs
[2026-01-18T11:53:19.743+0000] {logging_mixin.py:188} INFO - [2026-01-18T11:53:19.742+0000] {dag.py:3954} INFO - Setting next_dagrun for produce_json to 2026-01-17 13:00:00+00:00, run_after=2026-01-18 13:00:00+00:00
[2026-01-18T11:53:19.758+0000] {processor.py:183} INFO - Processing /opt/airflow/dags/main.py took 0.145 seconds
[2026-01-18T11:53:49.900+0000] {processor.py:161} INFO - Started process (PID=1083) to work on /opt/airflow/dags/main.py
[2026-01-18T11:53:49.901+0000] {processor.py:830} INFO - Processing file /opt/airflow/dags/main.py for tasks to queue
[2026-01-18T11:53:49.904+0000] {logging_mixin.py:188} INFO - [2026-01-18T11:53:49.903+0000] {dagbag.py:545} INFO - Filling up the DagBag from /opt/airflow/dags/main.py
[2026-01-18T11:53:49.933+0000] {logging_mixin.py:188} INFO - get_playlist_id won't be executed
[2026-01-18T11:53:49.950+0000] {processor.py:840} INFO - DAG(s) 'produce_json' retrieved from /opt/airflow/dags/main.py
[2026-01-18T11:53:49.982+0000] {logging_mixin.py:188} INFO - [2026-01-18T11:53:49.982+0000] {dag.py:3096} INFO - Sync 1 DAGs
[2026-01-18T11:53:50.000+0000] {logging_mixin.py:188} INFO - [2026-01-18T11:53:49.999+0000] {dag.py:3954} INFO - Setting next_dagrun for produce_json to 2026-01-17 13:00:00+00:00, run_after=2026-01-18 13:00:00+00:00
[2026-01-18T11:53:50.011+0000] {processor.py:183} INFO - Processing /opt/airflow/dags/main.py took 0.120 seconds
[2026-01-18T11:54:20.184+0000] {processor.py:161} INFO - Started process (PID=1090) to work on /opt/airflow/dags/main.py
[2026-01-18T11:54:20.186+0000] {processor.py:830} INFO - Processing file /opt/airflow/dags/main.py for tasks to queue
[2026-01-18T11:54:20.189+0000] {logging_mixin.py:188} INFO - [2026-01-18T11:54:20.189+0000] {dagbag.py:545} INFO - Filling up the DagBag from /opt/airflow/dags/main.py
[2026-01-18T11:54:20.223+0000] {logging_mixin.py:188} INFO - get_playlist_id won't be executed
[2026-01-18T11:54:20.241+0000] {processor.py:840} INFO - DAG(s) 'produce_json' retrieved from /opt/airflow/dags/main.py
[2026-01-18T11:54:20.270+0000] {logging_mixin.py:188} INFO - [2026-01-18T11:54:20.270+0000] {dag.py:3096} INFO - Sync 1 DAGs
[2026-01-18T11:54:20.296+0000] {logging_mixin.py:188} INFO - [2026-01-18T11:54:20.296+0000] {dag.py:3954} INFO - Setting next_dagrun for produce_json to 2026-01-17 13:00:00+00:00, run_after=2026-01-18 13:00:00+00:00
[2026-01-18T11:54:20.311+0000] {processor.py:183} INFO - Processing /opt/airflow/dags/main.py took 0.140 seconds
[2026-01-18T11:54:50.600+0000] {processor.py:161} INFO - Started process (PID=1097) to work on /opt/airflow/dags/main.py
[2026-01-18T11:54:50.602+0000] {processor.py:830} INFO - Processing file /opt/airflow/dags/main.py for tasks to queue
[2026-01-18T11:54:50.607+0000] {logging_mixin.py:188} INFO - [2026-01-18T11:54:50.606+0000] {dagbag.py:545} INFO - Filling up the DagBag from /opt/airflow/dags/main.py
[2026-01-18T11:54:50.646+0000] {logging_mixin.py:188} INFO - get_playlist_id won't be executed
[2026-01-18T11:54:50.661+0000] {processor.py:840} INFO - DAG(s) 'produce_json' retrieved from /opt/airflow/dags/main.py
[2026-01-18T11:54:50.722+0000] {logging_mixin.py:188} INFO - [2026-01-18T11:54:50.721+0000] {dag.py:3096} INFO - Sync 1 DAGs
[2026-01-18T11:54:50.766+0000] {logging_mixin.py:188} INFO - [2026-01-18T11:54:50.766+0000] {dag.py:3954} INFO - Setting next_dagrun for produce_json to 2026-01-17 13:00:00+00:00, run_after=2026-01-18 13:00:00+00:00
[2026-01-18T11:54:50.784+0000] {processor.py:183} INFO - Processing /opt/airflow/dags/main.py took 0.194 seconds
[2026-01-18T11:55:20.944+0000] {processor.py:161} INFO - Started process (PID=1104) to work on /opt/airflow/dags/main.py
[2026-01-18T11:55:20.947+0000] {processor.py:830} INFO - Processing file /opt/airflow/dags/main.py for tasks to queue
[2026-01-18T11:55:20.950+0000] {logging_mixin.py:188} INFO - [2026-01-18T11:55:20.950+0000] {dagbag.py:545} INFO - Filling up the DagBag from /opt/airflow/dags/main.py
[2026-01-18T11:55:20.986+0000] {logging_mixin.py:188} INFO - get_playlist_id won't be executed
[2026-01-18T11:55:21.005+0000] {processor.py:840} INFO - DAG(s) 'produce_json' retrieved from /opt/airflow/dags/main.py
[2026-01-18T11:55:21.063+0000] {logging_mixin.py:188} INFO - [2026-01-18T11:55:21.063+0000] {dag.py:3096} INFO - Sync 1 DAGs
[2026-01-18T11:55:21.089+0000] {logging_mixin.py:188} INFO - [2026-01-18T11:55:21.089+0000] {dag.py:3954} INFO - Setting next_dagrun for produce_json to 2026-01-17 13:00:00+00:00, run_after=2026-01-18 13:00:00+00:00
[2026-01-18T11:55:21.105+0000] {processor.py:183} INFO - Processing /opt/airflow/dags/main.py took 0.179 seconds
[2026-01-18T11:55:51.418+0000] {processor.py:161} INFO - Started process (PID=1111) to work on /opt/airflow/dags/main.py
[2026-01-18T11:55:51.420+0000] {processor.py:830} INFO - Processing file /opt/airflow/dags/main.py for tasks to queue
[2026-01-18T11:55:51.423+0000] {logging_mixin.py:188} INFO - [2026-01-18T11:55:51.423+0000] {dagbag.py:545} INFO - Filling up the DagBag from /opt/airflow/dags/main.py
[2026-01-18T11:55:51.458+0000] {logging_mixin.py:188} INFO - get_playlist_id won't be executed
[2026-01-18T11:55:51.471+0000] {processor.py:840} INFO - DAG(s) 'produce_json' retrieved from /opt/airflow/dags/main.py
[2026-01-18T11:55:51.513+0000] {logging_mixin.py:188} INFO - [2026-01-18T11:55:51.513+0000] {dag.py:3096} INFO - Sync 1 DAGs
[2026-01-18T11:55:51.539+0000] {logging_mixin.py:188} INFO - [2026-01-18T11:55:51.539+0000] {dag.py:3954} INFO - Setting next_dagrun for produce_json to 2026-01-17 13:00:00+00:00, run_after=2026-01-18 13:00:00+00:00
[2026-01-18T11:55:51.553+0000] {processor.py:183} INFO - Processing /opt/airflow/dags/main.py took 0.174 seconds
[2026-01-18T11:56:21.750+0000] {processor.py:161} INFO - Started process (PID=1118) to work on /opt/airflow/dags/main.py
[2026-01-18T11:56:21.753+0000] {processor.py:830} INFO - Processing file /opt/airflow/dags/main.py for tasks to queue
[2026-01-18T11:56:21.756+0000] {logging_mixin.py:188} INFO - [2026-01-18T11:56:21.755+0000] {dagbag.py:545} INFO - Filling up the DagBag from /opt/airflow/dags/main.py
[2026-01-18T11:56:21.783+0000] {logging_mixin.py:188} INFO - get_playlist_id won't be executed
[2026-01-18T11:56:21.791+0000] {processor.py:840} INFO - DAG(s) 'produce_json' retrieved from /opt/airflow/dags/main.py
[2026-01-18T11:56:21.822+0000] {logging_mixin.py:188} INFO - [2026-01-18T11:56:21.821+0000] {dag.py:3096} INFO - Sync 1 DAGs
[2026-01-18T11:56:21.840+0000] {logging_mixin.py:188} INFO - [2026-01-18T11:56:21.840+0000] {dag.py:3954} INFO - Setting next_dagrun for produce_json to 2026-01-17 13:00:00+00:00, run_after=2026-01-18 13:00:00+00:00
[2026-01-18T11:56:21.853+0000] {processor.py:183} INFO - Processing /opt/airflow/dags/main.py took 0.116 seconds
[2026-01-18T11:56:52.225+0000] {processor.py:161} INFO - Started process (PID=1125) to work on /opt/airflow/dags/main.py
[2026-01-18T11:56:52.227+0000] {processor.py:830} INFO - Processing file /opt/airflow/dags/main.py for tasks to queue
[2026-01-18T11:56:52.231+0000] {logging_mixin.py:188} INFO - [2026-01-18T11:56:52.230+0000] {dagbag.py:545} INFO - Filling up the DagBag from /opt/airflow/dags/main.py
[2026-01-18T11:56:52.266+0000] {logging_mixin.py:188} INFO - get_playlist_id won't be executed
[2026-01-18T11:56:52.276+0000] {processor.py:840} INFO - DAG(s) 'produce_json' retrieved from /opt/airflow/dags/main.py
[2026-01-18T11:56:52.313+0000] {logging_mixin.py:188} INFO - [2026-01-18T11:56:52.313+0000] {dag.py:3096} INFO - Sync 1 DAGs
[2026-01-18T11:56:52.336+0000] {logging_mixin.py:188} INFO - [2026-01-18T11:56:52.336+0000] {dag.py:3954} INFO - Setting next_dagrun for produce_json to 2026-01-17 13:00:00+00:00, run_after=2026-01-18 13:00:00+00:00
[2026-01-18T11:56:52.349+0000] {processor.py:183} INFO - Processing /opt/airflow/dags/main.py took 0.137 seconds
[2026-01-18T11:57:22.528+0000] {processor.py:161} INFO - Started process (PID=1132) to work on /opt/airflow/dags/main.py
[2026-01-18T11:57:22.530+0000] {processor.py:830} INFO - Processing file /opt/airflow/dags/main.py for tasks to queue
[2026-01-18T11:57:22.532+0000] {logging_mixin.py:188} INFO - [2026-01-18T11:57:22.531+0000] {dagbag.py:545} INFO - Filling up the DagBag from /opt/airflow/dags/main.py
[2026-01-18T11:57:22.553+0000] {logging_mixin.py:188} INFO - get_playlist_id won't be executed
[2026-01-18T11:57:22.559+0000] {processor.py:840} INFO - DAG(s) 'produce_json' retrieved from /opt/airflow/dags/main.py
[2026-01-18T11:57:22.581+0000] {logging_mixin.py:188} INFO - [2026-01-18T11:57:22.581+0000] {dag.py:3096} INFO - Sync 1 DAGs
[2026-01-18T11:57:22.599+0000] {logging_mixin.py:188} INFO - [2026-01-18T11:57:22.599+0000] {dag.py:3954} INFO - Setting next_dagrun for produce_json to 2026-01-17 13:00:00+00:00, run_after=2026-01-18 13:00:00+00:00
[2026-01-18T11:57:22.610+0000] {processor.py:183} INFO - Processing /opt/airflow/dags/main.py took 0.090 seconds
[2026-01-18T11:57:52.876+0000] {processor.py:161} INFO - Started process (PID=1139) to work on /opt/airflow/dags/main.py
[2026-01-18T11:57:52.882+0000] {processor.py:830} INFO - Processing file /opt/airflow/dags/main.py for tasks to queue
[2026-01-18T11:57:52.888+0000] {logging_mixin.py:188} INFO - [2026-01-18T11:57:52.887+0000] {dagbag.py:545} INFO - Filling up the DagBag from /opt/airflow/dags/main.py
[2026-01-18T11:57:52.917+0000] {logging_mixin.py:188} INFO - get_playlist_id won't be executed
[2026-01-18T11:57:52.929+0000] {processor.py:840} INFO - DAG(s) 'produce_json' retrieved from /opt/airflow/dags/main.py
[2026-01-18T11:57:52.969+0000] {logging_mixin.py:188} INFO - [2026-01-18T11:57:52.969+0000] {dag.py:3096} INFO - Sync 1 DAGs
[2026-01-18T11:57:52.991+0000] {logging_mixin.py:188} INFO - [2026-01-18T11:57:52.991+0000] {dag.py:3954} INFO - Setting next_dagrun for produce_json to 2026-01-17 13:00:00+00:00, run_after=2026-01-18 13:00:00+00:00
[2026-01-18T11:57:53.011+0000] {processor.py:183} INFO - Processing /opt/airflow/dags/main.py took 0.145 seconds
[2026-01-18T11:58:23.138+0000] {processor.py:161} INFO - Started process (PID=1146) to work on /opt/airflow/dags/main.py
[2026-01-18T11:58:23.141+0000] {processor.py:830} INFO - Processing file /opt/airflow/dags/main.py for tasks to queue
[2026-01-18T11:58:23.144+0000] {logging_mixin.py:188} INFO - [2026-01-18T11:58:23.143+0000] {dagbag.py:545} INFO - Filling up the DagBag from /opt/airflow/dags/main.py
[2026-01-18T11:58:23.175+0000] {logging_mixin.py:188} INFO - get_playlist_id won't be executed
[2026-01-18T11:58:23.186+0000] {processor.py:840} INFO - DAG(s) 'produce_json' retrieved from /opt/airflow/dags/main.py
[2026-01-18T11:58:23.218+0000] {logging_mixin.py:188} INFO - [2026-01-18T11:58:23.218+0000] {dag.py:3096} INFO - Sync 1 DAGs
[2026-01-18T11:58:23.238+0000] {logging_mixin.py:188} INFO - [2026-01-18T11:58:23.238+0000] {dag.py:3954} INFO - Setting next_dagrun for produce_json to 2026-01-17 13:00:00+00:00, run_after=2026-01-18 13:00:00+00:00
[2026-01-18T11:58:23.252+0000] {processor.py:183} INFO - Processing /opt/airflow/dags/main.py took 0.126 seconds
[2026-01-18T11:58:53.432+0000] {processor.py:161} INFO - Started process (PID=1153) to work on /opt/airflow/dags/main.py
[2026-01-18T11:58:53.434+0000] {processor.py:830} INFO - Processing file /opt/airflow/dags/main.py for tasks to queue
[2026-01-18T11:58:53.438+0000] {logging_mixin.py:188} INFO - [2026-01-18T11:58:53.438+0000] {dagbag.py:545} INFO - Filling up the DagBag from /opt/airflow/dags/main.py
[2026-01-18T11:58:53.476+0000] {logging_mixin.py:188} INFO - get_playlist_id won't be executed
[2026-01-18T11:58:53.486+0000] {processor.py:840} INFO - DAG(s) 'produce_json' retrieved from /opt/airflow/dags/main.py
[2026-01-18T11:58:53.523+0000] {logging_mixin.py:188} INFO - [2026-01-18T11:58:53.523+0000] {dag.py:3096} INFO - Sync 1 DAGs
[2026-01-18T11:58:53.549+0000] {logging_mixin.py:188} INFO - [2026-01-18T11:58:53.549+0000] {dag.py:3954} INFO - Setting next_dagrun for produce_json to 2026-01-17 13:00:00+00:00, run_after=2026-01-18 13:00:00+00:00
[2026-01-18T11:58:53.565+0000] {processor.py:183} INFO - Processing /opt/airflow/dags/main.py took 0.144 seconds
[2026-01-18T11:59:23.822+0000] {processor.py:161} INFO - Started process (PID=1160) to work on /opt/airflow/dags/main.py
[2026-01-18T11:59:23.824+0000] {processor.py:830} INFO - Processing file /opt/airflow/dags/main.py for tasks to queue
[2026-01-18T11:59:23.829+0000] {logging_mixin.py:188} INFO - [2026-01-18T11:59:23.828+0000] {dagbag.py:545} INFO - Filling up the DagBag from /opt/airflow/dags/main.py
[2026-01-18T11:59:23.863+0000] {logging_mixin.py:188} INFO - get_playlist_id won't be executed
[2026-01-18T11:59:23.877+0000] {processor.py:840} INFO - DAG(s) 'produce_json' retrieved from /opt/airflow/dags/main.py
[2026-01-18T11:59:23.914+0000] {logging_mixin.py:188} INFO - [2026-01-18T11:59:23.914+0000] {dag.py:3096} INFO - Sync 1 DAGs
[2026-01-18T11:59:23.941+0000] {logging_mixin.py:188} INFO - [2026-01-18T11:59:23.941+0000] {dag.py:3954} INFO - Setting next_dagrun for produce_json to 2026-01-17 13:00:00+00:00, run_after=2026-01-18 13:00:00+00:00
[2026-01-18T11:59:23.958+0000] {processor.py:183} INFO - Processing /opt/airflow/dags/main.py took 0.150 seconds
[2026-01-18T11:59:54.167+0000] {processor.py:161} INFO - Started process (PID=1167) to work on /opt/airflow/dags/main.py
[2026-01-18T11:59:54.169+0000] {processor.py:830} INFO - Processing file /opt/airflow/dags/main.py for tasks to queue
[2026-01-18T11:59:54.177+0000] {logging_mixin.py:188} INFO - [2026-01-18T11:59:54.177+0000] {dagbag.py:545} INFO - Filling up the DagBag from /opt/airflow/dags/main.py
[2026-01-18T11:59:54.217+0000] {logging_mixin.py:188} INFO - get_playlist_id won't be executed
[2026-01-18T11:59:54.234+0000] {processor.py:840} INFO - DAG(s) 'produce_json' retrieved from /opt/airflow/dags/main.py
[2026-01-18T11:59:54.266+0000] {logging_mixin.py:188} INFO - [2026-01-18T11:59:54.266+0000] {dag.py:3096} INFO - Sync 1 DAGs
[2026-01-18T11:59:54.287+0000] {logging_mixin.py:188} INFO - [2026-01-18T11:59:54.287+0000] {dag.py:3954} INFO - Setting next_dagrun for produce_json to 2026-01-17 13:00:00+00:00, run_after=2026-01-18 13:00:00+00:00
[2026-01-18T11:59:54.299+0000] {processor.py:183} INFO - Processing /opt/airflow/dags/main.py took 0.158 seconds
[2026-01-18T12:00:24.530+0000] {processor.py:161} INFO - Started process (PID=1174) to work on /opt/airflow/dags/main.py
[2026-01-18T12:00:24.533+0000] {processor.py:830} INFO - Processing file /opt/airflow/dags/main.py for tasks to queue
[2026-01-18T12:00:24.539+0000] {logging_mixin.py:188} INFO - [2026-01-18T12:00:24.538+0000] {dagbag.py:545} INFO - Filling up the DagBag from /opt/airflow/dags/main.py
[2026-01-18T12:00:24.575+0000] {logging_mixin.py:188} INFO - get_playlist_id won't be executed
[2026-01-18T12:00:24.598+0000] {processor.py:840} INFO - DAG(s) 'produce_json' retrieved from /opt/airflow/dags/main.py
[2026-01-18T12:00:24.642+0000] {logging_mixin.py:188} INFO - [2026-01-18T12:00:24.641+0000] {dag.py:3096} INFO - Sync 1 DAGs
[2026-01-18T12:00:24.667+0000] {logging_mixin.py:188} INFO - [2026-01-18T12:00:24.666+0000] {dag.py:3954} INFO - Setting next_dagrun for produce_json to 2026-01-17 13:00:00+00:00, run_after=2026-01-18 13:00:00+00:00
[2026-01-18T12:00:24.681+0000] {processor.py:183} INFO - Processing /opt/airflow/dags/main.py took 0.171 seconds
[2026-01-18T12:00:54.883+0000] {processor.py:161} INFO - Started process (PID=1181) to work on /opt/airflow/dags/main.py
[2026-01-18T12:00:54.886+0000] {processor.py:830} INFO - Processing file /opt/airflow/dags/main.py for tasks to queue
[2026-01-18T12:00:54.890+0000] {logging_mixin.py:188} INFO - [2026-01-18T12:00:54.889+0000] {dagbag.py:545} INFO - Filling up the DagBag from /opt/airflow/dags/main.py
[2026-01-18T12:00:54.928+0000] {logging_mixin.py:188} INFO - get_playlist_id won't be executed
[2026-01-18T12:00:54.946+0000] {processor.py:840} INFO - DAG(s) 'produce_json' retrieved from /opt/airflow/dags/main.py
[2026-01-18T12:00:55.007+0000] {logging_mixin.py:188} INFO - [2026-01-18T12:00:55.007+0000] {dag.py:3096} INFO - Sync 1 DAGs
[2026-01-18T12:00:55.037+0000] {logging_mixin.py:188} INFO - [2026-01-18T12:00:55.037+0000] {dag.py:3954} INFO - Setting next_dagrun for produce_json to 2026-01-17 13:00:00+00:00, run_after=2026-01-18 13:00:00+00:00
[2026-01-18T12:00:55.057+0000] {processor.py:183} INFO - Processing /opt/airflow/dags/main.py took 0.188 seconds
[2026-01-18T12:01:25.271+0000] {processor.py:161} INFO - Started process (PID=1188) to work on /opt/airflow/dags/main.py
[2026-01-18T12:01:25.275+0000] {processor.py:830} INFO - Processing file /opt/airflow/dags/main.py for tasks to queue
[2026-01-18T12:01:25.280+0000] {logging_mixin.py:188} INFO - [2026-01-18T12:01:25.279+0000] {dagbag.py:545} INFO - Filling up the DagBag from /opt/airflow/dags/main.py
[2026-01-18T12:01:25.314+0000] {logging_mixin.py:188} INFO - get_playlist_id won't be executed
[2026-01-18T12:01:25.324+0000] {processor.py:840} INFO - DAG(s) 'produce_json' retrieved from /opt/airflow/dags/main.py
[2026-01-18T12:01:25.361+0000] {logging_mixin.py:188} INFO - [2026-01-18T12:01:25.361+0000] {dag.py:3096} INFO - Sync 1 DAGs
[2026-01-18T12:01:25.390+0000] {logging_mixin.py:188} INFO - [2026-01-18T12:01:25.389+0000] {dag.py:3954} INFO - Setting next_dagrun for produce_json to 2026-01-17 13:00:00+00:00, run_after=2026-01-18 13:00:00+00:00
[2026-01-18T12:01:25.404+0000] {processor.py:183} INFO - Processing /opt/airflow/dags/main.py took 0.145 seconds
[2026-01-18T12:01:55.627+0000] {processor.py:161} INFO - Started process (PID=1195) to work on /opt/airflow/dags/main.py
[2026-01-18T12:01:55.631+0000] {processor.py:830} INFO - Processing file /opt/airflow/dags/main.py for tasks to queue
[2026-01-18T12:01:55.635+0000] {logging_mixin.py:188} INFO - [2026-01-18T12:01:55.635+0000] {dagbag.py:545} INFO - Filling up the DagBag from /opt/airflow/dags/main.py
[2026-01-18T12:01:55.658+0000] {logging_mixin.py:188} INFO - get_playlist_id won't be executed
[2026-01-18T12:01:55.665+0000] {processor.py:840} INFO - DAG(s) 'produce_json' retrieved from /opt/airflow/dags/main.py
[2026-01-18T12:01:55.693+0000] {logging_mixin.py:188} INFO - [2026-01-18T12:01:55.692+0000] {dag.py:3096} INFO - Sync 1 DAGs
[2026-01-18T12:01:55.722+0000] {logging_mixin.py:188} INFO - [2026-01-18T12:01:55.722+0000] {dag.py:3954} INFO - Setting next_dagrun for produce_json to 2026-01-17 13:00:00+00:00, run_after=2026-01-18 13:00:00+00:00
[2026-01-18T12:01:55.737+0000] {processor.py:183} INFO - Processing /opt/airflow/dags/main.py took 0.123 seconds
[2026-01-18T12:02:25.960+0000] {processor.py:161} INFO - Started process (PID=1202) to work on /opt/airflow/dags/main.py
[2026-01-18T12:02:25.963+0000] {processor.py:830} INFO - Processing file /opt/airflow/dags/main.py for tasks to queue
[2026-01-18T12:02:25.971+0000] {logging_mixin.py:188} INFO - [2026-01-18T12:02:25.970+0000] {dagbag.py:545} INFO - Filling up the DagBag from /opt/airflow/dags/main.py
[2026-01-18T12:02:26.009+0000] {logging_mixin.py:188} INFO - get_playlist_id won't be executed
[2026-01-18T12:02:26.019+0000] {processor.py:840} INFO - DAG(s) 'produce_json' retrieved from /opt/airflow/dags/main.py
[2026-01-18T12:02:26.059+0000] {logging_mixin.py:188} INFO - [2026-01-18T12:02:26.059+0000] {dag.py:3096} INFO - Sync 1 DAGs
[2026-01-18T12:02:26.088+0000] {logging_mixin.py:188} INFO - [2026-01-18T12:02:26.087+0000] {dag.py:3954} INFO - Setting next_dagrun for produce_json to 2026-01-17 13:00:00+00:00, run_after=2026-01-18 13:00:00+00:00
[2026-01-18T12:02:26.105+0000] {processor.py:183} INFO - Processing /opt/airflow/dags/main.py took 0.154 seconds
[2026-01-18T12:02:56.263+0000] {processor.py:161} INFO - Started process (PID=1209) to work on /opt/airflow/dags/main.py
[2026-01-18T12:02:56.266+0000] {processor.py:830} INFO - Processing file /opt/airflow/dags/main.py for tasks to queue
[2026-01-18T12:02:56.269+0000] {logging_mixin.py:188} INFO - [2026-01-18T12:02:56.268+0000] {dagbag.py:545} INFO - Filling up the DagBag from /opt/airflow/dags/main.py
[2026-01-18T12:02:56.293+0000] {logging_mixin.py:188} INFO - get_playlist_id won't be executed
[2026-01-18T12:02:56.301+0000] {processor.py:840} INFO - DAG(s) 'produce_json' retrieved from /opt/airflow/dags/main.py
[2026-01-18T12:02:56.331+0000] {logging_mixin.py:188} INFO - [2026-01-18T12:02:56.330+0000] {dag.py:3096} INFO - Sync 1 DAGs
[2026-01-18T12:02:56.356+0000] {logging_mixin.py:188} INFO - [2026-01-18T12:02:56.356+0000] {dag.py:3954} INFO - Setting next_dagrun for produce_json to 2026-01-17 13:00:00+00:00, run_after=2026-01-18 13:00:00+00:00
[2026-01-18T12:02:56.371+0000] {processor.py:183} INFO - Processing /opt/airflow/dags/main.py took 0.116 seconds
[2026-01-18T12:03:26.690+0000] {processor.py:161} INFO - Started process (PID=1216) to work on /opt/airflow/dags/main.py
[2026-01-18T12:03:26.695+0000] {processor.py:830} INFO - Processing file /opt/airflow/dags/main.py for tasks to queue
[2026-01-18T12:03:26.701+0000] {logging_mixin.py:188} INFO - [2026-01-18T12:03:26.701+0000] {dagbag.py:545} INFO - Filling up the DagBag from /opt/airflow/dags/main.py
[2026-01-18T12:03:26.734+0000] {logging_mixin.py:188} INFO - get_playlist_id won't be executed
[2026-01-18T12:03:26.743+0000] {processor.py:840} INFO - DAG(s) 'produce_json' retrieved from /opt/airflow/dags/main.py
[2026-01-18T12:03:26.781+0000] {logging_mixin.py:188} INFO - [2026-01-18T12:03:26.781+0000] {dag.py:3096} INFO - Sync 1 DAGs
[2026-01-18T12:03:26.807+0000] {logging_mixin.py:188} INFO - [2026-01-18T12:03:26.807+0000] {dag.py:3954} INFO - Setting next_dagrun for produce_json to 2026-01-17 13:00:00+00:00, run_after=2026-01-18 13:00:00+00:00
[2026-01-18T12:03:26.822+0000] {processor.py:183} INFO - Processing /opt/airflow/dags/main.py took 0.145 seconds
[2026-01-18T12:03:56.988+0000] {processor.py:161} INFO - Started process (PID=1223) to work on /opt/airflow/dags/main.py
[2026-01-18T12:03:56.990+0000] {processor.py:830} INFO - Processing file /opt/airflow/dags/main.py for tasks to queue
[2026-01-18T12:03:56.993+0000] {logging_mixin.py:188} INFO - [2026-01-18T12:03:56.993+0000] {dagbag.py:545} INFO - Filling up the DagBag from /opt/airflow/dags/main.py
[2026-01-18T12:03:57.029+0000] {logging_mixin.py:188} INFO - get_playlist_id won't be executed
[2026-01-18T12:03:57.039+0000] {processor.py:840} INFO - DAG(s) 'produce_json' retrieved from /opt/airflow/dags/main.py
[2026-01-18T12:03:57.076+0000] {logging_mixin.py:188} INFO - [2026-01-18T12:03:57.076+0000] {dag.py:3096} INFO - Sync 1 DAGs
[2026-01-18T12:03:57.101+0000] {logging_mixin.py:188} INFO - [2026-01-18T12:03:57.101+0000] {dag.py:3954} INFO - Setting next_dagrun for produce_json to 2026-01-17 13:00:00+00:00, run_after=2026-01-18 13:00:00+00:00
[2026-01-18T12:03:57.115+0000] {processor.py:183} INFO - Processing /opt/airflow/dags/main.py took 0.141 seconds
[2026-01-18T12:04:27.345+0000] {processor.py:161} INFO - Started process (PID=1230) to work on /opt/airflow/dags/main.py
[2026-01-18T12:04:27.350+0000] {processor.py:830} INFO - Processing file /opt/airflow/dags/main.py for tasks to queue
[2026-01-18T12:04:27.355+0000] {logging_mixin.py:188} INFO - [2026-01-18T12:04:27.354+0000] {dagbag.py:545} INFO - Filling up the DagBag from /opt/airflow/dags/main.py
[2026-01-18T12:04:27.390+0000] {logging_mixin.py:188} INFO - get_playlist_id won't be executed
[2026-01-18T12:04:27.412+0000] {processor.py:840} INFO - DAG(s) 'produce_json' retrieved from /opt/airflow/dags/main.py
[2026-01-18T12:04:27.461+0000] {logging_mixin.py:188} INFO - [2026-01-18T12:04:27.461+0000] {dag.py:3096} INFO - Sync 1 DAGs
[2026-01-18T12:04:27.498+0000] {logging_mixin.py:188} INFO - [2026-01-18T12:04:27.498+0000] {dag.py:3954} INFO - Setting next_dagrun for produce_json to 2026-01-17 13:00:00+00:00, run_after=2026-01-18 13:00:00+00:00
[2026-01-18T12:04:27.514+0000] {processor.py:183} INFO - Processing /opt/airflow/dags/main.py took 0.186 seconds
[2026-01-18T12:04:57.669+0000] {processor.py:161} INFO - Started process (PID=1237) to work on /opt/airflow/dags/main.py
[2026-01-18T12:04:57.672+0000] {processor.py:830} INFO - Processing file /opt/airflow/dags/main.py for tasks to queue
[2026-01-18T12:04:57.674+0000] {logging_mixin.py:188} INFO - [2026-01-18T12:04:57.674+0000] {dagbag.py:545} INFO - Filling up the DagBag from /opt/airflow/dags/main.py
[2026-01-18T12:04:57.701+0000] {logging_mixin.py:188} INFO - get_playlist_id won't be executed
[2026-01-18T12:04:57.713+0000] {processor.py:840} INFO - DAG(s) 'produce_json' retrieved from /opt/airflow/dags/main.py
[2026-01-18T12:04:57.756+0000] {logging_mixin.py:188} INFO - [2026-01-18T12:04:57.756+0000] {dag.py:3096} INFO - Sync 1 DAGs
[2026-01-18T12:04:57.791+0000] {logging_mixin.py:188} INFO - [2026-01-18T12:04:57.791+0000] {dag.py:3954} INFO - Setting next_dagrun for produce_json to 2026-01-17 13:00:00+00:00, run_after=2026-01-18 13:00:00+00:00
[2026-01-18T12:04:57.808+0000] {processor.py:183} INFO - Processing /opt/airflow/dags/main.py took 0.161 seconds
[2026-01-18T12:05:28.072+0000] {processor.py:161} INFO - Started process (PID=1244) to work on /opt/airflow/dags/main.py
[2026-01-18T12:05:28.074+0000] {processor.py:830} INFO - Processing file /opt/airflow/dags/main.py for tasks to queue
[2026-01-18T12:05:28.077+0000] {logging_mixin.py:188} INFO - [2026-01-18T12:05:28.076+0000] {dagbag.py:545} INFO - Filling up the DagBag from /opt/airflow/dags/main.py
[2026-01-18T12:05:28.102+0000] {logging_mixin.py:188} INFO - get_playlist_id won't be executed
[2026-01-18T12:05:28.109+0000] {processor.py:840} INFO - DAG(s) 'produce_json' retrieved from /opt/airflow/dags/main.py
[2026-01-18T12:05:28.134+0000] {logging_mixin.py:188} INFO - [2026-01-18T12:05:28.134+0000] {dag.py:3096} INFO - Sync 1 DAGs
[2026-01-18T12:05:28.154+0000] {logging_mixin.py:188} INFO - [2026-01-18T12:05:28.154+0000] {dag.py:3954} INFO - Setting next_dagrun for produce_json to 2026-01-17 13:00:00+00:00, run_after=2026-01-18 13:00:00+00:00
[2026-01-18T12:05:28.167+0000] {processor.py:183} INFO - Processing /opt/airflow/dags/main.py took 0.110 seconds
[2026-01-18T12:05:58.353+0000] {processor.py:161} INFO - Started process (PID=1251) to work on /opt/airflow/dags/main.py
[2026-01-18T12:05:58.354+0000] {processor.py:830} INFO - Processing file /opt/airflow/dags/main.py for tasks to queue
[2026-01-18T12:05:58.357+0000] {logging_mixin.py:188} INFO - [2026-01-18T12:05:58.356+0000] {dagbag.py:545} INFO - Filling up the DagBag from /opt/airflow/dags/main.py
[2026-01-18T12:05:58.378+0000] {logging_mixin.py:188} INFO - get_playlist_id won't be executed
[2026-01-18T12:05:58.386+0000] {processor.py:840} INFO - DAG(s) 'produce_json' retrieved from /opt/airflow/dags/main.py
[2026-01-18T12:05:58.411+0000] {logging_mixin.py:188} INFO - [2026-01-18T12:05:58.411+0000] {dag.py:3096} INFO - Sync 1 DAGs
[2026-01-18T12:05:58.429+0000] {logging_mixin.py:188} INFO - [2026-01-18T12:05:58.429+0000] {dag.py:3954} INFO - Setting next_dagrun for produce_json to 2026-01-17 13:00:00+00:00, run_after=2026-01-18 13:00:00+00:00
[2026-01-18T12:05:58.442+0000] {processor.py:183} INFO - Processing /opt/airflow/dags/main.py took 0.096 seconds
[2026-01-18T12:06:28.758+0000] {processor.py:161} INFO - Started process (PID=1258) to work on /opt/airflow/dags/main.py
[2026-01-18T12:06:28.762+0000] {processor.py:830} INFO - Processing file /opt/airflow/dags/main.py for tasks to queue
[2026-01-18T12:06:28.770+0000] {logging_mixin.py:188} INFO - [2026-01-18T12:06:28.769+0000] {dagbag.py:545} INFO - Filling up the DagBag from /opt/airflow/dags/main.py
[2026-01-18T12:06:28.816+0000] {logging_mixin.py:188} INFO - get_playlist_id won't be executed
[2026-01-18T12:06:28.833+0000] {processor.py:840} INFO - DAG(s) 'produce_json' retrieved from /opt/airflow/dags/main.py
[2026-01-18T12:06:28.893+0000] {logging_mixin.py:188} INFO - [2026-01-18T12:06:28.892+0000] {dag.py:3096} INFO - Sync 1 DAGs
[2026-01-18T12:06:28.929+0000] {logging_mixin.py:188} INFO - [2026-01-18T12:06:28.928+0000] {dag.py:3954} INFO - Setting next_dagrun for produce_json to 2026-01-17 13:00:00+00:00, run_after=2026-01-18 13:00:00+00:00
[2026-01-18T12:06:28.945+0000] {processor.py:183} INFO - Processing /opt/airflow/dags/main.py took 0.200 seconds
[2026-01-18T12:06:59.073+0000] {processor.py:161} INFO - Started process (PID=1265) to work on /opt/airflow/dags/main.py
[2026-01-18T12:06:59.075+0000] {processor.py:830} INFO - Processing file /opt/airflow/dags/main.py for tasks to queue
[2026-01-18T12:06:59.080+0000] {logging_mixin.py:188} INFO - [2026-01-18T12:06:59.080+0000] {dagbag.py:545} INFO - Filling up the DagBag from /opt/airflow/dags/main.py
[2026-01-18T12:06:59.118+0000] {logging_mixin.py:188} INFO - get_playlist_id won't be executed
[2026-01-18T12:06:59.129+0000] {processor.py:840} INFO - DAG(s) 'produce_json' retrieved from /opt/airflow/dags/main.py
[2026-01-18T12:06:59.173+0000] {logging_mixin.py:188} INFO - [2026-01-18T12:06:59.173+0000] {dag.py:3096} INFO - Sync 1 DAGs
[2026-01-18T12:06:59.205+0000] {logging_mixin.py:188} INFO - [2026-01-18T12:06:59.204+0000] {dag.py:3954} INFO - Setting next_dagrun for produce_json to 2026-01-17 13:00:00+00:00, run_after=2026-01-18 13:00:00+00:00
[2026-01-18T12:06:59.218+0000] {processor.py:183} INFO - Processing /opt/airflow/dags/main.py took 0.156 seconds
[2026-01-18T12:07:29.543+0000] {processor.py:161} INFO - Started process (PID=1272) to work on /opt/airflow/dags/main.py
[2026-01-18T12:07:29.546+0000] {processor.py:830} INFO - Processing file /opt/airflow/dags/main.py for tasks to queue
[2026-01-18T12:07:29.550+0000] {logging_mixin.py:188} INFO - [2026-01-18T12:07:29.550+0000] {dagbag.py:545} INFO - Filling up the DagBag from /opt/airflow/dags/main.py
[2026-01-18T12:07:29.586+0000] {logging_mixin.py:188} INFO - get_playlist_id won't be executed
[2026-01-18T12:07:29.599+0000] {processor.py:840} INFO - DAG(s) 'produce_json' retrieved from /opt/airflow/dags/main.py
[2026-01-18T12:07:29.637+0000] {logging_mixin.py:188} INFO - [2026-01-18T12:07:29.636+0000] {dag.py:3096} INFO - Sync 1 DAGs
[2026-01-18T12:07:29.664+0000] {logging_mixin.py:188} INFO - [2026-01-18T12:07:29.664+0000] {dag.py:3954} INFO - Setting next_dagrun for produce_json to 2026-01-17 13:00:00+00:00, run_after=2026-01-18 13:00:00+00:00
[2026-01-18T12:07:29.690+0000] {processor.py:183} INFO - Processing /opt/airflow/dags/main.py took 0.161 seconds
[2026-01-18T12:07:59.916+0000] {processor.py:161} INFO - Started process (PID=1279) to work on /opt/airflow/dags/main.py
[2026-01-18T12:07:59.918+0000] {processor.py:830} INFO - Processing file /opt/airflow/dags/main.py for tasks to queue
[2026-01-18T12:07:59.926+0000] {logging_mixin.py:188} INFO - [2026-01-18T12:07:59.925+0000] {dagbag.py:545} INFO - Filling up the DagBag from /opt/airflow/dags/main.py
[2026-01-18T12:07:59.964+0000] {logging_mixin.py:188} INFO - get_playlist_id won't be executed
[2026-01-18T12:07:59.975+0000] {processor.py:840} INFO - DAG(s) 'produce_json' retrieved from /opt/airflow/dags/main.py
[2026-01-18T12:08:00.026+0000] {logging_mixin.py:188} INFO - [2026-01-18T12:08:00.026+0000] {dag.py:3096} INFO - Sync 1 DAGs
[2026-01-18T12:08:00.051+0000] {logging_mixin.py:188} INFO - [2026-01-18T12:08:00.051+0000] {dag.py:3954} INFO - Setting next_dagrun for produce_json to 2026-01-17 13:00:00+00:00, run_after=2026-01-18 13:00:00+00:00
[2026-01-18T12:08:00.064+0000] {processor.py:183} INFO - Processing /opt/airflow/dags/main.py took 0.159 seconds
[2026-01-18T12:08:30.248+0000] {processor.py:161} INFO - Started process (PID=1286) to work on /opt/airflow/dags/main.py
[2026-01-18T12:08:30.251+0000] {processor.py:830} INFO - Processing file /opt/airflow/dags/main.py for tasks to queue
[2026-01-18T12:08:30.254+0000] {logging_mixin.py:188} INFO - [2026-01-18T12:08:30.253+0000] {dagbag.py:545} INFO - Filling up the DagBag from /opt/airflow/dags/main.py
[2026-01-18T12:08:30.299+0000] {logging_mixin.py:188} INFO - get_playlist_id won't be executed
[2026-01-18T12:08:30.311+0000] {processor.py:840} INFO - DAG(s) 'produce_json' retrieved from /opt/airflow/dags/main.py
[2026-01-18T12:08:30.359+0000] {logging_mixin.py:188} INFO - [2026-01-18T12:08:30.359+0000] {dag.py:3096} INFO - Sync 1 DAGs
[2026-01-18T12:08:30.397+0000] {logging_mixin.py:188} INFO - [2026-01-18T12:08:30.397+0000] {dag.py:3954} INFO - Setting next_dagrun for produce_json to 2026-01-17 13:00:00+00:00, run_after=2026-01-18 13:00:00+00:00
[2026-01-18T12:08:30.414+0000] {processor.py:183} INFO - Processing /opt/airflow/dags/main.py took 0.183 seconds
[2026-01-18T12:09:00.682+0000] {processor.py:161} INFO - Started process (PID=1293) to work on /opt/airflow/dags/main.py
[2026-01-18T12:09:00.684+0000] {processor.py:830} INFO - Processing file /opt/airflow/dags/main.py for tasks to queue
[2026-01-18T12:09:00.688+0000] {logging_mixin.py:188} INFO - [2026-01-18T12:09:00.687+0000] {dagbag.py:545} INFO - Filling up the DagBag from /opt/airflow/dags/main.py
[2026-01-18T12:09:00.731+0000] {logging_mixin.py:188} INFO - get_playlist_id won't be executed
[2026-01-18T12:09:00.742+0000] {processor.py:840} INFO - DAG(s) 'produce_json' retrieved from /opt/airflow/dags/main.py
[2026-01-18T12:09:00.792+0000] {logging_mixin.py:188} INFO - [2026-01-18T12:09:00.791+0000] {dag.py:3096} INFO - Sync 1 DAGs
[2026-01-18T12:09:00.817+0000] {logging_mixin.py:188} INFO - [2026-01-18T12:09:00.817+0000] {dag.py:3954} INFO - Setting next_dagrun for produce_json to 2026-01-17 13:00:00+00:00, run_after=2026-01-18 13:00:00+00:00
[2026-01-18T12:09:00.839+0000] {processor.py:183} INFO - Processing /opt/airflow/dags/main.py took 0.173 seconds
[2026-01-18T12:09:30.968+0000] {processor.py:161} INFO - Started process (PID=1300) to work on /opt/airflow/dags/main.py
[2026-01-18T12:09:30.972+0000] {processor.py:830} INFO - Processing file /opt/airflow/dags/main.py for tasks to queue
[2026-01-18T12:09:30.979+0000] {logging_mixin.py:188} INFO - [2026-01-18T12:09:30.979+0000] {dagbag.py:545} INFO - Filling up the DagBag from /opt/airflow/dags/main.py
[2026-01-18T12:09:31.019+0000] {logging_mixin.py:188} INFO - get_playlist_id won't be executed
[2026-01-18T12:09:31.033+0000] {processor.py:840} INFO - DAG(s) 'produce_json' retrieved from /opt/airflow/dags/main.py
[2026-01-18T12:09:31.085+0000] {logging_mixin.py:188} INFO - [2026-01-18T12:09:31.085+0000] {dag.py:3096} INFO - Sync 1 DAGs
[2026-01-18T12:09:31.108+0000] {logging_mixin.py:188} INFO - [2026-01-18T12:09:31.108+0000] {dag.py:3954} INFO - Setting next_dagrun for produce_json to 2026-01-17 13:00:00+00:00, run_after=2026-01-18 13:00:00+00:00
[2026-01-18T12:09:31.130+0000] {processor.py:183} INFO - Processing /opt/airflow/dags/main.py took 0.175 seconds
[2026-01-18T12:10:01.293+0000] {processor.py:161} INFO - Started process (PID=1307) to work on /opt/airflow/dags/main.py
[2026-01-18T12:10:01.295+0000] {processor.py:830} INFO - Processing file /opt/airflow/dags/main.py for tasks to queue
[2026-01-18T12:10:01.299+0000] {logging_mixin.py:188} INFO - [2026-01-18T12:10:01.298+0000] {dagbag.py:545} INFO - Filling up the DagBag from /opt/airflow/dags/main.py
[2026-01-18T12:10:01.346+0000] {logging_mixin.py:188} INFO - get_playlist_id won't be executed
[2026-01-18T12:10:01.360+0000] {processor.py:840} INFO - DAG(s) 'produce_json' retrieved from /opt/airflow/dags/main.py
[2026-01-18T12:10:01.410+0000] {logging_mixin.py:188} INFO - [2026-01-18T12:10:01.410+0000] {dag.py:3096} INFO - Sync 1 DAGs
[2026-01-18T12:10:01.436+0000] {logging_mixin.py:188} INFO - [2026-01-18T12:10:01.436+0000] {dag.py:3954} INFO - Setting next_dagrun for produce_json to 2026-01-17 13:00:00+00:00, run_after=2026-01-18 13:00:00+00:00
[2026-01-18T12:10:01.451+0000] {processor.py:183} INFO - Processing /opt/airflow/dags/main.py took 0.168 seconds
[2026-01-18T12:10:31.740+0000] {processor.py:161} INFO - Started process (PID=1314) to work on /opt/airflow/dags/main.py
[2026-01-18T12:10:31.742+0000] {processor.py:830} INFO - Processing file /opt/airflow/dags/main.py for tasks to queue
[2026-01-18T12:10:31.747+0000] {logging_mixin.py:188} INFO - [2026-01-18T12:10:31.746+0000] {dagbag.py:545} INFO - Filling up the DagBag from /opt/airflow/dags/main.py
[2026-01-18T12:10:31.785+0000] {logging_mixin.py:188} INFO - get_playlist_id won't be executed
[2026-01-18T12:10:31.802+0000] {processor.py:840} INFO - DAG(s) 'produce_json' retrieved from /opt/airflow/dags/main.py
[2026-01-18T12:10:31.844+0000] {logging_mixin.py:188} INFO - [2026-01-18T12:10:31.844+0000] {dag.py:3096} INFO - Sync 1 DAGs
[2026-01-18T12:10:31.871+0000] {logging_mixin.py:188} INFO - [2026-01-18T12:10:31.871+0000] {dag.py:3954} INFO - Setting next_dagrun for produce_json to 2026-01-17 13:00:00+00:00, run_after=2026-01-18 13:00:00+00:00
[2026-01-18T12:10:31.887+0000] {processor.py:183} INFO - Processing /opt/airflow/dags/main.py took 0.161 seconds
[2026-01-18T12:11:02.085+0000] {processor.py:161} INFO - Started process (PID=1321) to work on /opt/airflow/dags/main.py
[2026-01-18T12:11:02.089+0000] {processor.py:830} INFO - Processing file /opt/airflow/dags/main.py for tasks to queue
[2026-01-18T12:11:02.092+0000] {logging_mixin.py:188} INFO - [2026-01-18T12:11:02.091+0000] {dagbag.py:545} INFO - Filling up the DagBag from /opt/airflow/dags/main.py
[2026-01-18T12:11:02.131+0000] {logging_mixin.py:188} INFO - get_playlist_id won't be executed
[2026-01-18T12:11:02.148+0000] {processor.py:840} INFO - DAG(s) 'produce_json' retrieved from /opt/airflow/dags/main.py
[2026-01-18T12:11:02.188+0000] {logging_mixin.py:188} INFO - [2026-01-18T12:11:02.187+0000] {dag.py:3096} INFO - Sync 1 DAGs
[2026-01-18T12:11:02.215+0000] {logging_mixin.py:188} INFO - [2026-01-18T12:11:02.215+0000] {dag.py:3954} INFO - Setting next_dagrun for produce_json to 2026-01-17 13:00:00+00:00, run_after=2026-01-18 13:00:00+00:00
[2026-01-18T12:11:02.228+0000] {processor.py:183} INFO - Processing /opt/airflow/dags/main.py took 0.162 seconds
[2026-01-18T12:11:32.486+0000] {processor.py:161} INFO - Started process (PID=1328) to work on /opt/airflow/dags/main.py
[2026-01-18T12:11:32.488+0000] {processor.py:830} INFO - Processing file /opt/airflow/dags/main.py for tasks to queue
[2026-01-18T12:11:32.491+0000] {logging_mixin.py:188} INFO - [2026-01-18T12:11:32.491+0000] {dagbag.py:545} INFO - Filling up the DagBag from /opt/airflow/dags/main.py
[2026-01-18T12:11:32.527+0000] {logging_mixin.py:188} INFO - get_playlist_id won't be executed
[2026-01-18T12:11:32.537+0000] {processor.py:840} INFO - DAG(s) 'produce_json' retrieved from /opt/airflow/dags/main.py
[2026-01-18T12:11:32.571+0000] {logging_mixin.py:188} INFO - [2026-01-18T12:11:32.571+0000] {dag.py:3096} INFO - Sync 1 DAGs
[2026-01-18T12:11:32.596+0000] {logging_mixin.py:188} INFO - [2026-01-18T12:11:32.596+0000] {dag.py:3954} INFO - Setting next_dagrun for produce_json to 2026-01-17 13:00:00+00:00, run_after=2026-01-18 13:00:00+00:00
[2026-01-18T12:11:32.615+0000] {processor.py:183} INFO - Processing /opt/airflow/dags/main.py took 0.138 seconds
[2026-01-18T12:12:02.803+0000] {processor.py:161} INFO - Started process (PID=1335) to work on /opt/airflow/dags/main.py
[2026-01-18T12:12:02.805+0000] {processor.py:830} INFO - Processing file /opt/airflow/dags/main.py for tasks to queue
[2026-01-18T12:12:02.809+0000] {logging_mixin.py:188} INFO - [2026-01-18T12:12:02.809+0000] {dagbag.py:545} INFO - Filling up the DagBag from /opt/airflow/dags/main.py
[2026-01-18T12:12:02.844+0000] {logging_mixin.py:188} INFO - get_playlist_id won't be executed
[2026-01-18T12:12:02.857+0000] {processor.py:840} INFO - DAG(s) 'produce_json' retrieved from /opt/airflow/dags/main.py
[2026-01-18T12:12:02.900+0000] {logging_mixin.py:188} INFO - [2026-01-18T12:12:02.899+0000] {dag.py:3096} INFO - Sync 1 DAGs
[2026-01-18T12:12:02.933+0000] {logging_mixin.py:188} INFO - [2026-01-18T12:12:02.932+0000] {dag.py:3954} INFO - Setting next_dagrun for produce_json to 2026-01-17 13:00:00+00:00, run_after=2026-01-18 13:00:00+00:00
[2026-01-18T12:12:02.947+0000] {processor.py:183} INFO - Processing /opt/airflow/dags/main.py took 0.155 seconds
[2026-01-18T12:12:33.137+0000] {processor.py:161} INFO - Started process (PID=1342) to work on /opt/airflow/dags/main.py
[2026-01-18T12:12:33.139+0000] {processor.py:830} INFO - Processing file /opt/airflow/dags/main.py for tasks to queue
[2026-01-18T12:12:33.143+0000] {logging_mixin.py:188} INFO - [2026-01-18T12:12:33.143+0000] {dagbag.py:545} INFO - Filling up the DagBag from /opt/airflow/dags/main.py
[2026-01-18T12:12:33.171+0000] {logging_mixin.py:188} INFO - get_playlist_id won't be executed
[2026-01-18T12:12:33.181+0000] {processor.py:840} INFO - DAG(s) 'produce_json' retrieved from /opt/airflow/dags/main.py
[2026-01-18T12:12:33.215+0000] {logging_mixin.py:188} INFO - [2026-01-18T12:12:33.215+0000] {dag.py:3096} INFO - Sync 1 DAGs
[2026-01-18T12:12:33.237+0000] {logging_mixin.py:188} INFO - [2026-01-18T12:12:33.236+0000] {dag.py:3954} INFO - Setting next_dagrun for produce_json to 2026-01-17 13:00:00+00:00, run_after=2026-01-18 13:00:00+00:00
[2026-01-18T12:12:33.249+0000] {processor.py:183} INFO - Processing /opt/airflow/dags/main.py took 0.123 seconds
[2026-01-18T12:13:03.413+0000] {processor.py:161} INFO - Started process (PID=1349) to work on /opt/airflow/dags/main.py
[2026-01-18T12:13:03.418+0000] {processor.py:830} INFO - Processing file /opt/airflow/dags/main.py for tasks to queue
[2026-01-18T12:13:03.420+0000] {logging_mixin.py:188} INFO - [2026-01-18T12:13:03.419+0000] {dagbag.py:545} INFO - Filling up the DagBag from /opt/airflow/dags/main.py
[2026-01-18T12:13:03.437+0000] {logging_mixin.py:188} INFO - get_playlist_id won't be executed
[2026-01-18T12:13:03.443+0000] {processor.py:840} INFO - DAG(s) 'produce_json' retrieved from /opt/airflow/dags/main.py
[2026-01-18T12:13:03.469+0000] {logging_mixin.py:188} INFO - [2026-01-18T12:13:03.468+0000] {dag.py:3096} INFO - Sync 1 DAGs
[2026-01-18T12:13:03.485+0000] {logging_mixin.py:188} INFO - [2026-01-18T12:13:03.485+0000] {dag.py:3954} INFO - Setting next_dagrun for produce_json to 2026-01-17 13:00:00+00:00, run_after=2026-01-18 13:00:00+00:00
[2026-01-18T12:13:03.497+0000] {processor.py:183} INFO - Processing /opt/airflow/dags/main.py took 0.095 seconds
[2026-01-18T12:13:33.823+0000] {processor.py:161} INFO - Started process (PID=1356) to work on /opt/airflow/dags/main.py
[2026-01-18T12:13:33.826+0000] {processor.py:830} INFO - Processing file /opt/airflow/dags/main.py for tasks to queue
[2026-01-18T12:13:33.831+0000] {logging_mixin.py:188} INFO - [2026-01-18T12:13:33.830+0000] {dagbag.py:545} INFO - Filling up the DagBag from /opt/airflow/dags/main.py
[2026-01-18T12:13:33.868+0000] {logging_mixin.py:188} INFO - get_playlist_id won't be executed
[2026-01-18T12:13:33.881+0000] {processor.py:840} INFO - DAG(s) 'produce_json' retrieved from /opt/airflow/dags/main.py
[2026-01-18T12:13:33.923+0000] {logging_mixin.py:188} INFO - [2026-01-18T12:13:33.923+0000] {dag.py:3096} INFO - Sync 1 DAGs
[2026-01-18T12:13:33.951+0000] {logging_mixin.py:188} INFO - [2026-01-18T12:13:33.951+0000] {dag.py:3954} INFO - Setting next_dagrun for produce_json to 2026-01-17 13:00:00+00:00, run_after=2026-01-18 13:00:00+00:00
[2026-01-18T12:13:33.967+0000] {processor.py:183} INFO - Processing /opt/airflow/dags/main.py took 0.156 seconds
[2026-01-18T12:14:04.089+0000] {processor.py:161} INFO - Started process (PID=1363) to work on /opt/airflow/dags/main.py
[2026-01-18T12:14:04.091+0000] {processor.py:830} INFO - Processing file /opt/airflow/dags/main.py for tasks to queue
[2026-01-18T12:14:04.093+0000] {logging_mixin.py:188} INFO - [2026-01-18T12:14:04.092+0000] {dagbag.py:545} INFO - Filling up the DagBag from /opt/airflow/dags/main.py
[2026-01-18T12:14:04.116+0000] {logging_mixin.py:188} INFO - get_playlist_id won't be executed
[2026-01-18T12:14:04.136+0000] {processor.py:840} INFO - DAG(s) 'produce_json' retrieved from /opt/airflow/dags/main.py
[2026-01-18T12:14:04.163+0000] {logging_mixin.py:188} INFO - [2026-01-18T12:14:04.163+0000] {dag.py:3096} INFO - Sync 1 DAGs
[2026-01-18T12:14:04.184+0000] {logging_mixin.py:188} INFO - [2026-01-18T12:14:04.183+0000] {dag.py:3954} INFO - Setting next_dagrun for produce_json to 2026-01-17 13:00:00+00:00, run_after=2026-01-18 13:00:00+00:00
[2026-01-18T12:14:04.210+0000] {processor.py:183} INFO - Processing /opt/airflow/dags/main.py took 0.130 seconds
[2026-01-18T12:14:34.356+0000] {processor.py:161} INFO - Started process (PID=1370) to work on /opt/airflow/dags/main.py
[2026-01-18T12:14:34.360+0000] {processor.py:830} INFO - Processing file /opt/airflow/dags/main.py for tasks to queue
[2026-01-18T12:14:34.364+0000] {logging_mixin.py:188} INFO - [2026-01-18T12:14:34.363+0000] {dagbag.py:545} INFO - Filling up the DagBag from /opt/airflow/dags/main.py
[2026-01-18T12:14:34.398+0000] {logging_mixin.py:188} INFO - get_playlist_id won't be executed
[2026-01-18T12:14:34.408+0000] {processor.py:840} INFO - DAG(s) 'produce_json' retrieved from /opt/airflow/dags/main.py
[2026-01-18T12:14:34.463+0000] {logging_mixin.py:188} INFO - [2026-01-18T12:14:34.463+0000] {dag.py:3096} INFO - Sync 1 DAGs
[2026-01-18T12:14:34.489+0000] {logging_mixin.py:188} INFO - [2026-01-18T12:14:34.489+0000] {dag.py:3954} INFO - Setting next_dagrun for produce_json to 2026-01-17 13:00:00+00:00, run_after=2026-01-18 13:00:00+00:00
[2026-01-18T12:14:34.502+0000] {processor.py:183} INFO - Processing /opt/airflow/dags/main.py took 0.156 seconds
[2026-01-18T12:15:04.796+0000] {processor.py:161} INFO - Started process (PID=1377) to work on /opt/airflow/dags/main.py
[2026-01-18T12:15:04.799+0000] {processor.py:830} INFO - Processing file /opt/airflow/dags/main.py for tasks to queue
[2026-01-18T12:15:04.801+0000] {logging_mixin.py:188} INFO - [2026-01-18T12:15:04.800+0000] {dagbag.py:545} INFO - Filling up the DagBag from /opt/airflow/dags/main.py
[2026-01-18T12:15:04.827+0000] {logging_mixin.py:188} INFO - get_playlist_id won't be executed
[2026-01-18T12:15:04.835+0000] {processor.py:840} INFO - DAG(s) 'produce_json' retrieved from /opt/airflow/dags/main.py
[2026-01-18T12:15:04.866+0000] {logging_mixin.py:188} INFO - [2026-01-18T12:15:04.865+0000] {dag.py:3096} INFO - Sync 1 DAGs
[2026-01-18T12:15:04.885+0000] {logging_mixin.py:188} INFO - [2026-01-18T12:15:04.885+0000] {dag.py:3954} INFO - Setting next_dagrun for produce_json to 2026-01-17 13:00:00+00:00, run_after=2026-01-18 13:00:00+00:00
[2026-01-18T12:15:04.898+0000] {processor.py:183} INFO - Processing /opt/airflow/dags/main.py took 0.109 seconds
[2026-01-18T12:15:35.121+0000] {processor.py:161} INFO - Started process (PID=1384) to work on /opt/airflow/dags/main.py
[2026-01-18T12:15:35.124+0000] {processor.py:830} INFO - Processing file /opt/airflow/dags/main.py for tasks to queue
[2026-01-18T12:15:35.131+0000] {logging_mixin.py:188} INFO - [2026-01-18T12:15:35.130+0000] {dagbag.py:545} INFO - Filling up the DagBag from /opt/airflow/dags/main.py
[2026-01-18T12:15:35.163+0000] {logging_mixin.py:188} INFO - get_playlist_id won't be executed
[2026-01-18T12:15:35.171+0000] {processor.py:840} INFO - DAG(s) 'produce_json' retrieved from /opt/airflow/dags/main.py
[2026-01-18T12:15:35.205+0000] {logging_mixin.py:188} INFO - [2026-01-18T12:15:35.205+0000] {dag.py:3096} INFO - Sync 1 DAGs
[2026-01-18T12:15:35.230+0000] {logging_mixin.py:188} INFO - [2026-01-18T12:15:35.230+0000] {dag.py:3954} INFO - Setting next_dagrun for produce_json to 2026-01-17 13:00:00+00:00, run_after=2026-01-18 13:00:00+00:00
[2026-01-18T12:15:35.244+0000] {processor.py:183} INFO - Processing /opt/airflow/dags/main.py took 0.130 seconds
[2026-01-18T12:16:05.431+0000] {processor.py:161} INFO - Started process (PID=1391) to work on /opt/airflow/dags/main.py
[2026-01-18T12:16:05.434+0000] {processor.py:830} INFO - Processing file /opt/airflow/dags/main.py for tasks to queue
[2026-01-18T12:16:05.437+0000] {logging_mixin.py:188} INFO - [2026-01-18T12:16:05.437+0000] {dagbag.py:545} INFO - Filling up the DagBag from /opt/airflow/dags/main.py
[2026-01-18T12:16:05.473+0000] {logging_mixin.py:188} INFO - get_playlist_id won't be executed
[2026-01-18T12:16:05.485+0000] {processor.py:840} INFO - DAG(s) 'produce_json' retrieved from /opt/airflow/dags/main.py
[2026-01-18T12:16:05.527+0000] {logging_mixin.py:188} INFO - [2026-01-18T12:16:05.527+0000] {dag.py:3096} INFO - Sync 1 DAGs
[2026-01-18T12:16:05.555+0000] {logging_mixin.py:188} INFO - [2026-01-18T12:16:05.555+0000] {dag.py:3954} INFO - Setting next_dagrun for produce_json to 2026-01-17 13:00:00+00:00, run_after=2026-01-18 13:00:00+00:00
[2026-01-18T12:16:05.571+0000] {processor.py:183} INFO - Processing /opt/airflow/dags/main.py took 0.152 seconds
[2026-01-18T12:16:35.874+0000] {processor.py:161} INFO - Started process (PID=1398) to work on /opt/airflow/dags/main.py
[2026-01-18T12:16:35.879+0000] {processor.py:830} INFO - Processing file /opt/airflow/dags/main.py for tasks to queue
[2026-01-18T12:16:35.889+0000] {logging_mixin.py:188} INFO - [2026-01-18T12:16:35.889+0000] {dagbag.py:545} INFO - Filling up the DagBag from /opt/airflow/dags/main.py
[2026-01-18T12:16:35.928+0000] {logging_mixin.py:188} INFO - get_playlist_id won't be executed
[2026-01-18T12:16:35.946+0000] {processor.py:840} INFO - DAG(s) 'produce_json' retrieved from /opt/airflow/dags/main.py
[2026-01-18T12:16:35.984+0000] {logging_mixin.py:188} INFO - [2026-01-18T12:16:35.984+0000] {dag.py:3096} INFO - Sync 1 DAGs
[2026-01-18T12:16:36.021+0000] {logging_mixin.py:188} INFO - [2026-01-18T12:16:36.021+0000] {dag.py:3954} INFO - Setting next_dagrun for produce_json to 2026-01-17 13:00:00+00:00, run_after=2026-01-18 13:00:00+00:00
[2026-01-18T12:16:36.037+0000] {processor.py:183} INFO - Processing /opt/airflow/dags/main.py took 0.183 seconds
[2026-01-18T12:17:06.339+0000] {processor.py:161} INFO - Started process (PID=1405) to work on /opt/airflow/dags/main.py
[2026-01-18T12:17:06.342+0000] {processor.py:830} INFO - Processing file /opt/airflow/dags/main.py for tasks to queue
[2026-01-18T12:17:06.347+0000] {logging_mixin.py:188} INFO - [2026-01-18T12:17:06.345+0000] {dagbag.py:545} INFO - Filling up the DagBag from /opt/airflow/dags/main.py
[2026-01-18T12:17:06.378+0000] {logging_mixin.py:188} INFO - get_playlist_id won't be executed
[2026-01-18T12:17:06.388+0000] {processor.py:840} INFO - DAG(s) 'produce_json' retrieved from /opt/airflow/dags/main.py
[2026-01-18T12:17:06.430+0000] {logging_mixin.py:188} INFO - [2026-01-18T12:17:06.430+0000] {dag.py:3096} INFO - Sync 1 DAGs
[2026-01-18T12:17:06.456+0000] {logging_mixin.py:188} INFO - [2026-01-18T12:17:06.455+0000] {dag.py:3954} INFO - Setting next_dagrun for produce_json to 2026-01-17 13:00:00+00:00, run_after=2026-01-18 13:00:00+00:00
[2026-01-18T12:17:06.472+0000] {processor.py:183} INFO - Processing /opt/airflow/dags/main.py took 0.147 seconds
[2026-01-18T12:17:36.667+0000] {processor.py:161} INFO - Started process (PID=1412) to work on /opt/airflow/dags/main.py
[2026-01-18T12:17:36.669+0000] {processor.py:830} INFO - Processing file /opt/airflow/dags/main.py for tasks to queue
[2026-01-18T12:17:36.671+0000] {logging_mixin.py:188} INFO - [2026-01-18T12:17:36.671+0000] {dagbag.py:545} INFO - Filling up the DagBag from /opt/airflow/dags/main.py
[2026-01-18T12:17:36.714+0000] {logging_mixin.py:188} INFO - get_playlist_id won't be executed
[2026-01-18T12:17:36.725+0000] {processor.py:840} INFO - DAG(s) 'produce_json' retrieved from /opt/airflow/dags/main.py
[2026-01-18T12:17:36.791+0000] {logging_mixin.py:188} INFO - [2026-01-18T12:17:36.791+0000] {dag.py:3096} INFO - Sync 1 DAGs
[2026-01-18T12:17:36.819+0000] {logging_mixin.py:188} INFO - [2026-01-18T12:17:36.818+0000] {dag.py:3954} INFO - Setting next_dagrun for produce_json to 2026-01-17 13:00:00+00:00, run_after=2026-01-18 13:00:00+00:00
[2026-01-18T12:17:36.836+0000] {processor.py:183} INFO - Processing /opt/airflow/dags/main.py took 0.185 seconds
[2026-01-18T12:18:07.138+0000] {processor.py:161} INFO - Started process (PID=1419) to work on /opt/airflow/dags/main.py
[2026-01-18T12:18:07.140+0000] {processor.py:830} INFO - Processing file /opt/airflow/dags/main.py for tasks to queue
[2026-01-18T12:18:07.146+0000] {logging_mixin.py:188} INFO - [2026-01-18T12:18:07.144+0000] {dagbag.py:545} INFO - Filling up the DagBag from /opt/airflow/dags/main.py
[2026-01-18T12:18:07.188+0000] {logging_mixin.py:188} INFO - get_playlist_id won't be executed
[2026-01-18T12:18:07.202+0000] {processor.py:840} INFO - DAG(s) 'produce_json' retrieved from /opt/airflow/dags/main.py
[2026-01-18T12:18:07.242+0000] {logging_mixin.py:188} INFO - [2026-01-18T12:18:07.242+0000] {dag.py:3096} INFO - Sync 1 DAGs
[2026-01-18T12:18:07.267+0000] {logging_mixin.py:188} INFO - [2026-01-18T12:18:07.267+0000] {dag.py:3954} INFO - Setting next_dagrun for produce_json to 2026-01-17 13:00:00+00:00, run_after=2026-01-18 13:00:00+00:00
[2026-01-18T12:18:07.281+0000] {processor.py:183} INFO - Processing /opt/airflow/dags/main.py took 0.158 seconds
[2026-01-18T12:18:37.435+0000] {processor.py:161} INFO - Started process (PID=1426) to work on /opt/airflow/dags/main.py
[2026-01-18T12:18:37.437+0000] {processor.py:830} INFO - Processing file /opt/airflow/dags/main.py for tasks to queue
[2026-01-18T12:18:37.440+0000] {logging_mixin.py:188} INFO - [2026-01-18T12:18:37.440+0000] {dagbag.py:545} INFO - Filling up the DagBag from /opt/airflow/dags/main.py
[2026-01-18T12:18:37.475+0000] {logging_mixin.py:188} INFO - get_playlist_id won't be executed
[2026-01-18T12:18:37.484+0000] {processor.py:840} INFO - DAG(s) 'produce_json' retrieved from /opt/airflow/dags/main.py
[2026-01-18T12:18:37.527+0000] {logging_mixin.py:188} INFO - [2026-01-18T12:18:37.527+0000] {dag.py:3096} INFO - Sync 1 DAGs
[2026-01-18T12:18:37.555+0000] {logging_mixin.py:188} INFO - [2026-01-18T12:18:37.555+0000] {dag.py:3954} INFO - Setting next_dagrun for produce_json to 2026-01-17 13:00:00+00:00, run_after=2026-01-18 13:00:00+00:00
[2026-01-18T12:18:37.571+0000] {processor.py:183} INFO - Processing /opt/airflow/dags/main.py took 0.152 seconds
[2026-01-18T12:19:07.815+0000] {processor.py:161} INFO - Started process (PID=1433) to work on /opt/airflow/dags/main.py
[2026-01-18T12:19:07.817+0000] {processor.py:830} INFO - Processing file /opt/airflow/dags/main.py for tasks to queue
[2026-01-18T12:19:07.820+0000] {logging_mixin.py:188} INFO - [2026-01-18T12:19:07.820+0000] {dagbag.py:545} INFO - Filling up the DagBag from /opt/airflow/dags/main.py
[2026-01-18T12:19:07.852+0000] {logging_mixin.py:188} INFO - get_playlist_id won't be executed
[2026-01-18T12:19:07.861+0000] {processor.py:840} INFO - DAG(s) 'produce_json' retrieved from /opt/airflow/dags/main.py
[2026-01-18T12:19:07.894+0000] {logging_mixin.py:188} INFO - [2026-01-18T12:19:07.894+0000] {dag.py:3096} INFO - Sync 1 DAGs
[2026-01-18T12:19:07.914+0000] {logging_mixin.py:188} INFO - [2026-01-18T12:19:07.914+0000] {dag.py:3954} INFO - Setting next_dagrun for produce_json to 2026-01-17 13:00:00+00:00, run_after=2026-01-18 13:00:00+00:00
[2026-01-18T12:19:07.928+0000] {processor.py:183} INFO - Processing /opt/airflow/dags/main.py took 0.123 seconds
[2026-01-18T12:19:38.135+0000] {processor.py:161} INFO - Started process (PID=1440) to work on /opt/airflow/dags/main.py
[2026-01-18T12:19:38.137+0000] {processor.py:830} INFO - Processing file /opt/airflow/dags/main.py for tasks to queue
[2026-01-18T12:19:38.147+0000] {logging_mixin.py:188} INFO - [2026-01-18T12:19:38.145+0000] {dagbag.py:545} INFO - Filling up the DagBag from /opt/airflow/dags/main.py
[2026-01-18T12:19:38.190+0000] {logging_mixin.py:188} INFO - get_playlist_id won't be executed
[2026-01-18T12:19:38.202+0000] {processor.py:840} INFO - DAG(s) 'produce_json' retrieved from /opt/airflow/dags/main.py
[2026-01-18T12:19:38.254+0000] {logging_mixin.py:188} INFO - [2026-01-18T12:19:38.253+0000] {dag.py:3096} INFO - Sync 1 DAGs
[2026-01-18T12:19:38.281+0000] {logging_mixin.py:188} INFO - [2026-01-18T12:19:38.281+0000] {dag.py:3954} INFO - Setting next_dagrun for produce_json to 2026-01-17 13:00:00+00:00, run_after=2026-01-18 13:00:00+00:00
[2026-01-18T12:19:38.295+0000] {processor.py:183} INFO - Processing /opt/airflow/dags/main.py took 0.178 seconds
[2026-01-18T12:20:08.503+0000] {processor.py:161} INFO - Started process (PID=1448) to work on /opt/airflow/dags/main.py
[2026-01-18T12:20:08.506+0000] {processor.py:830} INFO - Processing file /opt/airflow/dags/main.py for tasks to queue
[2026-01-18T12:20:08.514+0000] {logging_mixin.py:188} INFO - [2026-01-18T12:20:08.514+0000] {dagbag.py:545} INFO - Filling up the DagBag from /opt/airflow/dags/main.py
[2026-01-18T12:20:08.572+0000] {logging_mixin.py:188} INFO - get_playlist_id won't be executed
[2026-01-18T12:20:08.588+0000] {processor.py:840} INFO - DAG(s) 'produce_json' retrieved from /opt/airflow/dags/main.py
[2026-01-18T12:20:08.657+0000] {logging_mixin.py:188} INFO - [2026-01-18T12:20:08.657+0000] {dag.py:3096} INFO - Sync 1 DAGs
[2026-01-18T12:20:08.686+0000] {logging_mixin.py:188} INFO - [2026-01-18T12:20:08.686+0000] {dag.py:3954} INFO - Setting next_dagrun for produce_json to 2026-01-17 13:00:00+00:00, run_after=2026-01-18 13:00:00+00:00
[2026-01-18T12:20:08.702+0000] {processor.py:183} INFO - Processing /opt/airflow/dags/main.py took 0.220 seconds
[2026-01-18T12:20:38.856+0000] {processor.py:161} INFO - Started process (PID=1455) to work on /opt/airflow/dags/main.py
[2026-01-18T12:20:38.859+0000] {processor.py:830} INFO - Processing file /opt/airflow/dags/main.py for tasks to queue
[2026-01-18T12:20:38.862+0000] {logging_mixin.py:188} INFO - [2026-01-18T12:20:38.861+0000] {dagbag.py:545} INFO - Filling up the DagBag from /opt/airflow/dags/main.py
[2026-01-18T12:20:38.887+0000] {logging_mixin.py:188} INFO - get_playlist_id won't be executed
[2026-01-18T12:20:38.894+0000] {processor.py:840} INFO - DAG(s) 'produce_json' retrieved from /opt/airflow/dags/main.py
[2026-01-18T12:20:38.928+0000] {logging_mixin.py:188} INFO - [2026-01-18T12:20:38.928+0000] {dag.py:3096} INFO - Sync 1 DAGs
[2026-01-18T12:20:38.945+0000] {logging_mixin.py:188} INFO - [2026-01-18T12:20:38.945+0000] {dag.py:3954} INFO - Setting next_dagrun for produce_json to 2026-01-17 13:00:00+00:00, run_after=2026-01-18 13:00:00+00:00
[2026-01-18T12:20:38.960+0000] {processor.py:183} INFO - Processing /opt/airflow/dags/main.py took 0.125 seconds
[2026-01-18T12:21:09.294+0000] {processor.py:161} INFO - Started process (PID=1462) to work on /opt/airflow/dags/main.py
[2026-01-18T12:21:09.297+0000] {processor.py:830} INFO - Processing file /opt/airflow/dags/main.py for tasks to queue
[2026-01-18T12:21:09.301+0000] {logging_mixin.py:188} INFO - [2026-01-18T12:21:09.300+0000] {dagbag.py:545} INFO - Filling up the DagBag from /opt/airflow/dags/main.py
[2026-01-18T12:21:09.347+0000] {logging_mixin.py:188} INFO - get_playlist_id won't be executed
[2026-01-18T12:21:09.358+0000] {processor.py:840} INFO - DAG(s) 'produce_json' retrieved from /opt/airflow/dags/main.py
[2026-01-18T12:21:09.414+0000] {logging_mixin.py:188} INFO - [2026-01-18T12:21:09.413+0000] {dag.py:3096} INFO - Sync 1 DAGs
[2026-01-18T12:21:09.440+0000] {logging_mixin.py:188} INFO - [2026-01-18T12:21:09.440+0000] {dag.py:3954} INFO - Setting next_dagrun for produce_json to 2026-01-17 13:00:00+00:00, run_after=2026-01-18 13:00:00+00:00
[2026-01-18T12:21:09.458+0000] {processor.py:183} INFO - Processing /opt/airflow/dags/main.py took 0.187 seconds
[2026-01-18T12:21:39.598+0000] {processor.py:161} INFO - Started process (PID=1469) to work on /opt/airflow/dags/main.py
[2026-01-18T12:21:39.600+0000] {processor.py:830} INFO - Processing file /opt/airflow/dags/main.py for tasks to queue
[2026-01-18T12:21:39.604+0000] {logging_mixin.py:188} INFO - [2026-01-18T12:21:39.603+0000] {dagbag.py:545} INFO - Filling up the DagBag from /opt/airflow/dags/main.py
[2026-01-18T12:21:39.637+0000] {logging_mixin.py:188} INFO - get_playlist_id won't be executed
[2026-01-18T12:21:39.653+0000] {processor.py:840} INFO - DAG(s) 'produce_json' retrieved from /opt/airflow/dags/main.py
[2026-01-18T12:21:39.700+0000] {logging_mixin.py:188} INFO - [2026-01-18T12:21:39.700+0000] {dag.py:3096} INFO - Sync 1 DAGs
[2026-01-18T12:21:39.722+0000] {logging_mixin.py:188} INFO - [2026-01-18T12:21:39.721+0000] {dag.py:3954} INFO - Setting next_dagrun for produce_json to 2026-01-17 13:00:00+00:00, run_after=2026-01-18 13:00:00+00:00
[2026-01-18T12:21:39.735+0000] {processor.py:183} INFO - Processing /opt/airflow/dags/main.py took 0.146 seconds
[2026-01-18T12:22:10.031+0000] {processor.py:161} INFO - Started process (PID=1476) to work on /opt/airflow/dags/main.py
[2026-01-18T12:22:10.033+0000] {processor.py:830} INFO - Processing file /opt/airflow/dags/main.py for tasks to queue
[2026-01-18T12:22:10.036+0000] {logging_mixin.py:188} INFO - [2026-01-18T12:22:10.035+0000] {dagbag.py:545} INFO - Filling up the DagBag from /opt/airflow/dags/main.py
[2026-01-18T12:22:10.061+0000] {logging_mixin.py:188} INFO - get_playlist_id won't be executed
[2026-01-18T12:22:10.068+0000] {processor.py:840} INFO - DAG(s) 'produce_json' retrieved from /opt/airflow/dags/main.py
[2026-01-18T12:22:10.094+0000] {logging_mixin.py:188} INFO - [2026-01-18T12:22:10.094+0000] {dag.py:3096} INFO - Sync 1 DAGs
[2026-01-18T12:22:10.112+0000] {logging_mixin.py:188} INFO - [2026-01-18T12:22:10.112+0000] {dag.py:3954} INFO - Setting next_dagrun for produce_json to 2026-01-17 13:00:00+00:00, run_after=2026-01-18 13:00:00+00:00
[2026-01-18T12:22:10.125+0000] {processor.py:183} INFO - Processing /opt/airflow/dags/main.py took 0.104 seconds
[2026-01-18T12:22:40.324+0000] {processor.py:161} INFO - Started process (PID=1483) to work on /opt/airflow/dags/main.py
[2026-01-18T12:22:40.327+0000] {processor.py:830} INFO - Processing file /opt/airflow/dags/main.py for tasks to queue
[2026-01-18T12:22:40.335+0000] {logging_mixin.py:188} INFO - [2026-01-18T12:22:40.335+0000] {dagbag.py:545} INFO - Filling up the DagBag from /opt/airflow/dags/main.py
[2026-01-18T12:22:40.358+0000] {logging_mixin.py:188} INFO - get_playlist_id won't be executed
[2026-01-18T12:22:40.364+0000] {processor.py:840} INFO - DAG(s) 'produce_json' retrieved from /opt/airflow/dags/main.py
[2026-01-18T12:22:40.394+0000] {logging_mixin.py:188} INFO - [2026-01-18T12:22:40.394+0000] {dag.py:3096} INFO - Sync 1 DAGs
[2026-01-18T12:22:40.419+0000] {logging_mixin.py:188} INFO - [2026-01-18T12:22:40.419+0000] {dag.py:3954} INFO - Setting next_dagrun for produce_json to 2026-01-17 13:00:00+00:00, run_after=2026-01-18 13:00:00+00:00
[2026-01-18T12:22:40.432+0000] {processor.py:183} INFO - Processing /opt/airflow/dags/main.py took 0.120 seconds
[2026-01-18T12:23:10.675+0000] {processor.py:161} INFO - Started process (PID=1490) to work on /opt/airflow/dags/main.py
[2026-01-18T12:23:10.678+0000] {processor.py:830} INFO - Processing file /opt/airflow/dags/main.py for tasks to queue
[2026-01-18T12:23:10.682+0000] {logging_mixin.py:188} INFO - [2026-01-18T12:23:10.682+0000] {dagbag.py:545} INFO - Filling up the DagBag from /opt/airflow/dags/main.py
[2026-01-18T12:23:10.720+0000] {logging_mixin.py:188} INFO - get_playlist_id won't be executed
[2026-01-18T12:23:10.737+0000] {processor.py:840} INFO - DAG(s) 'produce_json' retrieved from /opt/airflow/dags/main.py
[2026-01-18T12:23:10.770+0000] {logging_mixin.py:188} INFO - [2026-01-18T12:23:10.770+0000] {dag.py:3096} INFO - Sync 1 DAGs
[2026-01-18T12:23:10.795+0000] {logging_mixin.py:188} INFO - [2026-01-18T12:23:10.795+0000] {dag.py:3954} INFO - Setting next_dagrun for produce_json to 2026-01-17 13:00:00+00:00, run_after=2026-01-18 13:00:00+00:00
[2026-01-18T12:23:10.815+0000] {processor.py:183} INFO - Processing /opt/airflow/dags/main.py took 0.151 seconds
[2026-01-18T12:23:40.995+0000] {processor.py:161} INFO - Started process (PID=1497) to work on /opt/airflow/dags/main.py
[2026-01-18T12:23:40.996+0000] {processor.py:830} INFO - Processing file /opt/airflow/dags/main.py for tasks to queue
[2026-01-18T12:23:41.004+0000] {logging_mixin.py:188} INFO - [2026-01-18T12:23:41.004+0000] {dagbag.py:545} INFO - Filling up the DagBag from /opt/airflow/dags/main.py
[2026-01-18T12:23:41.048+0000] {logging_mixin.py:188} INFO - get_playlist_id won't be executed
[2026-01-18T12:23:41.061+0000] {processor.py:840} INFO - DAG(s) 'produce_json' retrieved from /opt/airflow/dags/main.py
[2026-01-18T12:23:41.113+0000] {logging_mixin.py:188} INFO - [2026-01-18T12:23:41.113+0000] {dag.py:3096} INFO - Sync 1 DAGs
[2026-01-18T12:23:41.140+0000] {logging_mixin.py:188} INFO - [2026-01-18T12:23:41.140+0000] {dag.py:3954} INFO - Setting next_dagrun for produce_json to 2026-01-17 13:00:00+00:00, run_after=2026-01-18 13:00:00+00:00
[2026-01-18T12:23:41.156+0000] {processor.py:183} INFO - Processing /opt/airflow/dags/main.py took 0.171 seconds
[2026-01-18T12:24:11.391+0000] {processor.py:161} INFO - Started process (PID=1504) to work on /opt/airflow/dags/main.py
[2026-01-18T12:24:11.393+0000] {processor.py:830} INFO - Processing file /opt/airflow/dags/main.py for tasks to queue
[2026-01-18T12:24:11.394+0000] {logging_mixin.py:188} INFO - [2026-01-18T12:24:11.394+0000] {dagbag.py:545} INFO - Filling up the DagBag from /opt/airflow/dags/main.py
[2026-01-18T12:24:11.413+0000] {logging_mixin.py:188} INFO - get_playlist_id won't be executed
[2026-01-18T12:24:11.419+0000] {processor.py:840} INFO - DAG(s) 'produce_json' retrieved from /opt/airflow/dags/main.py
[2026-01-18T12:24:11.438+0000] {logging_mixin.py:188} INFO - [2026-01-18T12:24:11.438+0000] {dag.py:3096} INFO - Sync 1 DAGs
[2026-01-18T12:24:11.452+0000] {logging_mixin.py:188} INFO - [2026-01-18T12:24:11.452+0000] {dag.py:3954} INFO - Setting next_dagrun for produce_json to 2026-01-17 13:00:00+00:00, run_after=2026-01-18 13:00:00+00:00
[2026-01-18T12:24:11.463+0000] {processor.py:183} INFO - Processing /opt/airflow/dags/main.py took 0.077 seconds
[2026-01-18T12:24:41.792+0000] {processor.py:161} INFO - Started process (PID=1511) to work on /opt/airflow/dags/main.py
[2026-01-18T12:24:41.795+0000] {processor.py:830} INFO - Processing file /opt/airflow/dags/main.py for tasks to queue
[2026-01-18T12:24:41.798+0000] {logging_mixin.py:188} INFO - [2026-01-18T12:24:41.797+0000] {dagbag.py:545} INFO - Filling up the DagBag from /opt/airflow/dags/main.py
[2026-01-18T12:24:41.827+0000] {logging_mixin.py:188} INFO - get_playlist_id won't be executed
[2026-01-18T12:24:41.837+0000] {processor.py:840} INFO - DAG(s) 'produce_json' retrieved from /opt/airflow/dags/main.py
[2026-01-18T12:24:41.875+0000] {logging_mixin.py:188} INFO - [2026-01-18T12:24:41.874+0000] {dag.py:3096} INFO - Sync 1 DAGs
[2026-01-18T12:24:41.907+0000] {logging_mixin.py:188} INFO - [2026-01-18T12:24:41.907+0000] {dag.py:3954} INFO - Setting next_dagrun for produce_json to 2026-01-17 13:00:00+00:00, run_after=2026-01-18 13:00:00+00:00
[2026-01-18T12:24:41.927+0000] {processor.py:183} INFO - Processing /opt/airflow/dags/main.py took 0.150 seconds
[2026-01-18T12:25:12.071+0000] {processor.py:161} INFO - Started process (PID=1518) to work on /opt/airflow/dags/main.py
[2026-01-18T12:25:12.073+0000] {processor.py:830} INFO - Processing file /opt/airflow/dags/main.py for tasks to queue
[2026-01-18T12:25:12.076+0000] {logging_mixin.py:188} INFO - [2026-01-18T12:25:12.075+0000] {dagbag.py:545} INFO - Filling up the DagBag from /opt/airflow/dags/main.py
[2026-01-18T12:25:12.103+0000] {logging_mixin.py:188} INFO - get_playlist_id won't be executed
[2026-01-18T12:25:12.112+0000] {processor.py:840} INFO - DAG(s) 'produce_json' retrieved from /opt/airflow/dags/main.py
[2026-01-18T12:25:12.148+0000] {logging_mixin.py:188} INFO - [2026-01-18T12:25:12.147+0000] {dag.py:3096} INFO - Sync 1 DAGs
[2026-01-18T12:25:12.172+0000] {logging_mixin.py:188} INFO - [2026-01-18T12:25:12.172+0000] {dag.py:3954} INFO - Setting next_dagrun for produce_json to 2026-01-17 13:00:00+00:00, run_after=2026-01-18 13:00:00+00:00
[2026-01-18T12:25:12.191+0000] {processor.py:183} INFO - Processing /opt/airflow/dags/main.py took 0.130 seconds
[2026-01-18T12:25:42.567+0000] {processor.py:161} INFO - Started process (PID=1525) to work on /opt/airflow/dags/main.py
[2026-01-18T12:25:42.569+0000] {processor.py:830} INFO - Processing file /opt/airflow/dags/main.py for tasks to queue
[2026-01-18T12:25:42.572+0000] {logging_mixin.py:188} INFO - [2026-01-18T12:25:42.572+0000] {dagbag.py:545} INFO - Filling up the DagBag from /opt/airflow/dags/main.py
[2026-01-18T12:25:42.607+0000] {logging_mixin.py:188} INFO - get_playlist_id won't be executed
[2026-01-18T12:25:42.618+0000] {processor.py:840} INFO - DAG(s) 'produce_json' retrieved from /opt/airflow/dags/main.py
[2026-01-18T12:25:42.672+0000] {logging_mixin.py:188} INFO - [2026-01-18T12:25:42.672+0000] {dag.py:3096} INFO - Sync 1 DAGs
[2026-01-18T12:25:42.709+0000] {logging_mixin.py:188} INFO - [2026-01-18T12:25:42.708+0000] {dag.py:3954} INFO - Setting next_dagrun for produce_json to 2026-01-17 13:00:00+00:00, run_after=2026-01-18 13:00:00+00:00
[2026-01-18T12:25:42.726+0000] {processor.py:183} INFO - Processing /opt/airflow/dags/main.py took 0.179 seconds
[2026-01-18T12:26:12.850+0000] {processor.py:161} INFO - Started process (PID=1532) to work on /opt/airflow/dags/main.py
[2026-01-18T12:26:12.853+0000] {processor.py:830} INFO - Processing file /opt/airflow/dags/main.py for tasks to queue
[2026-01-18T12:26:12.858+0000] {logging_mixin.py:188} INFO - [2026-01-18T12:26:12.857+0000] {dagbag.py:545} INFO - Filling up the DagBag from /opt/airflow/dags/main.py
[2026-01-18T12:26:12.893+0000] {logging_mixin.py:188} INFO - get_playlist_id won't be executed
[2026-01-18T12:26:12.904+0000] {processor.py:840} INFO - DAG(s) 'produce_json' retrieved from /opt/airflow/dags/main.py
[2026-01-18T12:26:12.954+0000] {logging_mixin.py:188} INFO - [2026-01-18T12:26:12.954+0000] {dag.py:3096} INFO - Sync 1 DAGs
[2026-01-18T12:26:12.988+0000] {logging_mixin.py:188} INFO - [2026-01-18T12:26:12.988+0000] {dag.py:3954} INFO - Setting next_dagrun for produce_json to 2026-01-17 13:00:00+00:00, run_after=2026-01-18 13:00:00+00:00
[2026-01-18T12:26:13.002+0000] {processor.py:183} INFO - Processing /opt/airflow/dags/main.py took 0.169 seconds
[2026-01-18T12:26:43.282+0000] {processor.py:161} INFO - Started process (PID=1539) to work on /opt/airflow/dags/main.py
[2026-01-18T12:26:43.285+0000] {processor.py:830} INFO - Processing file /opt/airflow/dags/main.py for tasks to queue
[2026-01-18T12:26:43.294+0000] {logging_mixin.py:188} INFO - [2026-01-18T12:26:43.293+0000] {dagbag.py:545} INFO - Filling up the DagBag from /opt/airflow/dags/main.py
[2026-01-18T12:26:43.331+0000] {logging_mixin.py:188} INFO - get_playlist_id won't be executed
[2026-01-18T12:26:43.347+0000] {processor.py:840} INFO - DAG(s) 'produce_json' retrieved from /opt/airflow/dags/main.py
[2026-01-18T12:26:43.389+0000] {logging_mixin.py:188} INFO - [2026-01-18T12:26:43.389+0000] {dag.py:3096} INFO - Sync 1 DAGs
[2026-01-18T12:26:43.425+0000] {logging_mixin.py:188} INFO - [2026-01-18T12:26:43.425+0000] {dag.py:3954} INFO - Setting next_dagrun for produce_json to 2026-01-17 13:00:00+00:00, run_after=2026-01-18 13:00:00+00:00
[2026-01-18T12:26:43.440+0000] {processor.py:183} INFO - Processing /opt/airflow/dags/main.py took 0.173 seconds
[2026-01-18T12:27:13.583+0000] {processor.py:161} INFO - Started process (PID=1546) to work on /opt/airflow/dags/main.py
[2026-01-18T12:27:13.586+0000] {processor.py:830} INFO - Processing file /opt/airflow/dags/main.py for tasks to queue
[2026-01-18T12:27:13.590+0000] {logging_mixin.py:188} INFO - [2026-01-18T12:27:13.590+0000] {dagbag.py:545} INFO - Filling up the DagBag from /opt/airflow/dags/main.py
[2026-01-18T12:27:13.644+0000] {logging_mixin.py:188} INFO - get_playlist_id won't be executed
[2026-01-18T12:27:13.660+0000] {processor.py:840} INFO - DAG(s) 'produce_json' retrieved from /opt/airflow/dags/main.py
[2026-01-18T12:27:13.748+0000] {logging_mixin.py:188} INFO - [2026-01-18T12:27:13.747+0000] {dag.py:3096} INFO - Sync 1 DAGs
[2026-01-18T12:27:13.780+0000] {logging_mixin.py:188} INFO - [2026-01-18T12:27:13.780+0000] {dag.py:3954} INFO - Setting next_dagrun for produce_json to 2026-01-17 13:00:00+00:00, run_after=2026-01-18 13:00:00+00:00
[2026-01-18T12:27:13.798+0000] {processor.py:183} INFO - Processing /opt/airflow/dags/main.py took 0.235 seconds
[2026-01-18T12:27:44.056+0000] {processor.py:161} INFO - Started process (PID=1554) to work on /opt/airflow/dags/main.py
[2026-01-18T12:27:44.058+0000] {processor.py:830} INFO - Processing file /opt/airflow/dags/main.py for tasks to queue
[2026-01-18T12:27:44.061+0000] {logging_mixin.py:188} INFO - [2026-01-18T12:27:44.061+0000] {dagbag.py:545} INFO - Filling up the DagBag from /opt/airflow/dags/main.py
[2026-01-18T12:27:44.091+0000] {logging_mixin.py:188} INFO - get_playlist_id won't be executed
[2026-01-18T12:27:44.101+0000] {processor.py:840} INFO - DAG(s) 'produce_json' retrieved from /opt/airflow/dags/main.py
[2026-01-18T12:27:44.135+0000] {logging_mixin.py:188} INFO - [2026-01-18T12:27:44.135+0000] {dag.py:3096} INFO - Sync 1 DAGs
[2026-01-18T12:27:44.157+0000] {logging_mixin.py:188} INFO - [2026-01-18T12:27:44.157+0000] {dag.py:3954} INFO - Setting next_dagrun for produce_json to 2026-01-17 13:00:00+00:00, run_after=2026-01-18 13:00:00+00:00
[2026-01-18T12:27:44.174+0000] {processor.py:183} INFO - Processing /opt/airflow/dags/main.py took 0.129 seconds
[2026-01-18T12:28:14.376+0000] {processor.py:161} INFO - Started process (PID=1561) to work on /opt/airflow/dags/main.py
[2026-01-18T12:28:14.378+0000] {processor.py:830} INFO - Processing file /opt/airflow/dags/main.py for tasks to queue
[2026-01-18T12:28:14.380+0000] {logging_mixin.py:188} INFO - [2026-01-18T12:28:14.380+0000] {dagbag.py:545} INFO - Filling up the DagBag from /opt/airflow/dags/main.py
[2026-01-18T12:28:14.402+0000] {logging_mixin.py:188} INFO - get_playlist_id won't be executed
[2026-01-18T12:28:14.414+0000] {processor.py:840} INFO - DAG(s) 'produce_json' retrieved from /opt/airflow/dags/main.py
[2026-01-18T12:28:14.449+0000] {logging_mixin.py:188} INFO - [2026-01-18T12:28:14.449+0000] {dag.py:3096} INFO - Sync 1 DAGs
[2026-01-18T12:28:14.473+0000] {logging_mixin.py:188} INFO - [2026-01-18T12:28:14.473+0000] {dag.py:3954} INFO - Setting next_dagrun for produce_json to 2026-01-17 13:00:00+00:00, run_after=2026-01-18 13:00:00+00:00
[2026-01-18T12:28:14.487+0000] {processor.py:183} INFO - Processing /opt/airflow/dags/main.py took 0.127 seconds
[2026-01-18T12:28:44.805+0000] {processor.py:161} INFO - Started process (PID=1568) to work on /opt/airflow/dags/main.py
[2026-01-18T12:28:44.808+0000] {processor.py:830} INFO - Processing file /opt/airflow/dags/main.py for tasks to queue
[2026-01-18T12:28:44.812+0000] {logging_mixin.py:188} INFO - [2026-01-18T12:28:44.811+0000] {dagbag.py:545} INFO - Filling up the DagBag from /opt/airflow/dags/main.py
[2026-01-18T12:28:44.850+0000] {logging_mixin.py:188} INFO - get_playlist_id won't be executed
[2026-01-18T12:28:44.860+0000] {processor.py:840} INFO - DAG(s) 'produce_json' retrieved from /opt/airflow/dags/main.py
[2026-01-18T12:28:44.900+0000] {logging_mixin.py:188} INFO - [2026-01-18T12:28:44.900+0000] {dag.py:3096} INFO - Sync 1 DAGs
[2026-01-18T12:28:44.928+0000] {logging_mixin.py:188} INFO - [2026-01-18T12:28:44.927+0000] {dag.py:3954} INFO - Setting next_dagrun for produce_json to 2026-01-17 13:00:00+00:00, run_after=2026-01-18 13:00:00+00:00
[2026-01-18T12:28:44.943+0000] {processor.py:183} INFO - Processing /opt/airflow/dags/main.py took 0.155 seconds
[2026-01-18T12:29:15.088+0000] {processor.py:161} INFO - Started process (PID=1575) to work on /opt/airflow/dags/main.py
[2026-01-18T12:29:15.090+0000] {processor.py:830} INFO - Processing file /opt/airflow/dags/main.py for tasks to queue
[2026-01-18T12:29:15.092+0000] {logging_mixin.py:188} INFO - [2026-01-18T12:29:15.092+0000] {dagbag.py:545} INFO - Filling up the DagBag from /opt/airflow/dags/main.py
[2026-01-18T12:29:15.112+0000] {logging_mixin.py:188} INFO - get_playlist_id won't be executed
[2026-01-18T12:29:15.119+0000] {processor.py:840} INFO - DAG(s) 'produce_json' retrieved from /opt/airflow/dags/main.py
[2026-01-18T12:29:15.145+0000] {logging_mixin.py:188} INFO - [2026-01-18T12:29:15.145+0000] {dag.py:3096} INFO - Sync 1 DAGs
[2026-01-18T12:29:15.163+0000] {logging_mixin.py:188} INFO - [2026-01-18T12:29:15.163+0000] {dag.py:3954} INFO - Setting next_dagrun for produce_json to 2026-01-17 13:00:00+00:00, run_after=2026-01-18 13:00:00+00:00
[2026-01-18T12:29:15.175+0000] {processor.py:183} INFO - Processing /opt/airflow/dags/main.py took 0.097 seconds
[2026-01-18T12:29:45.432+0000] {processor.py:161} INFO - Started process (PID=1582) to work on /opt/airflow/dags/main.py
[2026-01-18T12:29:45.434+0000] {processor.py:830} INFO - Processing file /opt/airflow/dags/main.py for tasks to queue
[2026-01-18T12:29:45.438+0000] {logging_mixin.py:188} INFO - [2026-01-18T12:29:45.437+0000] {dagbag.py:545} INFO - Filling up the DagBag from /opt/airflow/dags/main.py
[2026-01-18T12:29:45.483+0000] {logging_mixin.py:188} INFO - get_playlist_id won't be executed
[2026-01-18T12:29:45.491+0000] {processor.py:840} INFO - DAG(s) 'produce_json' retrieved from /opt/airflow/dags/main.py
[2026-01-18T12:29:45.532+0000] {logging_mixin.py:188} INFO - [2026-01-18T12:29:45.532+0000] {dag.py:3096} INFO - Sync 1 DAGs
[2026-01-18T12:29:45.559+0000] {logging_mixin.py:188} INFO - [2026-01-18T12:29:45.559+0000] {dag.py:3954} INFO - Setting next_dagrun for produce_json to 2026-01-17 13:00:00+00:00, run_after=2026-01-18 13:00:00+00:00
[2026-01-18T12:29:45.580+0000] {processor.py:183} INFO - Processing /opt/airflow/dags/main.py took 0.160 seconds
[2026-01-18T12:30:15.739+0000] {processor.py:161} INFO - Started process (PID=1589) to work on /opt/airflow/dags/main.py
[2026-01-18T12:30:15.741+0000] {processor.py:830} INFO - Processing file /opt/airflow/dags/main.py for tasks to queue
[2026-01-18T12:30:15.745+0000] {logging_mixin.py:188} INFO - [2026-01-18T12:30:15.744+0000] {dagbag.py:545} INFO - Filling up the DagBag from /opt/airflow/dags/main.py
[2026-01-18T12:30:15.786+0000] {logging_mixin.py:188} INFO - get_playlist_id won't be executed
[2026-01-18T12:30:15.797+0000] {processor.py:840} INFO - DAG(s) 'produce_json' retrieved from /opt/airflow/dags/main.py
[2026-01-18T12:30:15.851+0000] {logging_mixin.py:188} INFO - [2026-01-18T12:30:15.851+0000] {dag.py:3096} INFO - Sync 1 DAGs
[2026-01-18T12:30:15.875+0000] {logging_mixin.py:188} INFO - [2026-01-18T12:30:15.875+0000] {dag.py:3954} INFO - Setting next_dagrun for produce_json to 2026-01-17 13:00:00+00:00, run_after=2026-01-18 13:00:00+00:00
[2026-01-18T12:30:15.910+0000] {processor.py:183} INFO - Processing /opt/airflow/dags/main.py took 0.183 seconds
[2026-01-18T12:30:46.194+0000] {processor.py:161} INFO - Started process (PID=1596) to work on /opt/airflow/dags/main.py
[2026-01-18T12:30:46.198+0000] {processor.py:830} INFO - Processing file /opt/airflow/dags/main.py for tasks to queue
[2026-01-18T12:30:46.206+0000] {logging_mixin.py:188} INFO - [2026-01-18T12:30:46.205+0000] {dagbag.py:545} INFO - Filling up the DagBag from /opt/airflow/dags/main.py
[2026-01-18T12:30:46.271+0000] {logging_mixin.py:188} INFO - get_playlist_id won't be executed
[2026-01-18T12:30:46.285+0000] {processor.py:840} INFO - DAG(s) 'produce_json' retrieved from /opt/airflow/dags/main.py
[2026-01-18T12:30:46.347+0000] {logging_mixin.py:188} INFO - [2026-01-18T12:30:46.347+0000] {dag.py:3096} INFO - Sync 1 DAGs
[2026-01-18T12:30:46.373+0000] {logging_mixin.py:188} INFO - [2026-01-18T12:30:46.373+0000] {dag.py:3954} INFO - Setting next_dagrun for produce_json to 2026-01-17 13:00:00+00:00, run_after=2026-01-18 13:00:00+00:00
[2026-01-18T12:30:46.391+0000] {processor.py:183} INFO - Processing /opt/airflow/dags/main.py took 0.214 seconds
[2026-01-18T12:31:16.445+0000] {processor.py:161} INFO - Started process (PID=1603) to work on /opt/airflow/dags/main.py
[2026-01-18T12:31:16.448+0000] {processor.py:830} INFO - Processing file /opt/airflow/dags/main.py for tasks to queue
[2026-01-18T12:31:16.452+0000] {logging_mixin.py:188} INFO - [2026-01-18T12:31:16.451+0000] {dagbag.py:545} INFO - Filling up the DagBag from /opt/airflow/dags/main.py
[2026-01-18T12:31:16.486+0000] {logging_mixin.py:188} INFO - get_playlist_id won't be executed
[2026-01-18T12:31:16.496+0000] {processor.py:840} INFO - DAG(s) 'produce_json' retrieved from /opt/airflow/dags/main.py
[2026-01-18T12:31:16.535+0000] {logging_mixin.py:188} INFO - [2026-01-18T12:31:16.535+0000] {dag.py:3096} INFO - Sync 1 DAGs
[2026-01-18T12:31:16.566+0000] {logging_mixin.py:188} INFO - [2026-01-18T12:31:16.565+0000] {dag.py:3954} INFO - Setting next_dagrun for produce_json to 2026-01-17 13:00:00+00:00, run_after=2026-01-18 13:00:00+00:00
[2026-01-18T12:31:16.588+0000] {processor.py:183} INFO - Processing /opt/airflow/dags/main.py took 0.159 seconds
[2026-01-18T12:31:46.660+0000] {processor.py:161} INFO - Started process (PID=1610) to work on /opt/airflow/dags/main.py
[2026-01-18T12:31:46.662+0000] {processor.py:830} INFO - Processing file /opt/airflow/dags/main.py for tasks to queue
[2026-01-18T12:31:46.663+0000] {logging_mixin.py:188} INFO - [2026-01-18T12:31:46.663+0000] {dagbag.py:545} INFO - Filling up the DagBag from /opt/airflow/dags/main.py
[2026-01-18T12:31:46.685+0000] {logging_mixin.py:188} INFO - get_playlist_id won't be executed
[2026-01-18T12:31:46.692+0000] {processor.py:840} INFO - DAG(s) 'produce_json' retrieved from /opt/airflow/dags/main.py
[2026-01-18T12:31:46.718+0000] {logging_mixin.py:188} INFO - [2026-01-18T12:31:46.718+0000] {dag.py:3096} INFO - Sync 1 DAGs
[2026-01-18T12:31:46.739+0000] {logging_mixin.py:188} INFO - [2026-01-18T12:31:46.739+0000] {dag.py:3954} INFO - Setting next_dagrun for produce_json to 2026-01-17 13:00:00+00:00, run_after=2026-01-18 13:00:00+00:00
[2026-01-18T12:31:46.753+0000] {processor.py:183} INFO - Processing /opt/airflow/dags/main.py took 0.103 seconds
[2026-01-18T12:32:16.924+0000] {processor.py:161} INFO - Started process (PID=1617) to work on /opt/airflow/dags/main.py
[2026-01-18T12:32:16.927+0000] {processor.py:830} INFO - Processing file /opt/airflow/dags/main.py for tasks to queue
[2026-01-18T12:32:16.931+0000] {logging_mixin.py:188} INFO - [2026-01-18T12:32:16.930+0000] {dagbag.py:545} INFO - Filling up the DagBag from /opt/airflow/dags/main.py
[2026-01-18T12:32:16.976+0000] {logging_mixin.py:188} INFO - get_playlist_id won't be executed
[2026-01-18T12:32:16.987+0000] {processor.py:840} INFO - DAG(s) 'produce_json' retrieved from /opt/airflow/dags/main.py
[2026-01-18T12:32:17.030+0000] {logging_mixin.py:188} INFO - [2026-01-18T12:32:17.030+0000] {dag.py:3096} INFO - Sync 1 DAGs
[2026-01-18T12:32:17.056+0000] {logging_mixin.py:188} INFO - [2026-01-18T12:32:17.056+0000] {dag.py:3954} INFO - Setting next_dagrun for produce_json to 2026-01-17 13:00:00+00:00, run_after=2026-01-18 13:00:00+00:00
[2026-01-18T12:32:17.070+0000] {processor.py:183} INFO - Processing /opt/airflow/dags/main.py took 0.158 seconds
[2026-01-18T12:32:47.358+0000] {processor.py:161} INFO - Started process (PID=1624) to work on /opt/airflow/dags/main.py
[2026-01-18T12:32:47.361+0000] {processor.py:830} INFO - Processing file /opt/airflow/dags/main.py for tasks to queue
[2026-01-18T12:32:47.366+0000] {logging_mixin.py:188} INFO - [2026-01-18T12:32:47.364+0000] {dagbag.py:545} INFO - Filling up the DagBag from /opt/airflow/dags/main.py
[2026-01-18T12:32:47.416+0000] {logging_mixin.py:188} INFO - get_playlist_id won't be executed
[2026-01-18T12:32:47.425+0000] {processor.py:840} INFO - DAG(s) 'produce_json' retrieved from /opt/airflow/dags/main.py
[2026-01-18T12:32:47.457+0000] {logging_mixin.py:188} INFO - [2026-01-18T12:32:47.457+0000] {dag.py:3096} INFO - Sync 1 DAGs
[2026-01-18T12:32:47.480+0000] {logging_mixin.py:188} INFO - [2026-01-18T12:32:47.480+0000] {dag.py:3954} INFO - Setting next_dagrun for produce_json to 2026-01-17 13:00:00+00:00, run_after=2026-01-18 13:00:00+00:00
[2026-01-18T12:32:47.492+0000] {processor.py:183} INFO - Processing /opt/airflow/dags/main.py took 0.148 seconds
[2026-01-18T12:33:17.646+0000] {processor.py:161} INFO - Started process (PID=1631) to work on /opt/airflow/dags/main.py
[2026-01-18T12:33:17.648+0000] {processor.py:830} INFO - Processing file /opt/airflow/dags/main.py for tasks to queue
[2026-01-18T12:33:17.651+0000] {logging_mixin.py:188} INFO - [2026-01-18T12:33:17.651+0000] {dagbag.py:545} INFO - Filling up the DagBag from /opt/airflow/dags/main.py
[2026-01-18T12:33:17.676+0000] {logging_mixin.py:188} INFO - get_playlist_id won't be executed
[2026-01-18T12:33:17.683+0000] {processor.py:840} INFO - DAG(s) 'produce_json' retrieved from /opt/airflow/dags/main.py
[2026-01-18T12:33:17.710+0000] {logging_mixin.py:188} INFO - [2026-01-18T12:33:17.710+0000] {dag.py:3096} INFO - Sync 1 DAGs
[2026-01-18T12:33:17.730+0000] {logging_mixin.py:188} INFO - [2026-01-18T12:33:17.730+0000] {dag.py:3954} INFO - Setting next_dagrun for produce_json to 2026-01-17 13:00:00+00:00, run_after=2026-01-18 13:00:00+00:00
[2026-01-18T12:33:17.744+0000] {processor.py:183} INFO - Processing /opt/airflow/dags/main.py took 0.106 seconds
[2026-01-18T12:33:47.955+0000] {processor.py:161} INFO - Started process (PID=1638) to work on /opt/airflow/dags/main.py
[2026-01-18T12:33:47.957+0000] {processor.py:830} INFO - Processing file /opt/airflow/dags/main.py for tasks to queue
[2026-01-18T12:33:47.961+0000] {logging_mixin.py:188} INFO - [2026-01-18T12:33:47.961+0000] {dagbag.py:545} INFO - Filling up the DagBag from /opt/airflow/dags/main.py
[2026-01-18T12:33:48.001+0000] {logging_mixin.py:188} INFO - get_playlist_id won't be executed
[2026-01-18T12:33:48.015+0000] {processor.py:840} INFO - DAG(s) 'produce_json' retrieved from /opt/airflow/dags/main.py
[2026-01-18T12:33:48.051+0000] {logging_mixin.py:188} INFO - [2026-01-18T12:33:48.051+0000] {dag.py:3096} INFO - Sync 1 DAGs
[2026-01-18T12:33:48.072+0000] {logging_mixin.py:188} INFO - [2026-01-18T12:33:48.072+0000] {dag.py:3954} INFO - Setting next_dagrun for produce_json to 2026-01-17 13:00:00+00:00, run_after=2026-01-18 13:00:00+00:00
[2026-01-18T12:33:48.085+0000] {processor.py:183} INFO - Processing /opt/airflow/dags/main.py took 0.142 seconds
[2026-01-18T12:34:18.325+0000] {processor.py:161} INFO - Started process (PID=1651) to work on /opt/airflow/dags/main.py
[2026-01-18T12:34:18.327+0000] {processor.py:830} INFO - Processing file /opt/airflow/dags/main.py for tasks to queue
[2026-01-18T12:34:18.331+0000] {logging_mixin.py:188} INFO - [2026-01-18T12:34:18.330+0000] {dagbag.py:545} INFO - Filling up the DagBag from /opt/airflow/dags/main.py
[2026-01-18T12:34:18.368+0000] {logging_mixin.py:188} INFO - get_playlist_id won't be executed
[2026-01-18T12:34:18.384+0000] {processor.py:840} INFO - DAG(s) 'produce_json' retrieved from /opt/airflow/dags/main.py
[2026-01-18T12:34:18.428+0000] {logging_mixin.py:188} INFO - [2026-01-18T12:34:18.428+0000] {dag.py:3096} INFO - Sync 1 DAGs
[2026-01-18T12:34:18.452+0000] {logging_mixin.py:188} INFO - [2026-01-18T12:34:18.452+0000] {dag.py:3954} INFO - Setting next_dagrun for produce_json to 2026-01-17 13:00:00+00:00, run_after=2026-01-18 13:00:00+00:00
[2026-01-18T12:34:18.467+0000] {processor.py:183} INFO - Processing /opt/airflow/dags/main.py took 0.156 seconds
[2026-01-18T12:34:48.646+0000] {processor.py:161} INFO - Started process (PID=1658) to work on /opt/airflow/dags/main.py
[2026-01-18T12:34:48.649+0000] {processor.py:830} INFO - Processing file /opt/airflow/dags/main.py for tasks to queue
[2026-01-18T12:34:48.652+0000] {logging_mixin.py:188} INFO - [2026-01-18T12:34:48.652+0000] {dagbag.py:545} INFO - Filling up the DagBag from /opt/airflow/dags/main.py
[2026-01-18T12:34:48.687+0000] {logging_mixin.py:188} INFO - get_playlist_id won't be executed
[2026-01-18T12:34:48.704+0000] {processor.py:840} INFO - DAG(s) 'produce_json' retrieved from /opt/airflow/dags/main.py
[2026-01-18T12:34:48.759+0000] {logging_mixin.py:188} INFO - [2026-01-18T12:34:48.758+0000] {dag.py:3096} INFO - Sync 1 DAGs
[2026-01-18T12:34:48.791+0000] {logging_mixin.py:188} INFO - [2026-01-18T12:34:48.790+0000] {dag.py:3954} INFO - Setting next_dagrun for produce_json to 2026-01-17 13:00:00+00:00, run_after=2026-01-18 13:00:00+00:00
[2026-01-18T12:34:48.811+0000] {processor.py:183} INFO - Processing /opt/airflow/dags/main.py took 0.178 seconds
[2026-01-18T12:35:19.034+0000] {processor.py:161} INFO - Started process (PID=1665) to work on /opt/airflow/dags/main.py
[2026-01-18T12:35:19.036+0000] {processor.py:830} INFO - Processing file /opt/airflow/dags/main.py for tasks to queue
[2026-01-18T12:35:19.044+0000] {logging_mixin.py:188} INFO - [2026-01-18T12:35:19.043+0000] {dagbag.py:545} INFO - Filling up the DagBag from /opt/airflow/dags/main.py
[2026-01-18T12:35:19.076+0000] {logging_mixin.py:188} INFO - get_playlist_id won't be executed
[2026-01-18T12:35:19.087+0000] {processor.py:840} INFO - DAG(s) 'produce_json' retrieved from /opt/airflow/dags/main.py
[2026-01-18T12:35:19.129+0000] {logging_mixin.py:188} INFO - [2026-01-18T12:35:19.128+0000] {dag.py:3096} INFO - Sync 1 DAGs
[2026-01-18T12:35:19.154+0000] {logging_mixin.py:188} INFO - [2026-01-18T12:35:19.154+0000] {dag.py:3954} INFO - Setting next_dagrun for produce_json to 2026-01-17 13:00:00+00:00, run_after=2026-01-18 13:00:00+00:00
[2026-01-18T12:35:19.178+0000] {processor.py:183} INFO - Processing /opt/airflow/dags/main.py took 0.158 seconds
[2026-01-18T12:35:49.416+0000] {processor.py:161} INFO - Started process (PID=1672) to work on /opt/airflow/dags/main.py
[2026-01-18T12:35:49.418+0000] {processor.py:830} INFO - Processing file /opt/airflow/dags/main.py for tasks to queue
[2026-01-18T12:35:49.420+0000] {logging_mixin.py:188} INFO - [2026-01-18T12:35:49.420+0000] {dagbag.py:545} INFO - Filling up the DagBag from /opt/airflow/dags/main.py
[2026-01-18T12:35:49.455+0000] {logging_mixin.py:188} INFO - get_playlist_id won't be executed
[2026-01-18T12:35:49.465+0000] {processor.py:840} INFO - DAG(s) 'produce_json' retrieved from /opt/airflow/dags/main.py
[2026-01-18T12:35:49.498+0000] {logging_mixin.py:188} INFO - [2026-01-18T12:35:49.498+0000] {dag.py:3096} INFO - Sync 1 DAGs
[2026-01-18T12:35:49.521+0000] {logging_mixin.py:188} INFO - [2026-01-18T12:35:49.520+0000] {dag.py:3954} INFO - Setting next_dagrun for produce_json to 2026-01-17 13:00:00+00:00, run_after=2026-01-18 13:00:00+00:00
[2026-01-18T12:35:49.535+0000] {processor.py:183} INFO - Processing /opt/airflow/dags/main.py took 0.131 seconds
[2026-01-18T12:36:19.797+0000] {processor.py:161} INFO - Started process (PID=1679) to work on /opt/airflow/dags/main.py
[2026-01-18T12:36:19.800+0000] {processor.py:830} INFO - Processing file /opt/airflow/dags/main.py for tasks to queue
[2026-01-18T12:36:19.802+0000] {logging_mixin.py:188} INFO - [2026-01-18T12:36:19.801+0000] {dagbag.py:545} INFO - Filling up the DagBag from /opt/airflow/dags/main.py
[2026-01-18T12:36:19.822+0000] {logging_mixin.py:188} INFO - get_playlist_id won't be executed
[2026-01-18T12:36:19.828+0000] {processor.py:840} INFO - DAG(s) 'produce_json' retrieved from /opt/airflow/dags/main.py
[2026-01-18T12:36:19.851+0000] {logging_mixin.py:188} INFO - [2026-01-18T12:36:19.850+0000] {dag.py:3096} INFO - Sync 1 DAGs
[2026-01-18T12:36:19.867+0000] {logging_mixin.py:188} INFO - [2026-01-18T12:36:19.867+0000] {dag.py:3954} INFO - Setting next_dagrun for produce_json to 2026-01-17 13:00:00+00:00, run_after=2026-01-18 13:00:00+00:00
[2026-01-18T12:36:19.879+0000] {processor.py:183} INFO - Processing /opt/airflow/dags/main.py took 0.089 seconds
[2026-01-18T12:36:50.154+0000] {processor.py:161} INFO - Started process (PID=1686) to work on /opt/airflow/dags/main.py
[2026-01-18T12:36:50.156+0000] {processor.py:830} INFO - Processing file /opt/airflow/dags/main.py for tasks to queue
[2026-01-18T12:36:50.160+0000] {logging_mixin.py:188} INFO - [2026-01-18T12:36:50.159+0000] {dagbag.py:545} INFO - Filling up the DagBag from /opt/airflow/dags/main.py
[2026-01-18T12:36:50.205+0000] {logging_mixin.py:188} INFO - get_playlist_id won't be executed
[2026-01-18T12:36:50.217+0000] {processor.py:840} INFO - DAG(s) 'produce_json' retrieved from /opt/airflow/dags/main.py
[2026-01-18T12:36:50.260+0000] {logging_mixin.py:188} INFO - [2026-01-18T12:36:50.260+0000] {dag.py:3096} INFO - Sync 1 DAGs
[2026-01-18T12:36:50.289+0000] {logging_mixin.py:188} INFO - [2026-01-18T12:36:50.289+0000] {dag.py:3954} INFO - Setting next_dagrun for produce_json to 2026-01-17 13:00:00+00:00, run_after=2026-01-18 13:00:00+00:00
[2026-01-18T12:36:50.306+0000] {processor.py:183} INFO - Processing /opt/airflow/dags/main.py took 0.170 seconds
[2026-01-18T12:37:20.489+0000] {processor.py:161} INFO - Started process (PID=1693) to work on /opt/airflow/dags/main.py
[2026-01-18T12:37:20.491+0000] {processor.py:830} INFO - Processing file /opt/airflow/dags/main.py for tasks to queue
[2026-01-18T12:37:20.495+0000] {logging_mixin.py:188} INFO - [2026-01-18T12:37:20.494+0000] {dagbag.py:545} INFO - Filling up the DagBag from /opt/airflow/dags/main.py
[2026-01-18T12:37:20.545+0000] {logging_mixin.py:188} INFO - get_playlist_id won't be executed
[2026-01-18T12:37:20.563+0000] {processor.py:840} INFO - DAG(s) 'produce_json' retrieved from /opt/airflow/dags/main.py
[2026-01-18T12:37:20.605+0000] {logging_mixin.py:188} INFO - [2026-01-18T12:37:20.605+0000] {dag.py:3096} INFO - Sync 1 DAGs
[2026-01-18T12:37:20.626+0000] {logging_mixin.py:188} INFO - [2026-01-18T12:37:20.625+0000] {dag.py:3954} INFO - Setting next_dagrun for produce_json to 2026-01-17 13:00:00+00:00, run_after=2026-01-18 13:00:00+00:00
[2026-01-18T12:37:20.638+0000] {processor.py:183} INFO - Processing /opt/airflow/dags/main.py took 0.172 seconds
[2026-01-18T12:37:50.878+0000] {processor.py:161} INFO - Started process (PID=1700) to work on /opt/airflow/dags/main.py
[2026-01-18T12:37:50.883+0000] {processor.py:830} INFO - Processing file /opt/airflow/dags/main.py for tasks to queue
[2026-01-18T12:37:50.887+0000] {logging_mixin.py:188} INFO - [2026-01-18T12:37:50.886+0000] {dagbag.py:545} INFO - Filling up the DagBag from /opt/airflow/dags/main.py
[2026-01-18T12:37:50.924+0000] {logging_mixin.py:188} INFO - get_playlist_id won't be executed
[2026-01-18T12:37:50.934+0000] {processor.py:840} INFO - DAG(s) 'produce_json' retrieved from /opt/airflow/dags/main.py
[2026-01-18T12:37:50.975+0000] {logging_mixin.py:188} INFO - [2026-01-18T12:37:50.975+0000] {dag.py:3096} INFO - Sync 1 DAGs
[2026-01-18T12:37:51.004+0000] {logging_mixin.py:188} INFO - [2026-01-18T12:37:51.004+0000] {dag.py:3954} INFO - Setting next_dagrun for produce_json to 2026-01-17 13:00:00+00:00, run_after=2026-01-18 13:00:00+00:00
[2026-01-18T12:37:51.018+0000] {processor.py:183} INFO - Processing /opt/airflow/dags/main.py took 0.152 seconds
[2026-01-18T12:38:21.545+0000] {processor.py:161} INFO - Started process (PID=1707) to work on /opt/airflow/dags/main.py
[2026-01-18T12:38:21.548+0000] {processor.py:830} INFO - Processing file /opt/airflow/dags/main.py for tasks to queue
[2026-01-18T12:38:21.553+0000] {logging_mixin.py:188} INFO - [2026-01-18T12:38:21.552+0000] {dagbag.py:545} INFO - Filling up the DagBag from /opt/airflow/dags/main.py
[2026-01-18T12:38:21.583+0000] {logging_mixin.py:188} INFO - get_playlist_id won't be executed
[2026-01-18T12:38:21.593+0000] {processor.py:840} INFO - DAG(s) 'produce_json' retrieved from /opt/airflow/dags/main.py
[2026-01-18T12:38:21.628+0000] {logging_mixin.py:188} INFO - [2026-01-18T12:38:21.628+0000] {dag.py:3096} INFO - Sync 1 DAGs
[2026-01-18T12:38:21.655+0000] {logging_mixin.py:188} INFO - [2026-01-18T12:38:21.655+0000] {dag.py:3954} INFO - Setting next_dagrun for produce_json to 2026-01-17 13:00:00+00:00, run_after=2026-01-18 13:00:00+00:00
[2026-01-18T12:38:21.670+0000] {processor.py:183} INFO - Processing /opt/airflow/dags/main.py took 0.138 seconds
[2026-01-18T12:38:51.876+0000] {processor.py:161} INFO - Started process (PID=1714) to work on /opt/airflow/dags/main.py
[2026-01-18T12:38:51.878+0000] {processor.py:830} INFO - Processing file /opt/airflow/dags/main.py for tasks to queue
[2026-01-18T12:38:51.880+0000] {logging_mixin.py:188} INFO - [2026-01-18T12:38:51.880+0000] {dagbag.py:545} INFO - Filling up the DagBag from /opt/airflow/dags/main.py
[2026-01-18T12:38:51.905+0000] {logging_mixin.py:188} INFO - get_playlist_id won't be executed
[2026-01-18T12:38:51.915+0000] {processor.py:840} INFO - DAG(s) 'produce_json' retrieved from /opt/airflow/dags/main.py
[2026-01-18T12:38:51.956+0000] {logging_mixin.py:188} INFO - [2026-01-18T12:38:51.955+0000] {dag.py:3096} INFO - Sync 1 DAGs
[2026-01-18T12:38:51.982+0000] {logging_mixin.py:188} INFO - [2026-01-18T12:38:51.982+0000] {dag.py:3954} INFO - Setting next_dagrun for produce_json to 2026-01-17 13:00:00+00:00, run_after=2026-01-18 13:00:00+00:00
[2026-01-18T12:38:52.000+0000] {processor.py:183} INFO - Processing /opt/airflow/dags/main.py took 0.132 seconds
[2026-01-18T12:39:22.233+0000] {processor.py:161} INFO - Started process (PID=1721) to work on /opt/airflow/dags/main.py
[2026-01-18T12:39:22.237+0000] {processor.py:830} INFO - Processing file /opt/airflow/dags/main.py for tasks to queue
[2026-01-18T12:39:22.242+0000] {logging_mixin.py:188} INFO - [2026-01-18T12:39:22.241+0000] {dagbag.py:545} INFO - Filling up the DagBag from /opt/airflow/dags/main.py
[2026-01-18T12:39:22.288+0000] {logging_mixin.py:188} INFO - get_playlist_id won't be executed
[2026-01-18T12:39:22.308+0000] {processor.py:840} INFO - DAG(s) 'produce_json' retrieved from /opt/airflow/dags/main.py
[2026-01-18T12:39:22.351+0000] {logging_mixin.py:188} INFO - [2026-01-18T12:39:22.350+0000] {dag.py:3096} INFO - Sync 1 DAGs
[2026-01-18T12:39:22.381+0000] {logging_mixin.py:188} INFO - [2026-01-18T12:39:22.381+0000] {dag.py:3954} INFO - Setting next_dagrun for produce_json to 2026-01-17 13:00:00+00:00, run_after=2026-01-18 13:00:00+00:00
[2026-01-18T12:39:22.401+0000] {processor.py:183} INFO - Processing /opt/airflow/dags/main.py took 0.182 seconds
[2026-01-18T12:39:52.571+0000] {processor.py:161} INFO - Started process (PID=1728) to work on /opt/airflow/dags/main.py
[2026-01-18T12:39:52.573+0000] {processor.py:830} INFO - Processing file /opt/airflow/dags/main.py for tasks to queue
[2026-01-18T12:39:52.577+0000] {logging_mixin.py:188} INFO - [2026-01-18T12:39:52.576+0000] {dagbag.py:545} INFO - Filling up the DagBag from /opt/airflow/dags/main.py
[2026-01-18T12:39:52.627+0000] {logging_mixin.py:188} INFO - get_playlist_id won't be executed
[2026-01-18T12:39:52.640+0000] {processor.py:840} INFO - DAG(s) 'produce_json' retrieved from /opt/airflow/dags/main.py
[2026-01-18T12:39:52.684+0000] {logging_mixin.py:188} INFO - [2026-01-18T12:39:52.684+0000] {dag.py:3096} INFO - Sync 1 DAGs
[2026-01-18T12:39:52.720+0000] {logging_mixin.py:188} INFO - [2026-01-18T12:39:52.720+0000] {dag.py:3954} INFO - Setting next_dagrun for produce_json to 2026-01-17 13:00:00+00:00, run_after=2026-01-18 13:00:00+00:00
[2026-01-18T12:39:52.738+0000] {processor.py:183} INFO - Processing /opt/airflow/dags/main.py took 0.182 seconds
[2026-01-18T12:40:22.997+0000] {processor.py:161} INFO - Started process (PID=1735) to work on /opt/airflow/dags/main.py
[2026-01-18T12:40:22.999+0000] {processor.py:830} INFO - Processing file /opt/airflow/dags/main.py for tasks to queue
[2026-01-18T12:40:23.003+0000] {logging_mixin.py:188} INFO - [2026-01-18T12:40:23.003+0000] {dagbag.py:545} INFO - Filling up the DagBag from /opt/airflow/dags/main.py
[2026-01-18T12:40:23.048+0000] {logging_mixin.py:188} INFO - get_playlist_id won't be executed
[2026-01-18T12:40:23.059+0000] {processor.py:840} INFO - DAG(s) 'produce_json' retrieved from /opt/airflow/dags/main.py
[2026-01-18T12:40:23.095+0000] {logging_mixin.py:188} INFO - [2026-01-18T12:40:23.094+0000] {dag.py:3096} INFO - Sync 1 DAGs
[2026-01-18T12:40:23.123+0000] {logging_mixin.py:188} INFO - [2026-01-18T12:40:23.122+0000] {dag.py:3954} INFO - Setting next_dagrun for produce_json to 2026-01-17 13:00:00+00:00, run_after=2026-01-18 13:00:00+00:00
[2026-01-18T12:40:23.137+0000] {processor.py:183} INFO - Processing /opt/airflow/dags/main.py took 0.157 seconds
[2026-01-18T12:40:53.337+0000] {processor.py:161} INFO - Started process (PID=1742) to work on /opt/airflow/dags/main.py
[2026-01-18T12:40:53.341+0000] {processor.py:830} INFO - Processing file /opt/airflow/dags/main.py for tasks to queue
[2026-01-18T12:40:53.346+0000] {logging_mixin.py:188} INFO - [2026-01-18T12:40:53.344+0000] {dagbag.py:545} INFO - Filling up the DagBag from /opt/airflow/dags/main.py
[2026-01-18T12:40:53.380+0000] {logging_mixin.py:188} INFO - get_playlist_id won't be executed
[2026-01-18T12:40:53.395+0000] {processor.py:840} INFO - DAG(s) 'produce_json' retrieved from /opt/airflow/dags/main.py
[2026-01-18T12:40:53.428+0000] {logging_mixin.py:188} INFO - [2026-01-18T12:40:53.427+0000] {dag.py:3096} INFO - Sync 1 DAGs
[2026-01-18T12:40:53.465+0000] {logging_mixin.py:188} INFO - [2026-01-18T12:40:53.465+0000] {dag.py:3954} INFO - Setting next_dagrun for produce_json to 2026-01-17 13:00:00+00:00, run_after=2026-01-18 13:00:00+00:00
[2026-01-18T12:40:53.480+0000] {processor.py:183} INFO - Processing /opt/airflow/dags/main.py took 0.157 seconds
[2026-01-18T12:41:23.694+0000] {processor.py:161} INFO - Started process (PID=1749) to work on /opt/airflow/dags/main.py
[2026-01-18T12:41:23.697+0000] {processor.py:830} INFO - Processing file /opt/airflow/dags/main.py for tasks to queue
[2026-01-18T12:41:23.704+0000] {logging_mixin.py:188} INFO - [2026-01-18T12:41:23.703+0000] {dagbag.py:545} INFO - Filling up the DagBag from /opt/airflow/dags/main.py
[2026-01-18T12:41:23.754+0000] {logging_mixin.py:188} INFO - get_playlist_id won't be executed
[2026-01-18T12:41:23.774+0000] {processor.py:840} INFO - DAG(s) 'produce_json' retrieved from /opt/airflow/dags/main.py
[2026-01-18T12:41:23.810+0000] {logging_mixin.py:188} INFO - [2026-01-18T12:41:23.809+0000] {dag.py:3096} INFO - Sync 1 DAGs
[2026-01-18T12:41:23.836+0000] {logging_mixin.py:188} INFO - [2026-01-18T12:41:23.836+0000] {dag.py:3954} INFO - Setting next_dagrun for produce_json to 2026-01-17 13:00:00+00:00, run_after=2026-01-18 13:00:00+00:00
[2026-01-18T12:41:23.850+0000] {processor.py:183} INFO - Processing /opt/airflow/dags/main.py took 0.178 seconds
[2026-01-18T12:41:54.009+0000] {processor.py:161} INFO - Started process (PID=1756) to work on /opt/airflow/dags/main.py
[2026-01-18T12:41:54.010+0000] {processor.py:830} INFO - Processing file /opt/airflow/dags/main.py for tasks to queue
[2026-01-18T12:41:54.013+0000] {logging_mixin.py:188} INFO - [2026-01-18T12:41:54.013+0000] {dagbag.py:545} INFO - Filling up the DagBag from /opt/airflow/dags/main.py
[2026-01-18T12:41:54.034+0000] {logging_mixin.py:188} INFO - get_playlist_id won't be executed
[2026-01-18T12:41:54.040+0000] {processor.py:840} INFO - DAG(s) 'produce_json' retrieved from /opt/airflow/dags/main.py
[2026-01-18T12:41:54.065+0000] {logging_mixin.py:188} INFO - [2026-01-18T12:41:54.064+0000] {dag.py:3096} INFO - Sync 1 DAGs
[2026-01-18T12:41:54.082+0000] {logging_mixin.py:188} INFO - [2026-01-18T12:41:54.082+0000] {dag.py:3954} INFO - Setting next_dagrun for produce_json to 2026-01-17 13:00:00+00:00, run_after=2026-01-18 13:00:00+00:00
[2026-01-18T12:41:54.095+0000] {processor.py:183} INFO - Processing /opt/airflow/dags/main.py took 0.093 seconds
[2026-01-18T12:42:24.402+0000] {processor.py:161} INFO - Started process (PID=1763) to work on /opt/airflow/dags/main.py
[2026-01-18T12:42:24.404+0000] {processor.py:830} INFO - Processing file /opt/airflow/dags/main.py for tasks to queue
[2026-01-18T12:42:24.407+0000] {logging_mixin.py:188} INFO - [2026-01-18T12:42:24.406+0000] {dagbag.py:545} INFO - Filling up the DagBag from /opt/airflow/dags/main.py
[2026-01-18T12:42:24.434+0000] {logging_mixin.py:188} INFO - get_playlist_id won't be executed
[2026-01-18T12:42:24.443+0000] {processor.py:840} INFO - DAG(s) 'produce_json' retrieved from /opt/airflow/dags/main.py
[2026-01-18T12:42:24.481+0000] {logging_mixin.py:188} INFO - [2026-01-18T12:42:24.481+0000] {dag.py:3096} INFO - Sync 1 DAGs
[2026-01-18T12:42:24.500+0000] {logging_mixin.py:188} INFO - [2026-01-18T12:42:24.500+0000] {dag.py:3954} INFO - Setting next_dagrun for produce_json to 2026-01-17 13:00:00+00:00, run_after=2026-01-18 13:00:00+00:00
[2026-01-18T12:42:24.515+0000] {processor.py:183} INFO - Processing /opt/airflow/dags/main.py took 0.131 seconds
[2026-01-18T12:42:54.689+0000] {processor.py:161} INFO - Started process (PID=1770) to work on /opt/airflow/dags/main.py
[2026-01-18T12:42:54.691+0000] {processor.py:830} INFO - Processing file /opt/airflow/dags/main.py for tasks to queue
[2026-01-18T12:42:54.694+0000] {logging_mixin.py:188} INFO - [2026-01-18T12:42:54.693+0000] {dagbag.py:545} INFO - Filling up the DagBag from /opt/airflow/dags/main.py
[2026-01-18T12:42:54.712+0000] {logging_mixin.py:188} INFO - get_playlist_id won't be executed
[2026-01-18T12:42:54.718+0000] {processor.py:840} INFO - DAG(s) 'produce_json' retrieved from /opt/airflow/dags/main.py
[2026-01-18T12:42:54.742+0000] {logging_mixin.py:188} INFO - [2026-01-18T12:42:54.742+0000] {dag.py:3096} INFO - Sync 1 DAGs
[2026-01-18T12:42:54.760+0000] {logging_mixin.py:188} INFO - [2026-01-18T12:42:54.760+0000] {dag.py:3954} INFO - Setting next_dagrun for produce_json to 2026-01-17 13:00:00+00:00, run_after=2026-01-18 13:00:00+00:00
[2026-01-18T12:42:54.770+0000] {processor.py:183} INFO - Processing /opt/airflow/dags/main.py took 0.088 seconds
[2026-01-18T12:43:25.069+0000] {processor.py:161} INFO - Started process (PID=1777) to work on /opt/airflow/dags/main.py
[2026-01-18T12:43:25.072+0000] {processor.py:830} INFO - Processing file /opt/airflow/dags/main.py for tasks to queue
[2026-01-18T12:43:25.075+0000] {logging_mixin.py:188} INFO - [2026-01-18T12:43:25.074+0000] {dagbag.py:545} INFO - Filling up the DagBag from /opt/airflow/dags/main.py
[2026-01-18T12:43:25.110+0000] {logging_mixin.py:188} INFO - get_playlist_id won't be executed
[2026-01-18T12:43:25.128+0000] {processor.py:840} INFO - DAG(s) 'produce_json' retrieved from /opt/airflow/dags/main.py
[2026-01-18T12:43:25.166+0000] {logging_mixin.py:188} INFO - [2026-01-18T12:43:25.166+0000] {dag.py:3096} INFO - Sync 1 DAGs
[2026-01-18T12:43:25.194+0000] {logging_mixin.py:188} INFO - [2026-01-18T12:43:25.194+0000] {dag.py:3954} INFO - Setting next_dagrun for produce_json to 2026-01-17 13:00:00+00:00, run_after=2026-01-18 13:00:00+00:00
[2026-01-18T12:43:25.210+0000] {processor.py:183} INFO - Processing /opt/airflow/dags/main.py took 0.148 seconds
[2026-01-18T12:43:55.371+0000] {processor.py:161} INFO - Started process (PID=1784) to work on /opt/airflow/dags/main.py
[2026-01-18T12:43:55.373+0000] {processor.py:830} INFO - Processing file /opt/airflow/dags/main.py for tasks to queue
[2026-01-18T12:43:55.378+0000] {logging_mixin.py:188} INFO - [2026-01-18T12:43:55.377+0000] {dagbag.py:545} INFO - Filling up the DagBag from /opt/airflow/dags/main.py
[2026-01-18T12:43:55.418+0000] {logging_mixin.py:188} INFO - get_playlist_id won't be executed
[2026-01-18T12:43:55.427+0000] {processor.py:840} INFO - DAG(s) 'produce_json' retrieved from /opt/airflow/dags/main.py
[2026-01-18T12:43:55.464+0000] {logging_mixin.py:188} INFO - [2026-01-18T12:43:55.464+0000] {dag.py:3096} INFO - Sync 1 DAGs
[2026-01-18T12:43:55.487+0000] {logging_mixin.py:188} INFO - [2026-01-18T12:43:55.487+0000] {dag.py:3954} INFO - Setting next_dagrun for produce_json to 2026-01-17 13:00:00+00:00, run_after=2026-01-18 13:00:00+00:00
[2026-01-18T12:43:55.505+0000] {processor.py:183} INFO - Processing /opt/airflow/dags/main.py took 0.148 seconds
[2026-01-18T12:44:25.785+0000] {processor.py:161} INFO - Started process (PID=1791) to work on /opt/airflow/dags/main.py
[2026-01-18T12:44:25.787+0000] {processor.py:830} INFO - Processing file /opt/airflow/dags/main.py for tasks to queue
[2026-01-18T12:44:25.791+0000] {logging_mixin.py:188} INFO - [2026-01-18T12:44:25.790+0000] {dagbag.py:545} INFO - Filling up the DagBag from /opt/airflow/dags/main.py
[2026-01-18T12:44:25.834+0000] {logging_mixin.py:188} INFO - get_playlist_id won't be executed
[2026-01-18T12:44:25.846+0000] {processor.py:840} INFO - DAG(s) 'produce_json' retrieved from /opt/airflow/dags/main.py
[2026-01-18T12:44:25.911+0000] {logging_mixin.py:188} INFO - [2026-01-18T12:44:25.911+0000] {dag.py:3096} INFO - Sync 1 DAGs
[2026-01-18T12:44:25.942+0000] {logging_mixin.py:188} INFO - [2026-01-18T12:44:25.942+0000] {dag.py:3954} INFO - Setting next_dagrun for produce_json to 2026-01-17 13:00:00+00:00, run_after=2026-01-18 13:00:00+00:00
[2026-01-18T12:44:25.958+0000] {processor.py:183} INFO - Processing /opt/airflow/dags/main.py took 0.187 seconds
[2026-01-18T12:44:56.089+0000] {processor.py:161} INFO - Started process (PID=1798) to work on /opt/airflow/dags/main.py
[2026-01-18T12:44:56.091+0000] {processor.py:830} INFO - Processing file /opt/airflow/dags/main.py for tasks to queue
[2026-01-18T12:44:56.094+0000] {logging_mixin.py:188} INFO - [2026-01-18T12:44:56.094+0000] {dagbag.py:545} INFO - Filling up the DagBag from /opt/airflow/dags/main.py
[2026-01-18T12:44:56.124+0000] {logging_mixin.py:188} INFO - get_playlist_id won't be executed
[2026-01-18T12:44:56.134+0000] {processor.py:840} INFO - DAG(s) 'produce_json' retrieved from /opt/airflow/dags/main.py
[2026-01-18T12:44:56.176+0000] {logging_mixin.py:188} INFO - [2026-01-18T12:44:56.176+0000] {dag.py:3096} INFO - Sync 1 DAGs
[2026-01-18T12:44:56.198+0000] {logging_mixin.py:188} INFO - [2026-01-18T12:44:56.198+0000] {dag.py:3954} INFO - Setting next_dagrun for produce_json to 2026-01-17 13:00:00+00:00, run_after=2026-01-18 13:00:00+00:00
[2026-01-18T12:44:56.216+0000] {processor.py:183} INFO - Processing /opt/airflow/dags/main.py took 0.141 seconds
[2026-01-18T12:45:26.567+0000] {processor.py:161} INFO - Started process (PID=1805) to work on /opt/airflow/dags/main.py
[2026-01-18T12:45:26.570+0000] {processor.py:830} INFO - Processing file /opt/airflow/dags/main.py for tasks to queue
[2026-01-18T12:45:26.573+0000] {logging_mixin.py:188} INFO - [2026-01-18T12:45:26.573+0000] {dagbag.py:545} INFO - Filling up the DagBag from /opt/airflow/dags/main.py
[2026-01-18T12:45:26.612+0000] {logging_mixin.py:188} INFO - get_playlist_id won't be executed
[2026-01-18T12:45:26.622+0000] {processor.py:840} INFO - DAG(s) 'produce_json' retrieved from /opt/airflow/dags/main.py
[2026-01-18T12:45:26.672+0000] {logging_mixin.py:188} INFO - [2026-01-18T12:45:26.672+0000] {dag.py:3096} INFO - Sync 1 DAGs
[2026-01-18T12:45:26.697+0000] {logging_mixin.py:188} INFO - [2026-01-18T12:45:26.697+0000] {dag.py:3954} INFO - Setting next_dagrun for produce_json to 2026-01-17 13:00:00+00:00, run_after=2026-01-18 13:00:00+00:00
[2026-01-18T12:45:26.711+0000] {processor.py:183} INFO - Processing /opt/airflow/dags/main.py took 0.155 seconds
[2026-01-18T12:45:56.892+0000] {processor.py:161} INFO - Started process (PID=1812) to work on /opt/airflow/dags/main.py
[2026-01-18T12:45:56.894+0000] {processor.py:830} INFO - Processing file /opt/airflow/dags/main.py for tasks to queue
[2026-01-18T12:45:56.897+0000] {logging_mixin.py:188} INFO - [2026-01-18T12:45:56.897+0000] {dagbag.py:545} INFO - Filling up the DagBag from /opt/airflow/dags/main.py
[2026-01-18T12:45:56.938+0000] {logging_mixin.py:188} INFO - get_playlist_id won't be executed
[2026-01-18T12:45:56.948+0000] {processor.py:840} INFO - DAG(s) 'produce_json' retrieved from /opt/airflow/dags/main.py
[2026-01-18T12:45:56.998+0000] {logging_mixin.py:188} INFO - [2026-01-18T12:45:56.997+0000] {dag.py:3096} INFO - Sync 1 DAGs
[2026-01-18T12:45:57.029+0000] {logging_mixin.py:188} INFO - [2026-01-18T12:45:57.029+0000] {dag.py:3954} INFO - Setting next_dagrun for produce_json to 2026-01-17 13:00:00+00:00, run_after=2026-01-18 13:00:00+00:00
[2026-01-18T12:45:57.045+0000] {processor.py:183} INFO - Processing /opt/airflow/dags/main.py took 0.171 seconds
[2026-01-18T12:46:27.314+0000] {processor.py:161} INFO - Started process (PID=1819) to work on /opt/airflow/dags/main.py
[2026-01-18T12:46:27.318+0000] {processor.py:830} INFO - Processing file /opt/airflow/dags/main.py for tasks to queue
[2026-01-18T12:46:27.322+0000] {logging_mixin.py:188} INFO - [2026-01-18T12:46:27.322+0000] {dagbag.py:545} INFO - Filling up the DagBag from /opt/airflow/dags/main.py
[2026-01-18T12:46:27.359+0000] {logging_mixin.py:188} INFO - get_playlist_id won't be executed
[2026-01-18T12:46:27.372+0000] {processor.py:840} INFO - DAG(s) 'produce_json' retrieved from /opt/airflow/dags/main.py
[2026-01-18T12:46:27.421+0000] {logging_mixin.py:188} INFO - [2026-01-18T12:46:27.420+0000] {dag.py:3096} INFO - Sync 1 DAGs
[2026-01-18T12:46:27.448+0000] {logging_mixin.py:188} INFO - [2026-01-18T12:46:27.447+0000] {dag.py:3954} INFO - Setting next_dagrun for produce_json to 2026-01-17 13:00:00+00:00, run_after=2026-01-18 13:00:00+00:00
[2026-01-18T12:46:27.466+0000] {processor.py:183} INFO - Processing /opt/airflow/dags/main.py took 0.173 seconds
[2026-01-18T12:46:57.655+0000] {processor.py:161} INFO - Started process (PID=1826) to work on /opt/airflow/dags/main.py
[2026-01-18T12:46:57.658+0000] {processor.py:830} INFO - Processing file /opt/airflow/dags/main.py for tasks to queue
[2026-01-18T12:46:57.662+0000] {logging_mixin.py:188} INFO - [2026-01-18T12:46:57.662+0000] {dagbag.py:545} INFO - Filling up the DagBag from /opt/airflow/dags/main.py
[2026-01-18T12:46:57.697+0000] {logging_mixin.py:188} INFO - get_playlist_id won't be executed
[2026-01-18T12:46:57.713+0000] {processor.py:840} INFO - DAG(s) 'produce_json' retrieved from /opt/airflow/dags/main.py
[2026-01-18T12:46:57.769+0000] {logging_mixin.py:188} INFO - [2026-01-18T12:46:57.769+0000] {dag.py:3096} INFO - Sync 1 DAGs
[2026-01-18T12:46:57.796+0000] {logging_mixin.py:188} INFO - [2026-01-18T12:46:57.796+0000] {dag.py:3954} INFO - Setting next_dagrun for produce_json to 2026-01-17 13:00:00+00:00, run_after=2026-01-18 13:00:00+00:00
[2026-01-18T12:46:57.820+0000] {processor.py:183} INFO - Processing /opt/airflow/dags/main.py took 0.183 seconds
[2026-01-18T12:47:28.147+0000] {processor.py:161} INFO - Started process (PID=1833) to work on /opt/airflow/dags/main.py
[2026-01-18T12:47:28.150+0000] {processor.py:830} INFO - Processing file /opt/airflow/dags/main.py for tasks to queue
[2026-01-18T12:47:28.154+0000] {logging_mixin.py:188} INFO - [2026-01-18T12:47:28.153+0000] {dagbag.py:545} INFO - Filling up the DagBag from /opt/airflow/dags/main.py
[2026-01-18T12:47:28.192+0000] {logging_mixin.py:188} INFO - get_playlist_id won't be executed
[2026-01-18T12:47:28.205+0000] {processor.py:840} INFO - DAG(s) 'produce_json' retrieved from /opt/airflow/dags/main.py
[2026-01-18T12:47:28.261+0000] {logging_mixin.py:188} INFO - [2026-01-18T12:47:28.261+0000] {dag.py:3096} INFO - Sync 1 DAGs
[2026-01-18T12:47:28.297+0000] {logging_mixin.py:188} INFO - [2026-01-18T12:47:28.296+0000] {dag.py:3954} INFO - Setting next_dagrun for produce_json to 2026-01-17 13:00:00+00:00, run_after=2026-01-18 13:00:00+00:00
[2026-01-18T12:47:28.316+0000] {processor.py:183} INFO - Processing /opt/airflow/dags/main.py took 0.193 seconds
[2026-01-18T12:47:58.467+0000] {processor.py:161} INFO - Started process (PID=1840) to work on /opt/airflow/dags/main.py
[2026-01-18T12:47:58.473+0000] {processor.py:830} INFO - Processing file /opt/airflow/dags/main.py for tasks to queue
[2026-01-18T12:47:58.477+0000] {logging_mixin.py:188} INFO - [2026-01-18T12:47:58.476+0000] {dagbag.py:545} INFO - Filling up the DagBag from /opt/airflow/dags/main.py
[2026-01-18T12:47:58.514+0000] {logging_mixin.py:188} INFO - get_playlist_id won't be executed
[2026-01-18T12:47:58.528+0000] {processor.py:840} INFO - DAG(s) 'produce_json' retrieved from /opt/airflow/dags/main.py
[2026-01-18T12:47:58.586+0000] {logging_mixin.py:188} INFO - [2026-01-18T12:47:58.586+0000] {dag.py:3096} INFO - Sync 1 DAGs
[2026-01-18T12:47:58.613+0000] {logging_mixin.py:188} INFO - [2026-01-18T12:47:58.612+0000] {dag.py:3954} INFO - Setting next_dagrun for produce_json to 2026-01-17 13:00:00+00:00, run_after=2026-01-18 13:00:00+00:00
[2026-01-18T12:47:58.630+0000] {processor.py:183} INFO - Processing /opt/airflow/dags/main.py took 0.178 seconds
[2026-01-18T12:48:28.756+0000] {processor.py:161} INFO - Started process (PID=1847) to work on /opt/airflow/dags/main.py
[2026-01-18T12:48:28.759+0000] {processor.py:830} INFO - Processing file /opt/airflow/dags/main.py for tasks to queue
[2026-01-18T12:48:28.763+0000] {logging_mixin.py:188} INFO - [2026-01-18T12:48:28.762+0000] {dagbag.py:545} INFO - Filling up the DagBag from /opt/airflow/dags/main.py
[2026-01-18T12:48:28.795+0000] {logging_mixin.py:188} INFO - get_playlist_id won't be executed
[2026-01-18T12:48:28.809+0000] {processor.py:840} INFO - DAG(s) 'produce_json' retrieved from /opt/airflow/dags/main.py
[2026-01-18T12:48:28.854+0000] {logging_mixin.py:188} INFO - [2026-01-18T12:48:28.854+0000] {dag.py:3096} INFO - Sync 1 DAGs
[2026-01-18T12:48:28.878+0000] {logging_mixin.py:188} INFO - [2026-01-18T12:48:28.878+0000] {dag.py:3954} INFO - Setting next_dagrun for produce_json to 2026-01-17 13:00:00+00:00, run_after=2026-01-18 13:00:00+00:00
[2026-01-18T12:48:28.893+0000] {processor.py:183} INFO - Processing /opt/airflow/dags/main.py took 0.153 seconds
[2026-01-18T12:48:59.216+0000] {processor.py:161} INFO - Started process (PID=1854) to work on /opt/airflow/dags/main.py
[2026-01-18T12:48:59.220+0000] {processor.py:830} INFO - Processing file /opt/airflow/dags/main.py for tasks to queue
[2026-01-18T12:48:59.227+0000] {logging_mixin.py:188} INFO - [2026-01-18T12:48:59.224+0000] {dagbag.py:545} INFO - Filling up the DagBag from /opt/airflow/dags/main.py
[2026-01-18T12:48:59.285+0000] {logging_mixin.py:188} INFO - get_playlist_id won't be executed
[2026-01-18T12:48:59.300+0000] {processor.py:840} INFO - DAG(s) 'produce_json' retrieved from /opt/airflow/dags/main.py
[2026-01-18T12:48:59.353+0000] {logging_mixin.py:188} INFO - [2026-01-18T12:48:59.353+0000] {dag.py:3096} INFO - Sync 1 DAGs
[2026-01-18T12:48:59.379+0000] {logging_mixin.py:188} INFO - [2026-01-18T12:48:59.379+0000] {dag.py:3954} INFO - Setting next_dagrun for produce_json to 2026-01-17 13:00:00+00:00, run_after=2026-01-18 13:00:00+00:00
[2026-01-18T12:48:59.395+0000] {processor.py:183} INFO - Processing /opt/airflow/dags/main.py took 0.201 seconds
[2026-01-18T12:49:29.511+0000] {processor.py:161} INFO - Started process (PID=1861) to work on /opt/airflow/dags/main.py
[2026-01-18T12:49:29.513+0000] {processor.py:830} INFO - Processing file /opt/airflow/dags/main.py for tasks to queue
[2026-01-18T12:49:29.516+0000] {logging_mixin.py:188} INFO - [2026-01-18T12:49:29.516+0000] {dagbag.py:545} INFO - Filling up the DagBag from /opt/airflow/dags/main.py
[2026-01-18T12:49:29.567+0000] {logging_mixin.py:188} INFO - get_playlist_id won't be executed
[2026-01-18T12:49:29.620+0000] {processor.py:840} INFO - DAG(s) 'produce_json' retrieved from /opt/airflow/dags/main.py
[2026-01-18T12:49:29.677+0000] {logging_mixin.py:188} INFO - [2026-01-18T12:49:29.676+0000] {dag.py:3096} INFO - Sync 1 DAGs
[2026-01-18T12:49:29.706+0000] {logging_mixin.py:188} INFO - [2026-01-18T12:49:29.706+0000] {dag.py:3954} INFO - Setting next_dagrun for produce_json to 2026-01-17 13:00:00+00:00, run_after=2026-01-18 13:00:00+00:00
[2026-01-18T12:49:29.724+0000] {processor.py:183} INFO - Processing /opt/airflow/dags/main.py took 0.228 seconds
[2026-01-18T12:49:59.937+0000] {processor.py:161} INFO - Started process (PID=1868) to work on /opt/airflow/dags/main.py
[2026-01-18T12:49:59.938+0000] {processor.py:830} INFO - Processing file /opt/airflow/dags/main.py for tasks to queue
[2026-01-18T12:49:59.940+0000] {logging_mixin.py:188} INFO - [2026-01-18T12:49:59.939+0000] {dagbag.py:545} INFO - Filling up the DagBag from /opt/airflow/dags/main.py
[2026-01-18T12:49:59.964+0000] {logging_mixin.py:188} INFO - get_playlist_id won't be executed
[2026-01-18T12:49:59.971+0000] {processor.py:840} INFO - DAG(s) 'produce_json' retrieved from /opt/airflow/dags/main.py
[2026-01-18T12:49:59.992+0000] {logging_mixin.py:188} INFO - [2026-01-18T12:49:59.991+0000] {dag.py:3096} INFO - Sync 1 DAGs
[2026-01-18T12:50:00.007+0000] {logging_mixin.py:188} INFO - [2026-01-18T12:50:00.007+0000] {dag.py:3954} INFO - Setting next_dagrun for produce_json to 2026-01-17 13:00:00+00:00, run_after=2026-01-18 13:00:00+00:00
[2026-01-18T12:50:00.019+0000] {processor.py:183} INFO - Processing /opt/airflow/dags/main.py took 0.086 seconds
[2026-01-18T12:50:30.259+0000] {processor.py:161} INFO - Started process (PID=1875) to work on /opt/airflow/dags/main.py
[2026-01-18T12:50:30.261+0000] {processor.py:830} INFO - Processing file /opt/airflow/dags/main.py for tasks to queue
[2026-01-18T12:50:30.269+0000] {logging_mixin.py:188} INFO - [2026-01-18T12:50:30.268+0000] {dagbag.py:545} INFO - Filling up the DagBag from /opt/airflow/dags/main.py
[2026-01-18T12:50:30.312+0000] {logging_mixin.py:188} INFO - get_playlist_id won't be executed
[2026-01-18T12:50:30.324+0000] {processor.py:840} INFO - DAG(s) 'produce_json' retrieved from /opt/airflow/dags/main.py
[2026-01-18T12:50:30.363+0000] {logging_mixin.py:188} INFO - [2026-01-18T12:50:30.362+0000] {dag.py:3096} INFO - Sync 1 DAGs
[2026-01-18T12:50:30.389+0000] {logging_mixin.py:188} INFO - [2026-01-18T12:50:30.389+0000] {dag.py:3954} INFO - Setting next_dagrun for produce_json to 2026-01-17 13:00:00+00:00, run_after=2026-01-18 13:00:00+00:00
[2026-01-18T12:50:30.403+0000] {processor.py:183} INFO - Processing /opt/airflow/dags/main.py took 0.160 seconds
[2026-01-18T12:51:00.563+0000] {processor.py:161} INFO - Started process (PID=1882) to work on /opt/airflow/dags/main.py
[2026-01-18T12:51:00.565+0000] {processor.py:830} INFO - Processing file /opt/airflow/dags/main.py for tasks to queue
[2026-01-18T12:51:00.568+0000] {logging_mixin.py:188} INFO - [2026-01-18T12:51:00.568+0000] {dagbag.py:545} INFO - Filling up the DagBag from /opt/airflow/dags/main.py
[2026-01-18T12:51:00.596+0000] {logging_mixin.py:188} INFO - get_playlist_id won't be executed
[2026-01-18T12:51:00.604+0000] {processor.py:840} INFO - DAG(s) 'produce_json' retrieved from /opt/airflow/dags/main.py
[2026-01-18T12:51:00.632+0000] {logging_mixin.py:188} INFO - [2026-01-18T12:51:00.632+0000] {dag.py:3096} INFO - Sync 1 DAGs
[2026-01-18T12:51:00.651+0000] {logging_mixin.py:188} INFO - [2026-01-18T12:51:00.651+0000] {dag.py:3954} INFO - Setting next_dagrun for produce_json to 2026-01-17 13:00:00+00:00, run_after=2026-01-18 13:00:00+00:00
[2026-01-18T12:51:00.668+0000] {processor.py:183} INFO - Processing /opt/airflow/dags/main.py took 0.112 seconds
[2026-01-18T12:51:30.969+0000] {processor.py:161} INFO - Started process (PID=1889) to work on /opt/airflow/dags/main.py
[2026-01-18T12:51:30.971+0000] {processor.py:830} INFO - Processing file /opt/airflow/dags/main.py for tasks to queue
[2026-01-18T12:51:30.973+0000] {logging_mixin.py:188} INFO - [2026-01-18T12:51:30.973+0000] {dagbag.py:545} INFO - Filling up the DagBag from /opt/airflow/dags/main.py
[2026-01-18T12:51:30.996+0000] {logging_mixin.py:188} INFO - get_playlist_id won't be executed
[2026-01-18T12:51:31.003+0000] {processor.py:840} INFO - DAG(s) 'produce_json' retrieved from /opt/airflow/dags/main.py
[2026-01-18T12:51:31.033+0000] {logging_mixin.py:188} INFO - [2026-01-18T12:51:31.032+0000] {dag.py:3096} INFO - Sync 1 DAGs
[2026-01-18T12:51:31.055+0000] {logging_mixin.py:188} INFO - [2026-01-18T12:51:31.054+0000] {dag.py:3954} INFO - Setting next_dagrun for produce_json to 2026-01-17 13:00:00+00:00, run_after=2026-01-18 13:00:00+00:00
[2026-01-18T12:51:31.069+0000] {processor.py:183} INFO - Processing /opt/airflow/dags/main.py took 0.111 seconds
[2026-01-18T12:52:01.335+0000] {processor.py:161} INFO - Started process (PID=1896) to work on /opt/airflow/dags/main.py
[2026-01-18T12:52:01.338+0000] {processor.py:830} INFO - Processing file /opt/airflow/dags/main.py for tasks to queue
[2026-01-18T12:52:01.347+0000] {logging_mixin.py:188} INFO - [2026-01-18T12:52:01.344+0000] {dagbag.py:545} INFO - Filling up the DagBag from /opt/airflow/dags/main.py
[2026-01-18T12:52:01.428+0000] {logging_mixin.py:188} INFO - get_playlist_id won't be executed
[2026-01-18T12:52:01.454+0000] {processor.py:840} INFO - DAG(s) 'produce_json' retrieved from /opt/airflow/dags/main.py
[2026-01-18T12:52:01.554+0000] {logging_mixin.py:188} INFO - [2026-01-18T12:52:01.553+0000] {dag.py:3096} INFO - Sync 1 DAGs
[2026-01-18T12:52:01.637+0000] {logging_mixin.py:188} INFO - [2026-01-18T12:52:01.637+0000] {dag.py:3954} INFO - Setting next_dagrun for produce_json to 2026-01-17 13:00:00+00:00, run_after=2026-01-18 13:00:00+00:00
[2026-01-18T12:52:01.681+0000] {processor.py:183} INFO - Processing /opt/airflow/dags/main.py took 0.367 seconds
[2026-01-18T12:52:31.729+0000] {processor.py:161} INFO - Started process (PID=1903) to work on /opt/airflow/dags/main.py
[2026-01-18T12:52:31.733+0000] {processor.py:830} INFO - Processing file /opt/airflow/dags/main.py for tasks to queue
[2026-01-18T12:52:31.740+0000] {logging_mixin.py:188} INFO - [2026-01-18T12:52:31.739+0000] {dagbag.py:545} INFO - Filling up the DagBag from /opt/airflow/dags/main.py
[2026-01-18T12:52:31.770+0000] {logging_mixin.py:188} INFO - get_playlist_id won't be executed
[2026-01-18T12:52:31.780+0000] {processor.py:840} INFO - DAG(s) 'produce_json' retrieved from /opt/airflow/dags/main.py
[2026-01-18T12:52:31.824+0000] {logging_mixin.py:188} INFO - [2026-01-18T12:52:31.824+0000] {dag.py:3096} INFO - Sync 1 DAGs
[2026-01-18T12:52:31.850+0000] {logging_mixin.py:188} INFO - [2026-01-18T12:52:31.850+0000] {dag.py:3954} INFO - Setting next_dagrun for produce_json to 2026-01-17 13:00:00+00:00, run_after=2026-01-18 13:00:00+00:00
[2026-01-18T12:52:31.952+0000] {processor.py:183} INFO - Processing /opt/airflow/dags/main.py took 0.234 seconds
[2026-01-18T12:53:02.012+0000] {processor.py:161} INFO - Started process (PID=1910) to work on /opt/airflow/dags/main.py
[2026-01-18T12:53:02.015+0000] {processor.py:830} INFO - Processing file /opt/airflow/dags/main.py for tasks to queue
[2026-01-18T12:53:02.018+0000] {logging_mixin.py:188} INFO - [2026-01-18T12:53:02.017+0000] {dagbag.py:545} INFO - Filling up the DagBag from /opt/airflow/dags/main.py
[2026-01-18T12:53:02.047+0000] {logging_mixin.py:188} INFO - get_playlist_id won't be executed
[2026-01-18T12:53:02.057+0000] {processor.py:840} INFO - DAG(s) 'produce_json' retrieved from /opt/airflow/dags/main.py
[2026-01-18T12:53:02.093+0000] {logging_mixin.py:188} INFO - [2026-01-18T12:53:02.092+0000] {dag.py:3096} INFO - Sync 1 DAGs
[2026-01-18T12:53:02.121+0000] {logging_mixin.py:188} INFO - [2026-01-18T12:53:02.120+0000] {dag.py:3954} INFO - Setting next_dagrun for produce_json to 2026-01-17 13:00:00+00:00, run_after=2026-01-18 13:00:00+00:00
[2026-01-18T12:53:02.135+0000] {processor.py:183} INFO - Processing /opt/airflow/dags/main.py took 0.134 seconds
[2026-01-18T12:53:32.333+0000] {processor.py:161} INFO - Started process (PID=1917) to work on /opt/airflow/dags/main.py
[2026-01-18T12:53:32.339+0000] {processor.py:830} INFO - Processing file /opt/airflow/dags/main.py for tasks to queue
[2026-01-18T12:53:32.342+0000] {logging_mixin.py:188} INFO - [2026-01-18T12:53:32.342+0000] {dagbag.py:545} INFO - Filling up the DagBag from /opt/airflow/dags/main.py
[2026-01-18T12:53:32.395+0000] {logging_mixin.py:188} INFO - get_playlist_id won't be executed
[2026-01-18T12:53:32.405+0000] {processor.py:840} INFO - DAG(s) 'produce_json' retrieved from /opt/airflow/dags/main.py
[2026-01-18T12:53:32.449+0000] {logging_mixin.py:188} INFO - [2026-01-18T12:53:32.449+0000] {dag.py:3096} INFO - Sync 1 DAGs
[2026-01-18T12:53:32.471+0000] {logging_mixin.py:188} INFO - [2026-01-18T12:53:32.471+0000] {dag.py:3954} INFO - Setting next_dagrun for produce_json to 2026-01-17 13:00:00+00:00, run_after=2026-01-18 13:00:00+00:00
[2026-01-18T12:53:32.486+0000] {processor.py:183} INFO - Processing /opt/airflow/dags/main.py took 0.183 seconds
[2026-01-18T12:54:02.659+0000] {processor.py:161} INFO - Started process (PID=1924) to work on /opt/airflow/dags/main.py
[2026-01-18T12:54:02.662+0000] {processor.py:830} INFO - Processing file /opt/airflow/dags/main.py for tasks to queue
[2026-01-18T12:54:02.666+0000] {logging_mixin.py:188} INFO - [2026-01-18T12:54:02.666+0000] {dagbag.py:545} INFO - Filling up the DagBag from /opt/airflow/dags/main.py
[2026-01-18T12:54:02.717+0000] {logging_mixin.py:188} INFO - get_playlist_id won't be executed
[2026-01-18T12:54:02.730+0000] {processor.py:840} INFO - DAG(s) 'produce_json' retrieved from /opt/airflow/dags/main.py
[2026-01-18T12:54:02.770+0000] {logging_mixin.py:188} INFO - [2026-01-18T12:54:02.770+0000] {dag.py:3096} INFO - Sync 1 DAGs
[2026-01-18T12:54:02.805+0000] {logging_mixin.py:188} INFO - [2026-01-18T12:54:02.804+0000] {dag.py:3954} INFO - Setting next_dagrun for produce_json to 2026-01-17 13:00:00+00:00, run_after=2026-01-18 13:00:00+00:00
[2026-01-18T12:54:02.821+0000] {processor.py:183} INFO - Processing /opt/airflow/dags/main.py took 0.176 seconds
[2026-01-18T12:54:33.156+0000] {processor.py:161} INFO - Started process (PID=1931) to work on /opt/airflow/dags/main.py
[2026-01-18T12:54:33.159+0000] {processor.py:830} INFO - Processing file /opt/airflow/dags/main.py for tasks to queue
[2026-01-18T12:54:33.166+0000] {logging_mixin.py:188} INFO - [2026-01-18T12:54:33.164+0000] {dagbag.py:545} INFO - Filling up the DagBag from /opt/airflow/dags/main.py
[2026-01-18T12:54:33.210+0000] {logging_mixin.py:188} INFO - get_playlist_id won't be executed
[2026-01-18T12:54:33.220+0000] {processor.py:840} INFO - DAG(s) 'produce_json' retrieved from /opt/airflow/dags/main.py
[2026-01-18T12:54:33.273+0000] {logging_mixin.py:188} INFO - [2026-01-18T12:54:33.273+0000] {dag.py:3096} INFO - Sync 1 DAGs
[2026-01-18T12:54:33.303+0000] {logging_mixin.py:188} INFO - [2026-01-18T12:54:33.303+0000] {dag.py:3954} INFO - Setting next_dagrun for produce_json to 2026-01-17 13:00:00+00:00, run_after=2026-01-18 13:00:00+00:00
[2026-01-18T12:54:33.330+0000] {processor.py:183} INFO - Processing /opt/airflow/dags/main.py took 0.187 seconds
[2026-01-18T12:54:55.575+0000] {processor.py:161} INFO - Started process (PID=1938) to work on /opt/airflow/dags/main.py
[2026-01-18T12:54:55.577+0000] {processor.py:830} INFO - Processing file /opt/airflow/dags/main.py for tasks to queue
[2026-01-18T12:54:55.579+0000] {logging_mixin.py:188} INFO - [2026-01-18T12:54:55.579+0000] {dagbag.py:545} INFO - Filling up the DagBag from /opt/airflow/dags/main.py
[2026-01-18T12:54:55.584+0000] {logging_mixin.py:188} INFO - [2026-01-18T12:54:55.583+0000] {dagbag.py:355} ERROR - Failed to import: /opt/airflow/dags/main.py
Traceback (most recent call last):
  File "/home/airflow/.local/lib/python3.10/site-packages/airflow/models/dagbag.py", line 351, in parse
    loader.exec_module(new_module)
  File "<frozen importlib._bootstrap_external>", line 879, in exec_module
  File "<frozen importlib._bootstrap_external>", line 1017, in get_code
  File "<frozen importlib._bootstrap_external>", line 947, in source_to_code
  File "<frozen importlib._bootstrap>", line 241, in _call_with_frames_removed
  File "/opt/airflow/dags/main.py", line 6
    from datawarehouse.dwh import staging table, core_table
                                          ^^^^^
SyntaxError: invalid syntax
[2026-01-18T12:54:55.584+0000] {processor.py:842} WARNING - No viable dags retrieved from /opt/airflow/dags/main.py
[2026-01-18T12:54:55.613+0000] {processor.py:183} INFO - Processing /opt/airflow/dags/main.py took 0.043 seconds
[2026-01-18T12:55:05.669+0000] {processor.py:161} INFO - Started process (PID=1939) to work on /opt/airflow/dags/main.py
[2026-01-18T12:55:05.671+0000] {processor.py:830} INFO - Processing file /opt/airflow/dags/main.py for tasks to queue
[2026-01-18T12:55:05.673+0000] {logging_mixin.py:188} INFO - [2026-01-18T12:55:05.673+0000] {dagbag.py:545} INFO - Filling up the DagBag from /opt/airflow/dags/main.py
[2026-01-18T12:55:05.701+0000] {logging_mixin.py:188} INFO - get_playlist_id won't be executed
[2026-01-18T12:55:05.702+0000] {logging_mixin.py:188} INFO - [2026-01-18T12:55:05.701+0000] {dagbag.py:355} ERROR - Failed to import: /opt/airflow/dags/main.py
Traceback (most recent call last):
  File "/home/airflow/.local/lib/python3.10/site-packages/airflow/models/dagbag.py", line 351, in parse
    loader.exec_module(new_module)
  File "<frozen importlib._bootstrap_external>", line 883, in exec_module
  File "<frozen importlib._bootstrap>", line 241, in _call_with_frames_removed
  File "/opt/airflow/dags/main.py", line 6, in <module>
    from datawarehouse.dwh import staging_table, core_table
ModuleNotFoundError: No module named 'datawarehouse'
[2026-01-18T12:55:05.702+0000] {processor.py:842} WARNING - No viable dags retrieved from /opt/airflow/dags/main.py
[2026-01-18T12:55:05.720+0000] {processor.py:183} INFO - Processing /opt/airflow/dags/main.py took 0.059 seconds
[2026-01-18T12:55:36.041+0000] {processor.py:161} INFO - Started process (PID=1946) to work on /opt/airflow/dags/main.py
[2026-01-18T12:55:36.044+0000] {processor.py:830} INFO - Processing file /opt/airflow/dags/main.py for tasks to queue
[2026-01-18T12:55:36.047+0000] {logging_mixin.py:188} INFO - [2026-01-18T12:55:36.047+0000] {dagbag.py:545} INFO - Filling up the DagBag from /opt/airflow/dags/main.py
[2026-01-18T12:55:36.088+0000] {logging_mixin.py:188} INFO - get_playlist_id won't be executed
[2026-01-18T12:55:36.090+0000] {logging_mixin.py:188} INFO - [2026-01-18T12:55:36.089+0000] {dagbag.py:355} ERROR - Failed to import: /opt/airflow/dags/main.py
Traceback (most recent call last):
  File "/home/airflow/.local/lib/python3.10/site-packages/airflow/models/dagbag.py", line 351, in parse
    loader.exec_module(new_module)
  File "<frozen importlib._bootstrap_external>", line 883, in exec_module
  File "<frozen importlib._bootstrap>", line 241, in _call_with_frames_removed
  File "/opt/airflow/dags/main.py", line 6, in <module>
    from datawarehouse.dwh import staging_table, core_table
ModuleNotFoundError: No module named 'datawarehouse'
[2026-01-18T12:55:36.090+0000] {processor.py:842} WARNING - No viable dags retrieved from /opt/airflow/dags/main.py
[2026-01-18T12:55:36.120+0000] {processor.py:183} INFO - Processing /opt/airflow/dags/main.py took 0.095 seconds
[2026-01-18T12:56:06.346+0000] {processor.py:161} INFO - Started process (PID=1953) to work on /opt/airflow/dags/main.py
[2026-01-18T12:56:06.349+0000] {processor.py:830} INFO - Processing file /opt/airflow/dags/main.py for tasks to queue
[2026-01-18T12:56:06.350+0000] {logging_mixin.py:188} INFO - [2026-01-18T12:56:06.350+0000] {dagbag.py:545} INFO - Filling up the DagBag from /opt/airflow/dags/main.py
[2026-01-18T12:56:06.395+0000] {logging_mixin.py:188} INFO - get_playlist_id won't be executed
[2026-01-18T12:56:06.396+0000] {logging_mixin.py:188} INFO - [2026-01-18T12:56:06.395+0000] {dagbag.py:355} ERROR - Failed to import: /opt/airflow/dags/main.py
Traceback (most recent call last):
  File "/home/airflow/.local/lib/python3.10/site-packages/airflow/models/dagbag.py", line 351, in parse
    loader.exec_module(new_module)
  File "<frozen importlib._bootstrap_external>", line 883, in exec_module
  File "<frozen importlib._bootstrap>", line 241, in _call_with_frames_removed
  File "/opt/airflow/dags/main.py", line 6, in <module>
    from datawarehouse.dwh import staging_table, core_table
ModuleNotFoundError: No module named 'datawarehouse'
[2026-01-18T12:56:06.397+0000] {processor.py:842} WARNING - No viable dags retrieved from /opt/airflow/dags/main.py
[2026-01-18T12:56:06.416+0000] {processor.py:183} INFO - Processing /opt/airflow/dags/main.py took 0.079 seconds
[2026-01-18T12:56:35.664+0000] {processor.py:161} INFO - Started process (PID=1960) to work on /opt/airflow/dags/main.py
[2026-01-18T12:56:35.666+0000] {processor.py:830} INFO - Processing file /opt/airflow/dags/main.py for tasks to queue
[2026-01-18T12:56:35.667+0000] {logging_mixin.py:188} INFO - [2026-01-18T12:56:35.666+0000] {dagbag.py:545} INFO - Filling up the DagBag from /opt/airflow/dags/main.py
[2026-01-18T12:56:35.716+0000] {logging_mixin.py:188} INFO - get_playlist_id won't be executed
[2026-01-18T12:56:35.717+0000] {logging_mixin.py:188} INFO - [2026-01-18T12:56:35.716+0000] {dagbag.py:355} ERROR - Failed to import: /opt/airflow/dags/main.py
Traceback (most recent call last):
  File "/home/airflow/.local/lib/python3.10/site-packages/airflow/models/dagbag.py", line 351, in parse
    loader.exec_module(new_module)
  File "<frozen importlib._bootstrap_external>", line 883, in exec_module
  File "<frozen importlib._bootstrap>", line 241, in _call_with_frames_removed
  File "/opt/airflow/dags/main.py", line 6, in <module>
    from datawarehouse.dwh import staging_table, core_table
ModuleNotFoundError: No module named 'datawarehouse'
[2026-01-18T12:56:35.718+0000] {processor.py:842} WARNING - No viable dags retrieved from /opt/airflow/dags/main.py
[2026-01-18T12:56:35.746+0000] {processor.py:183} INFO - Processing /opt/airflow/dags/main.py took 0.099 seconds
[2026-01-18T12:57:05.956+0000] {processor.py:161} INFO - Started process (PID=1967) to work on /opt/airflow/dags/main.py
[2026-01-18T12:57:05.958+0000] {processor.py:830} INFO - Processing file /opt/airflow/dags/main.py for tasks to queue
[2026-01-18T12:57:05.959+0000] {logging_mixin.py:188} INFO - [2026-01-18T12:57:05.959+0000] {dagbag.py:545} INFO - Filling up the DagBag from /opt/airflow/dags/main.py
[2026-01-18T12:57:05.992+0000] {logging_mixin.py:188} INFO - get_playlist_id won't be executed
[2026-01-18T12:57:05.994+0000] {logging_mixin.py:188} INFO - [2026-01-18T12:57:05.992+0000] {dagbag.py:355} ERROR - Failed to import: /opt/airflow/dags/main.py
Traceback (most recent call last):
  File "/home/airflow/.local/lib/python3.10/site-packages/airflow/models/dagbag.py", line 351, in parse
    loader.exec_module(new_module)
  File "<frozen importlib._bootstrap_external>", line 883, in exec_module
  File "<frozen importlib._bootstrap>", line 241, in _call_with_frames_removed
  File "/opt/airflow/dags/main.py", line 6, in <module>
    from datawarehouse.dwh import staging_table, core_table
ModuleNotFoundError: No module named 'datawarehouse'
[2026-01-18T12:57:05.994+0000] {processor.py:842} WARNING - No viable dags retrieved from /opt/airflow/dags/main.py
[2026-01-18T12:57:06.025+0000] {processor.py:183} INFO - Processing /opt/airflow/dags/main.py took 0.087 seconds
[2026-01-18T12:57:36.355+0000] {processor.py:161} INFO - Started process (PID=1974) to work on /opt/airflow/dags/main.py
[2026-01-18T12:57:36.357+0000] {processor.py:830} INFO - Processing file /opt/airflow/dags/main.py for tasks to queue
[2026-01-18T12:57:36.359+0000] {logging_mixin.py:188} INFO - [2026-01-18T12:57:36.358+0000] {dagbag.py:545} INFO - Filling up the DagBag from /opt/airflow/dags/main.py
[2026-01-18T12:57:36.402+0000] {logging_mixin.py:188} INFO - get_playlist_id won't be executed
[2026-01-18T12:57:36.403+0000] {logging_mixin.py:188} INFO - [2026-01-18T12:57:36.402+0000] {dagbag.py:355} ERROR - Failed to import: /opt/airflow/dags/main.py
Traceback (most recent call last):
  File "/home/airflow/.local/lib/python3.10/site-packages/airflow/models/dagbag.py", line 351, in parse
    loader.exec_module(new_module)
  File "<frozen importlib._bootstrap_external>", line 883, in exec_module
  File "<frozen importlib._bootstrap>", line 241, in _call_with_frames_removed
  File "/opt/airflow/dags/main.py", line 6, in <module>
    from datawarehouse.dwh import staging_table, core_table
ModuleNotFoundError: No module named 'datawarehouse'
[2026-01-18T12:57:36.404+0000] {processor.py:842} WARNING - No viable dags retrieved from /opt/airflow/dags/main.py
[2026-01-18T12:57:36.438+0000] {processor.py:183} INFO - Processing /opt/airflow/dags/main.py took 0.105 seconds
[2026-01-18T12:58:06.656+0000] {processor.py:161} INFO - Started process (PID=1981) to work on /opt/airflow/dags/main.py
[2026-01-18T12:58:06.665+0000] {processor.py:830} INFO - Processing file /opt/airflow/dags/main.py for tasks to queue
[2026-01-18T12:58:06.667+0000] {logging_mixin.py:188} INFO - [2026-01-18T12:58:06.667+0000] {dagbag.py:545} INFO - Filling up the DagBag from /opt/airflow/dags/main.py
[2026-01-18T12:58:06.703+0000] {logging_mixin.py:188} INFO - get_playlist_id won't be executed
[2026-01-18T12:58:06.704+0000] {logging_mixin.py:188} INFO - [2026-01-18T12:58:06.703+0000] {dagbag.py:355} ERROR - Failed to import: /opt/airflow/dags/main.py
Traceback (most recent call last):
  File "/home/airflow/.local/lib/python3.10/site-packages/airflow/models/dagbag.py", line 351, in parse
    loader.exec_module(new_module)
  File "<frozen importlib._bootstrap_external>", line 883, in exec_module
  File "<frozen importlib._bootstrap>", line 241, in _call_with_frames_removed
  File "/opt/airflow/dags/main.py", line 6, in <module>
    from datawarehouse.dwh import staging_table, core_table
ModuleNotFoundError: No module named 'datawarehouse'
[2026-01-18T12:58:06.705+0000] {processor.py:842} WARNING - No viable dags retrieved from /opt/airflow/dags/main.py
[2026-01-18T12:58:06.732+0000] {processor.py:183} INFO - Processing /opt/airflow/dags/main.py took 0.091 seconds
[2026-01-18T12:58:37.043+0000] {processor.py:161} INFO - Started process (PID=1988) to work on /opt/airflow/dags/main.py
[2026-01-18T12:58:37.045+0000] {processor.py:830} INFO - Processing file /opt/airflow/dags/main.py for tasks to queue
[2026-01-18T12:58:37.046+0000] {logging_mixin.py:188} INFO - [2026-01-18T12:58:37.046+0000] {dagbag.py:545} INFO - Filling up the DagBag from /opt/airflow/dags/main.py
[2026-01-18T12:58:37.075+0000] {logging_mixin.py:188} INFO - get_playlist_id won't be executed
[2026-01-18T12:58:37.076+0000] {logging_mixin.py:188} INFO - [2026-01-18T12:58:37.075+0000] {dagbag.py:355} ERROR - Failed to import: /opt/airflow/dags/main.py
Traceback (most recent call last):
  File "/home/airflow/.local/lib/python3.10/site-packages/airflow/models/dagbag.py", line 351, in parse
    loader.exec_module(new_module)
  File "<frozen importlib._bootstrap_external>", line 883, in exec_module
  File "<frozen importlib._bootstrap>", line 241, in _call_with_frames_removed
  File "/opt/airflow/dags/main.py", line 6, in <module>
    from datawarehouse.dwh import staging_table, core_table
ModuleNotFoundError: No module named 'datawarehouse'
[2026-01-18T12:58:37.076+0000] {processor.py:842} WARNING - No viable dags retrieved from /opt/airflow/dags/main.py
[2026-01-18T12:58:37.091+0000] {processor.py:183} INFO - Processing /opt/airflow/dags/main.py took 0.054 seconds
[2026-01-18T12:59:07.428+0000] {processor.py:161} INFO - Started process (PID=1995) to work on /opt/airflow/dags/main.py
[2026-01-18T12:59:07.430+0000] {processor.py:830} INFO - Processing file /opt/airflow/dags/main.py for tasks to queue
[2026-01-18T12:59:07.431+0000] {logging_mixin.py:188} INFO - [2026-01-18T12:59:07.431+0000] {dagbag.py:545} INFO - Filling up the DagBag from /opt/airflow/dags/main.py
[2026-01-18T12:59:07.472+0000] {logging_mixin.py:188} INFO - get_playlist_id won't be executed
[2026-01-18T12:59:07.474+0000] {logging_mixin.py:188} INFO - [2026-01-18T12:59:07.473+0000] {dagbag.py:355} ERROR - Failed to import: /opt/airflow/dags/main.py
Traceback (most recent call last):
  File "/home/airflow/.local/lib/python3.10/site-packages/airflow/models/dagbag.py", line 351, in parse
    loader.exec_module(new_module)
  File "<frozen importlib._bootstrap_external>", line 883, in exec_module
  File "<frozen importlib._bootstrap>", line 241, in _call_with_frames_removed
  File "/opt/airflow/dags/main.py", line 6, in <module>
    from datawarehouse.dwh import staging_table, core_table
ModuleNotFoundError: No module named 'datawarehouse'
[2026-01-18T12:59:07.475+0000] {processor.py:842} WARNING - No viable dags retrieved from /opt/airflow/dags/main.py
[2026-01-18T12:59:07.507+0000] {processor.py:183} INFO - Processing /opt/airflow/dags/main.py took 0.093 seconds
[2026-01-18T12:59:38.073+0000] {processor.py:161} INFO - Started process (PID=2002) to work on /opt/airflow/dags/main.py
[2026-01-18T12:59:38.076+0000] {processor.py:830} INFO - Processing file /opt/airflow/dags/main.py for tasks to queue
[2026-01-18T12:59:38.078+0000] {logging_mixin.py:188} INFO - [2026-01-18T12:59:38.078+0000] {dagbag.py:545} INFO - Filling up the DagBag from /opt/airflow/dags/main.py
[2026-01-18T12:59:38.220+0000] {logging_mixin.py:188} INFO - get_playlist_id won't be executed
[2026-01-18T12:59:38.225+0000] {logging_mixin.py:188} INFO - [2026-01-18T12:59:38.222+0000] {dagbag.py:355} ERROR - Failed to import: /opt/airflow/dags/main.py
Traceback (most recent call last):
  File "/home/airflow/.local/lib/python3.10/site-packages/airflow/models/dagbag.py", line 351, in parse
    loader.exec_module(new_module)
  File "<frozen importlib._bootstrap_external>", line 883, in exec_module
  File "<frozen importlib._bootstrap>", line 241, in _call_with_frames_removed
  File "/opt/airflow/dags/main.py", line 6, in <module>
    from datawarehouse.dwh import staging_table, core_table
ModuleNotFoundError: No module named 'datawarehouse'
[2026-01-18T12:59:38.230+0000] {processor.py:842} WARNING - No viable dags retrieved from /opt/airflow/dags/main.py
[2026-01-18T12:59:38.386+0000] {processor.py:183} INFO - Processing /opt/airflow/dags/main.py took 0.558 seconds
[2026-01-18T12:59:50.936+0000] {processor.py:161} INFO - Started process (PID=2003) to work on /opt/airflow/dags/main.py
[2026-01-18T12:59:50.937+0000] {processor.py:830} INFO - Processing file /opt/airflow/dags/main.py for tasks to queue
[2026-01-18T12:59:50.938+0000] {logging_mixin.py:188} INFO - [2026-01-18T12:59:50.938+0000] {dagbag.py:545} INFO - Filling up the DagBag from /opt/airflow/dags/main.py
[2026-01-18T12:59:50.959+0000] {logging_mixin.py:188} INFO - get_playlist_id won't be executed
[2026-01-18T12:59:50.960+0000] {logging_mixin.py:188} INFO - [2026-01-18T12:59:50.959+0000] {dagbag.py:355} ERROR - Failed to import: /opt/airflow/dags/main.py
Traceback (most recent call last):
  File "/home/airflow/.local/lib/python3.10/site-packages/airflow/models/dagbag.py", line 351, in parse
    loader.exec_module(new_module)
  File "<frozen importlib._bootstrap_external>", line 883, in exec_module
  File "<frozen importlib._bootstrap>", line 241, in _call_with_frames_removed
  File "/opt/airflow/dags/main.py", line 6, in <module>
    from datawarehouse.dwh import staging_table, core_table
ModuleNotFoundError: No module named 'datawarehouse'
[2026-01-18T12:59:50.960+0000] {processor.py:842} WARNING - No viable dags retrieved from /opt/airflow/dags/main.py
[2026-01-18T12:59:50.973+0000] {processor.py:183} INFO - Processing /opt/airflow/dags/main.py took 0.048 seconds
[2026-01-18T13:00:21.239+0000] {processor.py:161} INFO - Started process (PID=2010) to work on /opt/airflow/dags/main.py
[2026-01-18T13:00:21.242+0000] {processor.py:830} INFO - Processing file /opt/airflow/dags/main.py for tasks to queue
[2026-01-18T13:00:21.243+0000] {logging_mixin.py:188} INFO - [2026-01-18T13:00:21.243+0000] {dagbag.py:545} INFO - Filling up the DagBag from /opt/airflow/dags/main.py
[2026-01-18T13:00:21.282+0000] {logging_mixin.py:188} INFO - get_playlist_id won't be executed
[2026-01-18T13:00:21.284+0000] {logging_mixin.py:188} INFO - [2026-01-18T13:00:21.283+0000] {dagbag.py:355} ERROR - Failed to import: /opt/airflow/dags/main.py
Traceback (most recent call last):
  File "/home/airflow/.local/lib/python3.10/site-packages/airflow/models/dagbag.py", line 351, in parse
    loader.exec_module(new_module)
  File "<frozen importlib._bootstrap_external>", line 883, in exec_module
  File "<frozen importlib._bootstrap>", line 241, in _call_with_frames_removed
  File "/opt/airflow/dags/main.py", line 6, in <module>
    from datawarehouse.dwh import staging_table, core_table
ModuleNotFoundError: No module named 'datawarehouse'
[2026-01-18T13:00:21.284+0000] {processor.py:842} WARNING - No viable dags retrieved from /opt/airflow/dags/main.py
[2026-01-18T13:00:21.306+0000] {processor.py:183} INFO - Processing /opt/airflow/dags/main.py took 0.077 seconds
[2026-01-18T13:00:48.533+0000] {processor.py:161} INFO - Started process (PID=2017) to work on /opt/airflow/dags/main.py
[2026-01-18T13:00:48.536+0000] {processor.py:830} INFO - Processing file /opt/airflow/dags/main.py for tasks to queue
[2026-01-18T13:00:48.537+0000] {logging_mixin.py:188} INFO - [2026-01-18T13:00:48.537+0000] {dagbag.py:545} INFO - Filling up the DagBag from /opt/airflow/dags/main.py
[2026-01-18T13:00:48.548+0000] {logging_mixin.py:188} INFO - [2026-01-18T13:00:48.547+0000] {dagbag.py:355} ERROR - Failed to import: /opt/airflow/dags/main.py
Traceback (most recent call last):
  File "/home/airflow/.local/lib/python3.10/site-packages/airflow/models/dagbag.py", line 351, in parse
    loader.exec_module(new_module)
  File "<frozen importlib._bootstrap_external>", line 879, in exec_module
  File "<frozen importlib._bootstrap_external>", line 1017, in get_code
  File "<frozen importlib._bootstrap_external>", line 947, in source_to_code
  File "<frozen importlib._bootstrap>", line 241, in _call_with_frames_removed
  File "/opt/airflow/dags/main.py", line 6
    from api/datawarehouse.dwh import staging_table, core_table
            ^
SyntaxError: invalid syntax
[2026-01-18T13:00:48.549+0000] {processor.py:842} WARNING - No viable dags retrieved from /opt/airflow/dags/main.py
[2026-01-18T13:00:48.581+0000] {processor.py:183} INFO - Processing /opt/airflow/dags/main.py took 0.059 seconds
[2026-01-18T13:01:18.895+0000] {processor.py:161} INFO - Started process (PID=2024) to work on /opt/airflow/dags/main.py
[2026-01-18T13:01:18.899+0000] {processor.py:830} INFO - Processing file /opt/airflow/dags/main.py for tasks to queue
[2026-01-18T13:01:18.900+0000] {logging_mixin.py:188} INFO - [2026-01-18T13:01:18.900+0000] {dagbag.py:545} INFO - Filling up the DagBag from /opt/airflow/dags/main.py
[2026-01-18T13:01:18.907+0000] {logging_mixin.py:188} INFO - [2026-01-18T13:01:18.906+0000] {dagbag.py:355} ERROR - Failed to import: /opt/airflow/dags/main.py
Traceback (most recent call last):
  File "/home/airflow/.local/lib/python3.10/site-packages/airflow/models/dagbag.py", line 351, in parse
    loader.exec_module(new_module)
  File "<frozen importlib._bootstrap_external>", line 879, in exec_module
  File "<frozen importlib._bootstrap_external>", line 1017, in get_code
  File "<frozen importlib._bootstrap_external>", line 947, in source_to_code
  File "<frozen importlib._bootstrap>", line 241, in _call_with_frames_removed
  File "/opt/airflow/dags/main.py", line 6
    from api/datawarehouse.dwh import staging_table, core_table
            ^
SyntaxError: invalid syntax
[2026-01-18T13:01:18.907+0000] {processor.py:842} WARNING - No viable dags retrieved from /opt/airflow/dags/main.py
[2026-01-18T13:01:18.937+0000] {processor.py:183} INFO - Processing /opt/airflow/dags/main.py took 0.062 seconds
[2026-01-18T13:01:49.169+0000] {processor.py:161} INFO - Started process (PID=2031) to work on /opt/airflow/dags/main.py
[2026-01-18T13:01:49.171+0000] {processor.py:830} INFO - Processing file /opt/airflow/dags/main.py for tasks to queue
[2026-01-18T13:01:49.172+0000] {logging_mixin.py:188} INFO - [2026-01-18T13:01:49.172+0000] {dagbag.py:545} INFO - Filling up the DagBag from /opt/airflow/dags/main.py
[2026-01-18T13:01:49.177+0000] {logging_mixin.py:188} INFO - [2026-01-18T13:01:49.177+0000] {dagbag.py:355} ERROR - Failed to import: /opt/airflow/dags/main.py
Traceback (most recent call last):
  File "/home/airflow/.local/lib/python3.10/site-packages/airflow/models/dagbag.py", line 351, in parse
    loader.exec_module(new_module)
  File "<frozen importlib._bootstrap_external>", line 879, in exec_module
  File "<frozen importlib._bootstrap_external>", line 1017, in get_code
  File "<frozen importlib._bootstrap_external>", line 947, in source_to_code
  File "<frozen importlib._bootstrap>", line 241, in _call_with_frames_removed
  File "/opt/airflow/dags/main.py", line 6
    from api/datawarehouse.dwh import staging_table, core_table
            ^
SyntaxError: invalid syntax
[2026-01-18T13:01:49.178+0000] {processor.py:842} WARNING - No viable dags retrieved from /opt/airflow/dags/main.py
[2026-01-18T13:01:49.196+0000] {processor.py:183} INFO - Processing /opt/airflow/dags/main.py took 0.034 seconds
[2026-01-18T13:02:19.456+0000] {processor.py:161} INFO - Started process (PID=2038) to work on /opt/airflow/dags/main.py
[2026-01-18T13:02:19.459+0000] {processor.py:830} INFO - Processing file /opt/airflow/dags/main.py for tasks to queue
[2026-01-18T13:02:19.461+0000] {logging_mixin.py:188} INFO - [2026-01-18T13:02:19.460+0000] {dagbag.py:545} INFO - Filling up the DagBag from /opt/airflow/dags/main.py
[2026-01-18T13:02:19.468+0000] {logging_mixin.py:188} INFO - [2026-01-18T13:02:19.467+0000] {dagbag.py:355} ERROR - Failed to import: /opt/airflow/dags/main.py
Traceback (most recent call last):
  File "/home/airflow/.local/lib/python3.10/site-packages/airflow/models/dagbag.py", line 351, in parse
    loader.exec_module(new_module)
  File "<frozen importlib._bootstrap_external>", line 879, in exec_module
  File "<frozen importlib._bootstrap_external>", line 1017, in get_code
  File "<frozen importlib._bootstrap_external>", line 947, in source_to_code
  File "<frozen importlib._bootstrap>", line 241, in _call_with_frames_removed
  File "/opt/airflow/dags/main.py", line 6
    from api/datawarehouse.dwh import staging_table, core_table
            ^
SyntaxError: invalid syntax
[2026-01-18T13:02:19.468+0000] {processor.py:842} WARNING - No viable dags retrieved from /opt/airflow/dags/main.py
[2026-01-18T13:02:19.488+0000] {processor.py:183} INFO - Processing /opt/airflow/dags/main.py took 0.045 seconds
[2026-01-18T13:02:49.760+0000] {processor.py:161} INFO - Started process (PID=2045) to work on /opt/airflow/dags/main.py
[2026-01-18T13:02:49.763+0000] {processor.py:830} INFO - Processing file /opt/airflow/dags/main.py for tasks to queue
[2026-01-18T13:02:49.764+0000] {logging_mixin.py:188} INFO - [2026-01-18T13:02:49.763+0000] {dagbag.py:545} INFO - Filling up the DagBag from /opt/airflow/dags/main.py
[2026-01-18T13:02:49.769+0000] {logging_mixin.py:188} INFO - [2026-01-18T13:02:49.768+0000] {dagbag.py:355} ERROR - Failed to import: /opt/airflow/dags/main.py
Traceback (most recent call last):
  File "/home/airflow/.local/lib/python3.10/site-packages/airflow/models/dagbag.py", line 351, in parse
    loader.exec_module(new_module)
  File "<frozen importlib._bootstrap_external>", line 879, in exec_module
  File "<frozen importlib._bootstrap_external>", line 1017, in get_code
  File "<frozen importlib._bootstrap_external>", line 947, in source_to_code
  File "<frozen importlib._bootstrap>", line 241, in _call_with_frames_removed
  File "/opt/airflow/dags/main.py", line 6
    from api/datawarehouse.dwh import staging_table, core_table
            ^
SyntaxError: invalid syntax
[2026-01-18T13:02:49.769+0000] {processor.py:842} WARNING - No viable dags retrieved from /opt/airflow/dags/main.py
[2026-01-18T13:02:49.788+0000] {processor.py:183} INFO - Processing /opt/airflow/dags/main.py took 0.050 seconds
