[2026-01-16T15:40:09.925+0000] {processor.py:161} INFO - Started process (PID=4468) to work on /opt/airflow/dags/main.py
[2026-01-16T15:40:09.928+0000] {processor.py:830} INFO - Processing file /opt/airflow/dags/main.py for tasks to queue
[2026-01-16T15:40:09.937+0000] {logging_mixin.py:188} INFO - [2026-01-16T15:40:09.935+0000] {dagbag.py:545} INFO - Filling up the DagBag from /opt/airflow/dags/main.py
[2026-01-16T15:40:09.946+0000] {logging_mixin.py:188} INFO - [2026-01-16T15:40:09.945+0000] {dagbag.py:355} ERROR - Failed to import: /opt/airflow/dags/main.py
Traceback (most recent call last):
  File "/home/airflow/.local/lib/python3.10/site-packages/airflow/models/dagbag.py", line 351, in parse
    loader.exec_module(new_module)
  File "<frozen importlib._bootstrap_external>", line 883, in exec_module
  File "<frozen importlib._bootstrap>", line 241, in _call_with_frames_removed
  File "/opt/airflow/dags/main.py", line 4, in <module>
    from ap_video_stats import get_playlist_id, get_video_ids, extract_video_data, save_to_json
ModuleNotFoundError: No module named 'ap_video_stats'
[2026-01-16T15:40:09.946+0000] {processor.py:842} WARNING - No viable dags retrieved from /opt/airflow/dags/main.py
[2026-01-16T15:40:09.975+0000] {processor.py:183} INFO - Processing /opt/airflow/dags/main.py took 0.072 seconds
[2026-01-16T15:40:40.185+0000] {processor.py:161} INFO - Started process (PID=4475) to work on /opt/airflow/dags/main.py
[2026-01-16T15:40:40.186+0000] {processor.py:830} INFO - Processing file /opt/airflow/dags/main.py for tasks to queue
[2026-01-16T15:40:40.188+0000] {logging_mixin.py:188} INFO - [2026-01-16T15:40:40.188+0000] {dagbag.py:545} INFO - Filling up the DagBag from /opt/airflow/dags/main.py
[2026-01-16T15:40:40.193+0000] {logging_mixin.py:188} INFO - [2026-01-16T15:40:40.193+0000] {dagbag.py:355} ERROR - Failed to import: /opt/airflow/dags/main.py
Traceback (most recent call last):
  File "/home/airflow/.local/lib/python3.10/site-packages/airflow/models/dagbag.py", line 351, in parse
    loader.exec_module(new_module)
  File "<frozen importlib._bootstrap_external>", line 883, in exec_module
  File "<frozen importlib._bootstrap>", line 241, in _call_with_frames_removed
  File "/opt/airflow/dags/main.py", line 4, in <module>
    from ap_video_stats import get_playlist_id, get_video_ids, extract_video_data, save_to_json
ModuleNotFoundError: No module named 'ap_video_stats'
[2026-01-16T15:40:40.194+0000] {processor.py:842} WARNING - No viable dags retrieved from /opt/airflow/dags/main.py
[2026-01-16T15:40:40.211+0000] {processor.py:183} INFO - Processing /opt/airflow/dags/main.py took 0.035 seconds
[2026-01-16T15:41:10.525+0000] {processor.py:161} INFO - Started process (PID=4482) to work on /opt/airflow/dags/main.py
[2026-01-16T15:41:10.526+0000] {processor.py:830} INFO - Processing file /opt/airflow/dags/main.py for tasks to queue
[2026-01-16T15:41:10.530+0000] {logging_mixin.py:188} INFO - [2026-01-16T15:41:10.529+0000] {dagbag.py:545} INFO - Filling up the DagBag from /opt/airflow/dags/main.py
[2026-01-16T15:41:10.537+0000] {logging_mixin.py:188} INFO - [2026-01-16T15:41:10.536+0000] {dagbag.py:355} ERROR - Failed to import: /opt/airflow/dags/main.py
Traceback (most recent call last):
  File "/home/airflow/.local/lib/python3.10/site-packages/airflow/models/dagbag.py", line 351, in parse
    loader.exec_module(new_module)
  File "<frozen importlib._bootstrap_external>", line 883, in exec_module
  File "<frozen importlib._bootstrap>", line 241, in _call_with_frames_removed
  File "/opt/airflow/dags/main.py", line 4, in <module>
    from ap_video_stats import get_playlist_id, get_video_ids, extract_video_data, save_to_json
ModuleNotFoundError: No module named 'ap_video_stats'
[2026-01-16T15:41:10.537+0000] {processor.py:842} WARNING - No viable dags retrieved from /opt/airflow/dags/main.py
[2026-01-16T15:41:10.560+0000] {processor.py:183} INFO - Processing /opt/airflow/dags/main.py took 0.047 seconds
[2026-01-16T15:41:40.786+0000] {processor.py:161} INFO - Started process (PID=4489) to work on /opt/airflow/dags/main.py
[2026-01-16T15:41:40.787+0000] {processor.py:830} INFO - Processing file /opt/airflow/dags/main.py for tasks to queue
[2026-01-16T15:41:40.789+0000] {logging_mixin.py:188} INFO - [2026-01-16T15:41:40.789+0000] {dagbag.py:545} INFO - Filling up the DagBag from /opt/airflow/dags/main.py
[2026-01-16T15:41:40.793+0000] {logging_mixin.py:188} INFO - [2026-01-16T15:41:40.793+0000] {dagbag.py:355} ERROR - Failed to import: /opt/airflow/dags/main.py
Traceback (most recent call last):
  File "/home/airflow/.local/lib/python3.10/site-packages/airflow/models/dagbag.py", line 351, in parse
    loader.exec_module(new_module)
  File "<frozen importlib._bootstrap_external>", line 883, in exec_module
  File "<frozen importlib._bootstrap>", line 241, in _call_with_frames_removed
  File "/opt/airflow/dags/main.py", line 4, in <module>
    from ap_video_stats import get_playlist_id, get_video_ids, extract_video_data, save_to_json
ModuleNotFoundError: No module named 'ap_video_stats'
[2026-01-16T15:41:40.793+0000] {processor.py:842} WARNING - No viable dags retrieved from /opt/airflow/dags/main.py
[2026-01-16T15:41:40.807+0000] {processor.py:183} INFO - Processing /opt/airflow/dags/main.py took 0.027 seconds
[2026-01-16T15:42:11.083+0000] {processor.py:161} INFO - Started process (PID=4496) to work on /opt/airflow/dags/main.py
[2026-01-16T15:42:11.084+0000] {processor.py:830} INFO - Processing file /opt/airflow/dags/main.py for tasks to queue
[2026-01-16T15:42:11.087+0000] {logging_mixin.py:188} INFO - [2026-01-16T15:42:11.087+0000] {dagbag.py:545} INFO - Filling up the DagBag from /opt/airflow/dags/main.py
[2026-01-16T15:42:11.095+0000] {logging_mixin.py:188} INFO - [2026-01-16T15:42:11.094+0000] {dagbag.py:355} ERROR - Failed to import: /opt/airflow/dags/main.py
Traceback (most recent call last):
  File "/home/airflow/.local/lib/python3.10/site-packages/airflow/models/dagbag.py", line 351, in parse
    loader.exec_module(new_module)
  File "<frozen importlib._bootstrap_external>", line 883, in exec_module
  File "<frozen importlib._bootstrap>", line 241, in _call_with_frames_removed
  File "/opt/airflow/dags/main.py", line 4, in <module>
    from ap_video_stats import get_playlist_id, get_video_ids, extract_video_data, save_to_json
ModuleNotFoundError: No module named 'ap_video_stats'
[2026-01-16T15:42:11.095+0000] {processor.py:842} WARNING - No viable dags retrieved from /opt/airflow/dags/main.py
[2026-01-16T15:42:11.117+0000] {processor.py:183} INFO - Processing /opt/airflow/dags/main.py took 0.044 seconds
[2026-01-16T15:42:41.391+0000] {processor.py:161} INFO - Started process (PID=4503) to work on /opt/airflow/dags/main.py
[2026-01-16T15:42:41.393+0000] {processor.py:830} INFO - Processing file /opt/airflow/dags/main.py for tasks to queue
[2026-01-16T15:42:41.395+0000] {logging_mixin.py:188} INFO - [2026-01-16T15:42:41.395+0000] {dagbag.py:545} INFO - Filling up the DagBag from /opt/airflow/dags/main.py
[2026-01-16T15:42:41.400+0000] {logging_mixin.py:188} INFO - [2026-01-16T15:42:41.399+0000] {dagbag.py:355} ERROR - Failed to import: /opt/airflow/dags/main.py
Traceback (most recent call last):
  File "/home/airflow/.local/lib/python3.10/site-packages/airflow/models/dagbag.py", line 351, in parse
    loader.exec_module(new_module)
  File "<frozen importlib._bootstrap_external>", line 883, in exec_module
  File "<frozen importlib._bootstrap>", line 241, in _call_with_frames_removed
  File "/opt/airflow/dags/main.py", line 4, in <module>
    from ap_video_stats import get_playlist_id, get_video_ids, extract_video_data, save_to_json
ModuleNotFoundError: No module named 'ap_video_stats'
[2026-01-16T15:42:41.401+0000] {processor.py:842} WARNING - No viable dags retrieved from /opt/airflow/dags/main.py
[2026-01-16T15:42:41.420+0000] {processor.py:183} INFO - Processing /opt/airflow/dags/main.py took 0.035 seconds
[2026-01-16T15:43:11.666+0000] {processor.py:161} INFO - Started process (PID=4510) to work on /opt/airflow/dags/main.py
[2026-01-16T15:43:11.667+0000] {processor.py:830} INFO - Processing file /opt/airflow/dags/main.py for tasks to queue
[2026-01-16T15:43:11.669+0000] {logging_mixin.py:188} INFO - [2026-01-16T15:43:11.669+0000] {dagbag.py:545} INFO - Filling up the DagBag from /opt/airflow/dags/main.py
[2026-01-16T15:43:11.674+0000] {logging_mixin.py:188} INFO - [2026-01-16T15:43:11.673+0000] {dagbag.py:355} ERROR - Failed to import: /opt/airflow/dags/main.py
Traceback (most recent call last):
  File "/home/airflow/.local/lib/python3.10/site-packages/airflow/models/dagbag.py", line 351, in parse
    loader.exec_module(new_module)
  File "<frozen importlib._bootstrap_external>", line 883, in exec_module
  File "<frozen importlib._bootstrap>", line 241, in _call_with_frames_removed
  File "/opt/airflow/dags/main.py", line 4, in <module>
    from ap_video_stats import get_playlist_id, get_video_ids, extract_video_data, save_to_json
ModuleNotFoundError: No module named 'ap_video_stats'
[2026-01-16T15:43:11.674+0000] {processor.py:842} WARNING - No viable dags retrieved from /opt/airflow/dags/main.py
[2026-01-16T15:43:11.689+0000] {processor.py:183} INFO - Processing /opt/airflow/dags/main.py took 0.029 seconds
[2026-01-16T15:43:41.954+0000] {processor.py:161} INFO - Started process (PID=4517) to work on /opt/airflow/dags/main.py
[2026-01-16T15:43:41.956+0000] {processor.py:830} INFO - Processing file /opt/airflow/dags/main.py for tasks to queue
[2026-01-16T15:43:41.958+0000] {logging_mixin.py:188} INFO - [2026-01-16T15:43:41.958+0000] {dagbag.py:545} INFO - Filling up the DagBag from /opt/airflow/dags/main.py
[2026-01-16T15:43:41.963+0000] {logging_mixin.py:188} INFO - [2026-01-16T15:43:41.962+0000] {dagbag.py:355} ERROR - Failed to import: /opt/airflow/dags/main.py
Traceback (most recent call last):
  File "/home/airflow/.local/lib/python3.10/site-packages/airflow/models/dagbag.py", line 351, in parse
    loader.exec_module(new_module)
  File "<frozen importlib._bootstrap_external>", line 883, in exec_module
  File "<frozen importlib._bootstrap>", line 241, in _call_with_frames_removed
  File "/opt/airflow/dags/main.py", line 4, in <module>
    from ap_video_stats import get_playlist_id, get_video_ids, extract_video_data, save_to_json
ModuleNotFoundError: No module named 'ap_video_stats'
[2026-01-16T15:43:41.964+0000] {processor.py:842} WARNING - No viable dags retrieved from /opt/airflow/dags/main.py
[2026-01-16T15:43:41.980+0000] {processor.py:183} INFO - Processing /opt/airflow/dags/main.py took 0.033 seconds
[2026-01-16T15:44:12.179+0000] {processor.py:161} INFO - Started process (PID=4524) to work on /opt/airflow/dags/main.py
[2026-01-16T15:44:12.180+0000] {processor.py:830} INFO - Processing file /opt/airflow/dags/main.py for tasks to queue
[2026-01-16T15:44:12.182+0000] {logging_mixin.py:188} INFO - [2026-01-16T15:44:12.182+0000] {dagbag.py:545} INFO - Filling up the DagBag from /opt/airflow/dags/main.py
[2026-01-16T15:44:12.185+0000] {logging_mixin.py:188} INFO - [2026-01-16T15:44:12.185+0000] {dagbag.py:355} ERROR - Failed to import: /opt/airflow/dags/main.py
Traceback (most recent call last):
  File "/home/airflow/.local/lib/python3.10/site-packages/airflow/models/dagbag.py", line 351, in parse
    loader.exec_module(new_module)
  File "<frozen importlib._bootstrap_external>", line 883, in exec_module
  File "<frozen importlib._bootstrap>", line 241, in _call_with_frames_removed
  File "/opt/airflow/dags/main.py", line 4, in <module>
    from ap_video_stats import get_playlist_id, get_video_ids, extract_video_data, save_to_json
ModuleNotFoundError: No module named 'ap_video_stats'
[2026-01-16T15:44:12.186+0000] {processor.py:842} WARNING - No viable dags retrieved from /opt/airflow/dags/main.py
[2026-01-16T15:44:12.201+0000] {processor.py:183} INFO - Processing /opt/airflow/dags/main.py took 0.028 seconds
[2026-01-16T15:44:42.433+0000] {processor.py:161} INFO - Started process (PID=4531) to work on /opt/airflow/dags/main.py
[2026-01-16T15:44:42.434+0000] {processor.py:830} INFO - Processing file /opt/airflow/dags/main.py for tasks to queue
[2026-01-16T15:44:42.436+0000] {logging_mixin.py:188} INFO - [2026-01-16T15:44:42.436+0000] {dagbag.py:545} INFO - Filling up the DagBag from /opt/airflow/dags/main.py
[2026-01-16T15:44:42.440+0000] {logging_mixin.py:188} INFO - [2026-01-16T15:44:42.439+0000] {dagbag.py:355} ERROR - Failed to import: /opt/airflow/dags/main.py
Traceback (most recent call last):
  File "/home/airflow/.local/lib/python3.10/site-packages/airflow/models/dagbag.py", line 351, in parse
    loader.exec_module(new_module)
  File "<frozen importlib._bootstrap_external>", line 883, in exec_module
  File "<frozen importlib._bootstrap>", line 241, in _call_with_frames_removed
  File "/opt/airflow/dags/main.py", line 4, in <module>
    from ap_video_stats import get_playlist_id, get_video_ids, extract_video_data, save_to_json
ModuleNotFoundError: No module named 'ap_video_stats'
[2026-01-16T15:44:42.440+0000] {processor.py:842} WARNING - No viable dags retrieved from /opt/airflow/dags/main.py
[2026-01-16T15:44:42.452+0000] {processor.py:183} INFO - Processing /opt/airflow/dags/main.py took 0.024 seconds
[2026-01-16T15:45:12.712+0000] {processor.py:161} INFO - Started process (PID=4538) to work on /opt/airflow/dags/main.py
[2026-01-16T15:45:12.713+0000] {processor.py:830} INFO - Processing file /opt/airflow/dags/main.py for tasks to queue
[2026-01-16T15:45:12.715+0000] {logging_mixin.py:188} INFO - [2026-01-16T15:45:12.715+0000] {dagbag.py:545} INFO - Filling up the DagBag from /opt/airflow/dags/main.py
[2026-01-16T15:45:12.719+0000] {logging_mixin.py:188} INFO - [2026-01-16T15:45:12.718+0000] {dagbag.py:355} ERROR - Failed to import: /opt/airflow/dags/main.py
Traceback (most recent call last):
  File "/home/airflow/.local/lib/python3.10/site-packages/airflow/models/dagbag.py", line 351, in parse
    loader.exec_module(new_module)
  File "<frozen importlib._bootstrap_external>", line 883, in exec_module
  File "<frozen importlib._bootstrap>", line 241, in _call_with_frames_removed
  File "/opt/airflow/dags/main.py", line 4, in <module>
    from ap_video_stats import get_playlist_id, get_video_ids, extract_video_data, save_to_json
ModuleNotFoundError: No module named 'ap_video_stats'
[2026-01-16T15:45:12.719+0000] {processor.py:842} WARNING - No viable dags retrieved from /opt/airflow/dags/main.py
[2026-01-16T15:45:12.732+0000] {processor.py:183} INFO - Processing /opt/airflow/dags/main.py took 0.029 seconds
[2026-01-16T15:45:43.045+0000] {processor.py:161} INFO - Started process (PID=4545) to work on /opt/airflow/dags/main.py
[2026-01-16T15:45:43.046+0000] {processor.py:830} INFO - Processing file /opt/airflow/dags/main.py for tasks to queue
[2026-01-16T15:45:43.048+0000] {logging_mixin.py:188} INFO - [2026-01-16T15:45:43.048+0000] {dagbag.py:545} INFO - Filling up the DagBag from /opt/airflow/dags/main.py
[2026-01-16T15:45:43.053+0000] {logging_mixin.py:188} INFO - [2026-01-16T15:45:43.052+0000] {dagbag.py:355} ERROR - Failed to import: /opt/airflow/dags/main.py
Traceback (most recent call last):
  File "/home/airflow/.local/lib/python3.10/site-packages/airflow/models/dagbag.py", line 351, in parse
    loader.exec_module(new_module)
  File "<frozen importlib._bootstrap_external>", line 883, in exec_module
  File "<frozen importlib._bootstrap>", line 241, in _call_with_frames_removed
  File "/opt/airflow/dags/main.py", line 4, in <module>
    from ap_video_stats import get_playlist_id, get_video_ids, extract_video_data, save_to_json
ModuleNotFoundError: No module named 'ap_video_stats'
[2026-01-16T15:45:43.053+0000] {processor.py:842} WARNING - No viable dags retrieved from /opt/airflow/dags/main.py
[2026-01-16T15:45:43.072+0000] {processor.py:183} INFO - Processing /opt/airflow/dags/main.py took 0.037 seconds
[2026-01-16T15:46:13.293+0000] {processor.py:161} INFO - Started process (PID=4552) to work on /opt/airflow/dags/main.py
[2026-01-16T15:46:13.294+0000] {processor.py:830} INFO - Processing file /opt/airflow/dags/main.py for tasks to queue
[2026-01-16T15:46:13.295+0000] {logging_mixin.py:188} INFO - [2026-01-16T15:46:13.295+0000] {dagbag.py:545} INFO - Filling up the DagBag from /opt/airflow/dags/main.py
[2026-01-16T15:46:13.298+0000] {logging_mixin.py:188} INFO - [2026-01-16T15:46:13.298+0000] {dagbag.py:355} ERROR - Failed to import: /opt/airflow/dags/main.py
Traceback (most recent call last):
  File "/home/airflow/.local/lib/python3.10/site-packages/airflow/models/dagbag.py", line 351, in parse
    loader.exec_module(new_module)
  File "<frozen importlib._bootstrap_external>", line 883, in exec_module
  File "<frozen importlib._bootstrap>", line 241, in _call_with_frames_removed
  File "/opt/airflow/dags/main.py", line 4, in <module>
    from ap_video_stats import get_playlist_id, get_video_ids, extract_video_data, save_to_json
ModuleNotFoundError: No module named 'ap_video_stats'
[2026-01-16T15:46:13.299+0000] {processor.py:842} WARNING - No viable dags retrieved from /opt/airflow/dags/main.py
[2026-01-16T15:46:13.312+0000] {processor.py:183} INFO - Processing /opt/airflow/dags/main.py took 0.023 seconds
[2026-01-16T15:46:43.545+0000] {processor.py:161} INFO - Started process (PID=4559) to work on /opt/airflow/dags/main.py
[2026-01-16T15:46:43.546+0000] {processor.py:830} INFO - Processing file /opt/airflow/dags/main.py for tasks to queue
[2026-01-16T15:46:43.547+0000] {logging_mixin.py:188} INFO - [2026-01-16T15:46:43.547+0000] {dagbag.py:545} INFO - Filling up the DagBag from /opt/airflow/dags/main.py
[2026-01-16T15:46:43.551+0000] {logging_mixin.py:188} INFO - [2026-01-16T15:46:43.550+0000] {dagbag.py:355} ERROR - Failed to import: /opt/airflow/dags/main.py
Traceback (most recent call last):
  File "/home/airflow/.local/lib/python3.10/site-packages/airflow/models/dagbag.py", line 351, in parse
    loader.exec_module(new_module)
  File "<frozen importlib._bootstrap_external>", line 883, in exec_module
  File "<frozen importlib._bootstrap>", line 241, in _call_with_frames_removed
  File "/opt/airflow/dags/main.py", line 4, in <module>
    from ap_video_stats import get_playlist_id, get_video_ids, extract_video_data, save_to_json
ModuleNotFoundError: No module named 'ap_video_stats'
[2026-01-16T15:46:43.551+0000] {processor.py:842} WARNING - No viable dags retrieved from /opt/airflow/dags/main.py
[2026-01-16T15:46:43.565+0000] {processor.py:183} INFO - Processing /opt/airflow/dags/main.py took 0.026 seconds
[2026-01-16T15:47:13.804+0000] {processor.py:161} INFO - Started process (PID=4565) to work on /opt/airflow/dags/main.py
[2026-01-16T15:47:13.805+0000] {processor.py:830} INFO - Processing file /opt/airflow/dags/main.py for tasks to queue
[2026-01-16T15:47:13.809+0000] {logging_mixin.py:188} INFO - [2026-01-16T15:47:13.808+0000] {dagbag.py:545} INFO - Filling up the DagBag from /opt/airflow/dags/main.py
[2026-01-16T15:47:13.821+0000] {logging_mixin.py:188} INFO - [2026-01-16T15:47:13.819+0000] {dagbag.py:355} ERROR - Failed to import: /opt/airflow/dags/main.py
Traceback (most recent call last):
  File "/home/airflow/.local/lib/python3.10/site-packages/airflow/models/dagbag.py", line 351, in parse
    loader.exec_module(new_module)
  File "<frozen importlib._bootstrap_external>", line 883, in exec_module
  File "<frozen importlib._bootstrap>", line 241, in _call_with_frames_removed
  File "/opt/airflow/dags/main.py", line 4, in <module>
    from ap_video_stats import get_playlist_id, get_video_ids, extract_video_data, save_to_json
ModuleNotFoundError: No module named 'ap_video_stats'
[2026-01-16T15:47:13.821+0000] {processor.py:842} WARNING - No viable dags retrieved from /opt/airflow/dags/main.py
[2026-01-16T15:47:13.839+0000] {processor.py:183} INFO - Processing /opt/airflow/dags/main.py took 0.042 seconds
[2026-01-16T15:47:44.087+0000] {processor.py:161} INFO - Started process (PID=4572) to work on /opt/airflow/dags/main.py
[2026-01-16T15:47:44.088+0000] {processor.py:830} INFO - Processing file /opt/airflow/dags/main.py for tasks to queue
[2026-01-16T15:47:44.090+0000] {logging_mixin.py:188} INFO - [2026-01-16T15:47:44.089+0000] {dagbag.py:545} INFO - Filling up the DagBag from /opt/airflow/dags/main.py
[2026-01-16T15:47:44.094+0000] {logging_mixin.py:188} INFO - [2026-01-16T15:47:44.093+0000] {dagbag.py:355} ERROR - Failed to import: /opt/airflow/dags/main.py
Traceback (most recent call last):
  File "/home/airflow/.local/lib/python3.10/site-packages/airflow/models/dagbag.py", line 351, in parse
    loader.exec_module(new_module)
  File "<frozen importlib._bootstrap_external>", line 883, in exec_module
  File "<frozen importlib._bootstrap>", line 241, in _call_with_frames_removed
  File "/opt/airflow/dags/main.py", line 4, in <module>
    from ap_video_stats import get_playlist_id, get_video_ids, extract_video_data, save_to_json
ModuleNotFoundError: No module named 'ap_video_stats'
[2026-01-16T15:47:44.095+0000] {processor.py:842} WARNING - No viable dags retrieved from /opt/airflow/dags/main.py
[2026-01-16T15:47:44.111+0000] {processor.py:183} INFO - Processing /opt/airflow/dags/main.py took 0.031 seconds
[2026-01-16T15:48:14.387+0000] {processor.py:161} INFO - Started process (PID=4579) to work on /opt/airflow/dags/main.py
[2026-01-16T15:48:14.387+0000] {processor.py:830} INFO - Processing file /opt/airflow/dags/main.py for tasks to queue
[2026-01-16T15:48:14.388+0000] {logging_mixin.py:188} INFO - [2026-01-16T15:48:14.388+0000] {dagbag.py:545} INFO - Filling up the DagBag from /opt/airflow/dags/main.py
[2026-01-16T15:48:14.391+0000] {logging_mixin.py:188} INFO - [2026-01-16T15:48:14.391+0000] {dagbag.py:355} ERROR - Failed to import: /opt/airflow/dags/main.py
Traceback (most recent call last):
  File "/home/airflow/.local/lib/python3.10/site-packages/airflow/models/dagbag.py", line 351, in parse
    loader.exec_module(new_module)
  File "<frozen importlib._bootstrap_external>", line 883, in exec_module
  File "<frozen importlib._bootstrap>", line 241, in _call_with_frames_removed
  File "/opt/airflow/dags/main.py", line 4, in <module>
    from ap_video_stats import get_playlist_id, get_video_ids, extract_video_data, save_to_json
ModuleNotFoundError: No module named 'ap_video_stats'
[2026-01-16T15:48:14.392+0000] {processor.py:842} WARNING - No viable dags retrieved from /opt/airflow/dags/main.py
[2026-01-16T15:48:14.403+0000] {processor.py:183} INFO - Processing /opt/airflow/dags/main.py took 0.021 seconds
[2026-01-16T15:48:44.659+0000] {processor.py:161} INFO - Started process (PID=4586) to work on /opt/airflow/dags/main.py
[2026-01-16T15:48:44.660+0000] {processor.py:830} INFO - Processing file /opt/airflow/dags/main.py for tasks to queue
[2026-01-16T15:48:44.661+0000] {logging_mixin.py:188} INFO - [2026-01-16T15:48:44.661+0000] {dagbag.py:545} INFO - Filling up the DagBag from /opt/airflow/dags/main.py
[2026-01-16T15:48:44.664+0000] {logging_mixin.py:188} INFO - [2026-01-16T15:48:44.663+0000] {dagbag.py:355} ERROR - Failed to import: /opt/airflow/dags/main.py
Traceback (most recent call last):
  File "/home/airflow/.local/lib/python3.10/site-packages/airflow/models/dagbag.py", line 351, in parse
    loader.exec_module(new_module)
  File "<frozen importlib._bootstrap_external>", line 883, in exec_module
  File "<frozen importlib._bootstrap>", line 241, in _call_with_frames_removed
  File "/opt/airflow/dags/main.py", line 4, in <module>
    from ap_video_stats import get_playlist_id, get_video_ids, extract_video_data, save_to_json
ModuleNotFoundError: No module named 'ap_video_stats'
[2026-01-16T15:48:44.664+0000] {processor.py:842} WARNING - No viable dags retrieved from /opt/airflow/dags/main.py
[2026-01-16T15:48:44.676+0000] {processor.py:183} INFO - Processing /opt/airflow/dags/main.py took 0.021 seconds
[2026-01-16T15:49:14.986+0000] {processor.py:161} INFO - Started process (PID=4593) to work on /opt/airflow/dags/main.py
[2026-01-16T15:49:14.987+0000] {processor.py:830} INFO - Processing file /opt/airflow/dags/main.py for tasks to queue
[2026-01-16T15:49:14.989+0000] {logging_mixin.py:188} INFO - [2026-01-16T15:49:14.989+0000] {dagbag.py:545} INFO - Filling up the DagBag from /opt/airflow/dags/main.py
[2026-01-16T15:49:14.993+0000] {logging_mixin.py:188} INFO - [2026-01-16T15:49:14.993+0000] {dagbag.py:355} ERROR - Failed to import: /opt/airflow/dags/main.py
Traceback (most recent call last):
  File "/home/airflow/.local/lib/python3.10/site-packages/airflow/models/dagbag.py", line 351, in parse
    loader.exec_module(new_module)
  File "<frozen importlib._bootstrap_external>", line 883, in exec_module
  File "<frozen importlib._bootstrap>", line 241, in _call_with_frames_removed
  File "/opt/airflow/dags/main.py", line 4, in <module>
    from ap_video_stats import get_playlist_id, get_video_ids, extract_video_data, save_to_json
ModuleNotFoundError: No module named 'ap_video_stats'
[2026-01-16T15:49:14.994+0000] {processor.py:842} WARNING - No viable dags retrieved from /opt/airflow/dags/main.py
[2026-01-16T15:49:15.008+0000] {processor.py:183} INFO - Processing /opt/airflow/dags/main.py took 0.029 seconds
[2026-01-16T15:49:45.303+0000] {processor.py:161} INFO - Started process (PID=4600) to work on /opt/airflow/dags/main.py
[2026-01-16T15:49:45.304+0000] {processor.py:830} INFO - Processing file /opt/airflow/dags/main.py for tasks to queue
[2026-01-16T15:49:45.307+0000] {logging_mixin.py:188} INFO - [2026-01-16T15:49:45.306+0000] {dagbag.py:545} INFO - Filling up the DagBag from /opt/airflow/dags/main.py
[2026-01-16T15:49:45.311+0000] {logging_mixin.py:188} INFO - [2026-01-16T15:49:45.310+0000] {dagbag.py:355} ERROR - Failed to import: /opt/airflow/dags/main.py
Traceback (most recent call last):
  File "/home/airflow/.local/lib/python3.10/site-packages/airflow/models/dagbag.py", line 351, in parse
    loader.exec_module(new_module)
  File "<frozen importlib._bootstrap_external>", line 883, in exec_module
  File "<frozen importlib._bootstrap>", line 241, in _call_with_frames_removed
  File "/opt/airflow/dags/main.py", line 4, in <module>
    from ap_video_stats import get_playlist_id, get_video_ids, extract_video_data, save_to_json
ModuleNotFoundError: No module named 'ap_video_stats'
[2026-01-16T15:49:45.311+0000] {processor.py:842} WARNING - No viable dags retrieved from /opt/airflow/dags/main.py
[2026-01-16T15:49:45.327+0000] {processor.py:183} INFO - Processing /opt/airflow/dags/main.py took 0.033 seconds
[2026-01-16T15:50:15.663+0000] {processor.py:161} INFO - Started process (PID=4607) to work on /opt/airflow/dags/main.py
[2026-01-16T15:50:15.665+0000] {processor.py:830} INFO - Processing file /opt/airflow/dags/main.py for tasks to queue
[2026-01-16T15:50:15.667+0000] {logging_mixin.py:188} INFO - [2026-01-16T15:50:15.667+0000] {dagbag.py:545} INFO - Filling up the DagBag from /opt/airflow/dags/main.py
[2026-01-16T15:50:15.681+0000] {logging_mixin.py:188} INFO - [2026-01-16T15:50:15.675+0000] {dagbag.py:355} ERROR - Failed to import: /opt/airflow/dags/main.py
Traceback (most recent call last):
  File "/home/airflow/.local/lib/python3.10/site-packages/airflow/models/dagbag.py", line 351, in parse
    loader.exec_module(new_module)
  File "<frozen importlib._bootstrap_external>", line 883, in exec_module
  File "<frozen importlib._bootstrap>", line 241, in _call_with_frames_removed
  File "/opt/airflow/dags/main.py", line 4, in <module>
    from ap_video_stats import get_playlist_id, get_video_ids, extract_video_data, save_to_json
ModuleNotFoundError: No module named 'ap_video_stats'
[2026-01-16T15:50:15.696+0000] {processor.py:842} WARNING - No viable dags retrieved from /opt/airflow/dags/main.py
[2026-01-16T15:50:15.721+0000] {processor.py:183} INFO - Processing /opt/airflow/dags/main.py took 0.068 seconds
[2026-01-16T15:50:46.000+0000] {processor.py:161} INFO - Started process (PID=4614) to work on /opt/airflow/dags/main.py
[2026-01-16T15:50:46.002+0000] {processor.py:830} INFO - Processing file /opt/airflow/dags/main.py for tasks to queue
[2026-01-16T15:50:46.004+0000] {logging_mixin.py:188} INFO - [2026-01-16T15:50:46.004+0000] {dagbag.py:545} INFO - Filling up the DagBag from /opt/airflow/dags/main.py
[2026-01-16T15:50:46.011+0000] {logging_mixin.py:188} INFO - [2026-01-16T15:50:46.010+0000] {dagbag.py:355} ERROR - Failed to import: /opt/airflow/dags/main.py
Traceback (most recent call last):
  File "/home/airflow/.local/lib/python3.10/site-packages/airflow/models/dagbag.py", line 351, in parse
    loader.exec_module(new_module)
  File "<frozen importlib._bootstrap_external>", line 883, in exec_module
  File "<frozen importlib._bootstrap>", line 241, in _call_with_frames_removed
  File "/opt/airflow/dags/main.py", line 4, in <module>
    from ap_video_stats import get_playlist_id, get_video_ids, extract_video_data, save_to_json
ModuleNotFoundError: No module named 'ap_video_stats'
[2026-01-16T15:50:46.012+0000] {processor.py:842} WARNING - No viable dags retrieved from /opt/airflow/dags/main.py
[2026-01-16T15:50:46.040+0000] {processor.py:183} INFO - Processing /opt/airflow/dags/main.py took 0.049 seconds
[2026-01-16T15:51:16.314+0000] {processor.py:161} INFO - Started process (PID=4621) to work on /opt/airflow/dags/main.py
[2026-01-16T15:51:16.323+0000] {processor.py:830} INFO - Processing file /opt/airflow/dags/main.py for tasks to queue
[2026-01-16T15:51:16.327+0000] {logging_mixin.py:188} INFO - [2026-01-16T15:51:16.327+0000] {dagbag.py:545} INFO - Filling up the DagBag from /opt/airflow/dags/main.py
[2026-01-16T15:51:16.334+0000] {logging_mixin.py:188} INFO - [2026-01-16T15:51:16.333+0000] {dagbag.py:355} ERROR - Failed to import: /opt/airflow/dags/main.py
Traceback (most recent call last):
  File "/home/airflow/.local/lib/python3.10/site-packages/airflow/models/dagbag.py", line 351, in parse
    loader.exec_module(new_module)
  File "<frozen importlib._bootstrap_external>", line 883, in exec_module
  File "<frozen importlib._bootstrap>", line 241, in _call_with_frames_removed
  File "/opt/airflow/dags/main.py", line 4, in <module>
    from ap_video_stats import get_playlist_id, get_video_ids, extract_video_data, save_to_json
ModuleNotFoundError: No module named 'ap_video_stats'
[2026-01-16T15:51:16.334+0000] {processor.py:842} WARNING - No viable dags retrieved from /opt/airflow/dags/main.py
[2026-01-16T15:51:16.362+0000] {processor.py:183} INFO - Processing /opt/airflow/dags/main.py took 0.064 seconds
[2026-01-16T15:51:46.623+0000] {processor.py:161} INFO - Started process (PID=4628) to work on /opt/airflow/dags/main.py
[2026-01-16T15:51:46.624+0000] {processor.py:830} INFO - Processing file /opt/airflow/dags/main.py for tasks to queue
[2026-01-16T15:51:46.626+0000] {logging_mixin.py:188} INFO - [2026-01-16T15:51:46.626+0000] {dagbag.py:545} INFO - Filling up the DagBag from /opt/airflow/dags/main.py
[2026-01-16T15:51:46.630+0000] {logging_mixin.py:188} INFO - [2026-01-16T15:51:46.629+0000] {dagbag.py:355} ERROR - Failed to import: /opt/airflow/dags/main.py
Traceback (most recent call last):
  File "/home/airflow/.local/lib/python3.10/site-packages/airflow/models/dagbag.py", line 351, in parse
    loader.exec_module(new_module)
  File "<frozen importlib._bootstrap_external>", line 883, in exec_module
  File "<frozen importlib._bootstrap>", line 241, in _call_with_frames_removed
  File "/opt/airflow/dags/main.py", line 4, in <module>
    from ap_video_stats import get_playlist_id, get_video_ids, extract_video_data, save_to_json
ModuleNotFoundError: No module named 'ap_video_stats'
[2026-01-16T15:51:46.630+0000] {processor.py:842} WARNING - No viable dags retrieved from /opt/airflow/dags/main.py
[2026-01-16T15:51:46.646+0000] {processor.py:183} INFO - Processing /opt/airflow/dags/main.py took 0.030 seconds
[2026-01-16T15:52:16.900+0000] {processor.py:161} INFO - Started process (PID=4635) to work on /opt/airflow/dags/main.py
[2026-01-16T15:52:16.901+0000] {processor.py:830} INFO - Processing file /opt/airflow/dags/main.py for tasks to queue
[2026-01-16T15:52:16.903+0000] {logging_mixin.py:188} INFO - [2026-01-16T15:52:16.903+0000] {dagbag.py:545} INFO - Filling up the DagBag from /opt/airflow/dags/main.py
[2026-01-16T15:52:16.908+0000] {logging_mixin.py:188} INFO - [2026-01-16T15:52:16.907+0000] {dagbag.py:355} ERROR - Failed to import: /opt/airflow/dags/main.py
Traceback (most recent call last):
  File "/home/airflow/.local/lib/python3.10/site-packages/airflow/models/dagbag.py", line 351, in parse
    loader.exec_module(new_module)
  File "<frozen importlib._bootstrap_external>", line 883, in exec_module
  File "<frozen importlib._bootstrap>", line 241, in _call_with_frames_removed
  File "/opt/airflow/dags/main.py", line 4, in <module>
    from ap_video_stats import get_playlist_id, get_video_ids, extract_video_data, save_to_json
ModuleNotFoundError: No module named 'ap_video_stats'
[2026-01-16T15:52:16.908+0000] {processor.py:842} WARNING - No viable dags retrieved from /opt/airflow/dags/main.py
[2026-01-16T15:52:16.926+0000] {processor.py:183} INFO - Processing /opt/airflow/dags/main.py took 0.033 seconds
[2026-01-16T15:52:47.202+0000] {processor.py:161} INFO - Started process (PID=4642) to work on /opt/airflow/dags/main.py
[2026-01-16T15:52:47.203+0000] {processor.py:830} INFO - Processing file /opt/airflow/dags/main.py for tasks to queue
[2026-01-16T15:52:47.205+0000] {logging_mixin.py:188} INFO - [2026-01-16T15:52:47.205+0000] {dagbag.py:545} INFO - Filling up the DagBag from /opt/airflow/dags/main.py
[2026-01-16T15:52:47.209+0000] {logging_mixin.py:188} INFO - [2026-01-16T15:52:47.209+0000] {dagbag.py:355} ERROR - Failed to import: /opt/airflow/dags/main.py
Traceback (most recent call last):
  File "/home/airflow/.local/lib/python3.10/site-packages/airflow/models/dagbag.py", line 351, in parse
    loader.exec_module(new_module)
  File "<frozen importlib._bootstrap_external>", line 883, in exec_module
  File "<frozen importlib._bootstrap>", line 241, in _call_with_frames_removed
  File "/opt/airflow/dags/main.py", line 4, in <module>
    from ap_video_stats import get_playlist_id, get_video_ids, extract_video_data, save_to_json
ModuleNotFoundError: No module named 'ap_video_stats'
[2026-01-16T15:52:47.210+0000] {processor.py:842} WARNING - No viable dags retrieved from /opt/airflow/dags/main.py
[2026-01-16T15:52:47.227+0000] {processor.py:183} INFO - Processing /opt/airflow/dags/main.py took 0.032 seconds
[2026-01-16T15:53:17.525+0000] {processor.py:161} INFO - Started process (PID=4649) to work on /opt/airflow/dags/main.py
[2026-01-16T15:53:17.526+0000] {processor.py:830} INFO - Processing file /opt/airflow/dags/main.py for tasks to queue
[2026-01-16T15:53:17.528+0000] {logging_mixin.py:188} INFO - [2026-01-16T15:53:17.528+0000] {dagbag.py:545} INFO - Filling up the DagBag from /opt/airflow/dags/main.py
[2026-01-16T15:53:17.533+0000] {logging_mixin.py:188} INFO - [2026-01-16T15:53:17.532+0000] {dagbag.py:355} ERROR - Failed to import: /opt/airflow/dags/main.py
Traceback (most recent call last):
  File "/home/airflow/.local/lib/python3.10/site-packages/airflow/models/dagbag.py", line 351, in parse
    loader.exec_module(new_module)
  File "<frozen importlib._bootstrap_external>", line 883, in exec_module
  File "<frozen importlib._bootstrap>", line 241, in _call_with_frames_removed
  File "/opt/airflow/dags/main.py", line 4, in <module>
    from ap_video_stats import get_playlist_id, get_video_ids, extract_video_data, save_to_json
ModuleNotFoundError: No module named 'ap_video_stats'
[2026-01-16T15:53:17.533+0000] {processor.py:842} WARNING - No viable dags retrieved from /opt/airflow/dags/main.py
[2026-01-16T15:53:17.550+0000] {processor.py:183} INFO - Processing /opt/airflow/dags/main.py took 0.032 seconds
[2026-01-16T15:53:47.824+0000] {processor.py:161} INFO - Started process (PID=4656) to work on /opt/airflow/dags/main.py
[2026-01-16T15:53:47.825+0000] {processor.py:830} INFO - Processing file /opt/airflow/dags/main.py for tasks to queue
[2026-01-16T15:53:47.827+0000] {logging_mixin.py:188} INFO - [2026-01-16T15:53:47.827+0000] {dagbag.py:545} INFO - Filling up the DagBag from /opt/airflow/dags/main.py
[2026-01-16T15:53:47.831+0000] {logging_mixin.py:188} INFO - [2026-01-16T15:53:47.830+0000] {dagbag.py:355} ERROR - Failed to import: /opt/airflow/dags/main.py
Traceback (most recent call last):
  File "/home/airflow/.local/lib/python3.10/site-packages/airflow/models/dagbag.py", line 351, in parse
    loader.exec_module(new_module)
  File "<frozen importlib._bootstrap_external>", line 883, in exec_module
  File "<frozen importlib._bootstrap>", line 241, in _call_with_frames_removed
  File "/opt/airflow/dags/main.py", line 4, in <module>
    from ap_video_stats import get_playlist_id, get_video_ids, extract_video_data, save_to_json
ModuleNotFoundError: No module named 'ap_video_stats'
[2026-01-16T15:53:47.831+0000] {processor.py:842} WARNING - No viable dags retrieved from /opt/airflow/dags/main.py
[2026-01-16T15:53:47.844+0000] {processor.py:183} INFO - Processing /opt/airflow/dags/main.py took 0.026 seconds
[2026-01-16T15:54:18.143+0000] {processor.py:161} INFO - Started process (PID=4663) to work on /opt/airflow/dags/main.py
[2026-01-16T15:54:18.145+0000] {processor.py:830} INFO - Processing file /opt/airflow/dags/main.py for tasks to queue
[2026-01-16T15:54:18.149+0000] {logging_mixin.py:188} INFO - [2026-01-16T15:54:18.148+0000] {dagbag.py:545} INFO - Filling up the DagBag from /opt/airflow/dags/main.py
[2026-01-16T15:54:18.154+0000] {logging_mixin.py:188} INFO - [2026-01-16T15:54:18.153+0000] {dagbag.py:355} ERROR - Failed to import: /opt/airflow/dags/main.py
Traceback (most recent call last):
  File "/home/airflow/.local/lib/python3.10/site-packages/airflow/models/dagbag.py", line 351, in parse
    loader.exec_module(new_module)
  File "<frozen importlib._bootstrap_external>", line 883, in exec_module
  File "<frozen importlib._bootstrap>", line 241, in _call_with_frames_removed
  File "/opt/airflow/dags/main.py", line 4, in <module>
    from ap_video_stats import get_playlist_id, get_video_ids, extract_video_data, save_to_json
ModuleNotFoundError: No module named 'ap_video_stats'
[2026-01-16T15:54:18.155+0000] {processor.py:842} WARNING - No viable dags retrieved from /opt/airflow/dags/main.py
[2026-01-16T15:54:18.178+0000] {processor.py:183} INFO - Processing /opt/airflow/dags/main.py took 0.046 seconds
[2026-01-16T15:54:48.441+0000] {processor.py:161} INFO - Started process (PID=4671) to work on /opt/airflow/dags/main.py
[2026-01-16T15:54:48.442+0000] {processor.py:830} INFO - Processing file /opt/airflow/dags/main.py for tasks to queue
[2026-01-16T15:54:48.444+0000] {logging_mixin.py:188} INFO - [2026-01-16T15:54:48.444+0000] {dagbag.py:545} INFO - Filling up the DagBag from /opt/airflow/dags/main.py
[2026-01-16T15:54:48.449+0000] {logging_mixin.py:188} INFO - [2026-01-16T15:54:48.449+0000] {dagbag.py:355} ERROR - Failed to import: /opt/airflow/dags/main.py
Traceback (most recent call last):
  File "/home/airflow/.local/lib/python3.10/site-packages/airflow/models/dagbag.py", line 351, in parse
    loader.exec_module(new_module)
  File "<frozen importlib._bootstrap_external>", line 883, in exec_module
  File "<frozen importlib._bootstrap>", line 241, in _call_with_frames_removed
  File "/opt/airflow/dags/main.py", line 4, in <module>
    from ap_video_stats import get_playlist_id, get_video_ids, extract_video_data, save_to_json
ModuleNotFoundError: No module named 'ap_video_stats'
[2026-01-16T15:54:48.450+0000] {processor.py:842} WARNING - No viable dags retrieved from /opt/airflow/dags/main.py
[2026-01-16T15:54:48.466+0000] {processor.py:183} INFO - Processing /opt/airflow/dags/main.py took 0.035 seconds
[2026-01-16T15:55:18.733+0000] {processor.py:161} INFO - Started process (PID=4678) to work on /opt/airflow/dags/main.py
[2026-01-16T15:55:18.734+0000] {processor.py:830} INFO - Processing file /opt/airflow/dags/main.py for tasks to queue
[2026-01-16T15:55:18.736+0000] {logging_mixin.py:188} INFO - [2026-01-16T15:55:18.736+0000] {dagbag.py:545} INFO - Filling up the DagBag from /opt/airflow/dags/main.py
[2026-01-16T15:55:18.740+0000] {logging_mixin.py:188} INFO - [2026-01-16T15:55:18.739+0000] {dagbag.py:355} ERROR - Failed to import: /opt/airflow/dags/main.py
Traceback (most recent call last):
  File "/home/airflow/.local/lib/python3.10/site-packages/airflow/models/dagbag.py", line 351, in parse
    loader.exec_module(new_module)
  File "<frozen importlib._bootstrap_external>", line 883, in exec_module
  File "<frozen importlib._bootstrap>", line 241, in _call_with_frames_removed
  File "/opt/airflow/dags/main.py", line 4, in <module>
    from ap_video_stats import get_playlist_id, get_video_ids, extract_video_data, save_to_json
ModuleNotFoundError: No module named 'ap_video_stats'
[2026-01-16T15:55:18.740+0000] {processor.py:842} WARNING - No viable dags retrieved from /opt/airflow/dags/main.py
[2026-01-16T15:55:18.756+0000] {processor.py:183} INFO - Processing /opt/airflow/dags/main.py took 0.030 seconds
[2026-01-16T15:55:49.003+0000] {processor.py:161} INFO - Started process (PID=4685) to work on /opt/airflow/dags/main.py
[2026-01-16T15:55:49.005+0000] {processor.py:830} INFO - Processing file /opt/airflow/dags/main.py for tasks to queue
[2026-01-16T15:55:49.007+0000] {logging_mixin.py:188} INFO - [2026-01-16T15:55:49.007+0000] {dagbag.py:545} INFO - Filling up the DagBag from /opt/airflow/dags/main.py
[2026-01-16T15:55:49.011+0000] {logging_mixin.py:188} INFO - [2026-01-16T15:55:49.011+0000] {dagbag.py:355} ERROR - Failed to import: /opt/airflow/dags/main.py
Traceback (most recent call last):
  File "/home/airflow/.local/lib/python3.10/site-packages/airflow/models/dagbag.py", line 351, in parse
    loader.exec_module(new_module)
  File "<frozen importlib._bootstrap_external>", line 883, in exec_module
  File "<frozen importlib._bootstrap>", line 241, in _call_with_frames_removed
  File "/opt/airflow/dags/main.py", line 4, in <module>
    from ap_video_stats import get_playlist_id, get_video_ids, extract_video_data, save_to_json
ModuleNotFoundError: No module named 'ap_video_stats'
[2026-01-16T15:55:49.012+0000] {processor.py:842} WARNING - No viable dags retrieved from /opt/airflow/dags/main.py
[2026-01-16T15:55:49.029+0000] {processor.py:183} INFO - Processing /opt/airflow/dags/main.py took 0.033 seconds
[2026-01-16T15:56:19.248+0000] {processor.py:161} INFO - Started process (PID=4692) to work on /opt/airflow/dags/main.py
[2026-01-16T15:56:19.249+0000] {processor.py:830} INFO - Processing file /opt/airflow/dags/main.py for tasks to queue
[2026-01-16T15:56:19.251+0000] {logging_mixin.py:188} INFO - [2026-01-16T15:56:19.250+0000] {dagbag.py:545} INFO - Filling up the DagBag from /opt/airflow/dags/main.py
[2026-01-16T15:56:19.255+0000] {logging_mixin.py:188} INFO - [2026-01-16T15:56:19.254+0000] {dagbag.py:355} ERROR - Failed to import: /opt/airflow/dags/main.py
Traceback (most recent call last):
  File "/home/airflow/.local/lib/python3.10/site-packages/airflow/models/dagbag.py", line 351, in parse
    loader.exec_module(new_module)
  File "<frozen importlib._bootstrap_external>", line 883, in exec_module
  File "<frozen importlib._bootstrap>", line 241, in _call_with_frames_removed
  File "/opt/airflow/dags/main.py", line 4, in <module>
    from ap_video_stats import get_playlist_id, get_video_ids, extract_video_data, save_to_json
ModuleNotFoundError: No module named 'ap_video_stats'
[2026-01-16T15:56:19.255+0000] {processor.py:842} WARNING - No viable dags retrieved from /opt/airflow/dags/main.py
[2026-01-16T15:56:19.270+0000] {processor.py:183} INFO - Processing /opt/airflow/dags/main.py took 0.029 seconds
[2026-01-16T15:56:49.557+0000] {processor.py:161} INFO - Started process (PID=4699) to work on /opt/airflow/dags/main.py
[2026-01-16T15:56:49.558+0000] {processor.py:830} INFO - Processing file /opt/airflow/dags/main.py for tasks to queue
[2026-01-16T15:56:49.560+0000] {logging_mixin.py:188} INFO - [2026-01-16T15:56:49.559+0000] {dagbag.py:545} INFO - Filling up the DagBag from /opt/airflow/dags/main.py
[2026-01-16T15:56:49.564+0000] {logging_mixin.py:188} INFO - [2026-01-16T15:56:49.563+0000] {dagbag.py:355} ERROR - Failed to import: /opt/airflow/dags/main.py
Traceback (most recent call last):
  File "/home/airflow/.local/lib/python3.10/site-packages/airflow/models/dagbag.py", line 351, in parse
    loader.exec_module(new_module)
  File "<frozen importlib._bootstrap_external>", line 883, in exec_module
  File "<frozen importlib._bootstrap>", line 241, in _call_with_frames_removed
  File "/opt/airflow/dags/main.py", line 4, in <module>
    from ap_video_stats import get_playlist_id, get_video_ids, extract_video_data, save_to_json
ModuleNotFoundError: No module named 'ap_video_stats'
[2026-01-16T15:56:49.564+0000] {processor.py:842} WARNING - No viable dags retrieved from /opt/airflow/dags/main.py
[2026-01-16T15:56:49.581+0000] {processor.py:183} INFO - Processing /opt/airflow/dags/main.py took 0.033 seconds
[2026-01-16T15:57:19.834+0000] {processor.py:161} INFO - Started process (PID=4706) to work on /opt/airflow/dags/main.py
[2026-01-16T15:57:19.836+0000] {processor.py:830} INFO - Processing file /opt/airflow/dags/main.py for tasks to queue
[2026-01-16T15:57:19.838+0000] {logging_mixin.py:188} INFO - [2026-01-16T15:57:19.838+0000] {dagbag.py:545} INFO - Filling up the DagBag from /opt/airflow/dags/main.py
[2026-01-16T15:57:19.844+0000] {logging_mixin.py:188} INFO - [2026-01-16T15:57:19.843+0000] {dagbag.py:355} ERROR - Failed to import: /opt/airflow/dags/main.py
Traceback (most recent call last):
  File "/home/airflow/.local/lib/python3.10/site-packages/airflow/models/dagbag.py", line 351, in parse
    loader.exec_module(new_module)
  File "<frozen importlib._bootstrap_external>", line 883, in exec_module
  File "<frozen importlib._bootstrap>", line 241, in _call_with_frames_removed
  File "/opt/airflow/dags/main.py", line 4, in <module>
    from ap_video_stats import get_playlist_id, get_video_ids, extract_video_data, save_to_json
ModuleNotFoundError: No module named 'ap_video_stats'
[2026-01-16T15:57:19.844+0000] {processor.py:842} WARNING - No viable dags retrieved from /opt/airflow/dags/main.py
[2026-01-16T15:57:19.862+0000] {processor.py:183} INFO - Processing /opt/airflow/dags/main.py took 0.036 seconds
[2026-01-16T15:57:50.144+0000] {processor.py:161} INFO - Started process (PID=4713) to work on /opt/airflow/dags/main.py
[2026-01-16T15:57:50.145+0000] {processor.py:830} INFO - Processing file /opt/airflow/dags/main.py for tasks to queue
[2026-01-16T15:57:50.147+0000] {logging_mixin.py:188} INFO - [2026-01-16T15:57:50.147+0000] {dagbag.py:545} INFO - Filling up the DagBag from /opt/airflow/dags/main.py
[2026-01-16T15:57:50.151+0000] {logging_mixin.py:188} INFO - [2026-01-16T15:57:50.151+0000] {dagbag.py:355} ERROR - Failed to import: /opt/airflow/dags/main.py
Traceback (most recent call last):
  File "/home/airflow/.local/lib/python3.10/site-packages/airflow/models/dagbag.py", line 351, in parse
    loader.exec_module(new_module)
  File "<frozen importlib._bootstrap_external>", line 883, in exec_module
  File "<frozen importlib._bootstrap>", line 241, in _call_with_frames_removed
  File "/opt/airflow/dags/main.py", line 4, in <module>
    from ap_video_stats import get_playlist_id, get_video_ids, extract_video_data, save_to_json
ModuleNotFoundError: No module named 'ap_video_stats'
[2026-01-16T15:57:50.152+0000] {processor.py:842} WARNING - No viable dags retrieved from /opt/airflow/dags/main.py
[2026-01-16T15:57:50.166+0000] {processor.py:183} INFO - Processing /opt/airflow/dags/main.py took 0.029 seconds
[2026-01-16T15:58:20.437+0000] {processor.py:161} INFO - Started process (PID=4720) to work on /opt/airflow/dags/main.py
[2026-01-16T15:58:20.438+0000] {processor.py:830} INFO - Processing file /opt/airflow/dags/main.py for tasks to queue
[2026-01-16T15:58:20.440+0000] {logging_mixin.py:188} INFO - [2026-01-16T15:58:20.440+0000] {dagbag.py:545} INFO - Filling up the DagBag from /opt/airflow/dags/main.py
[2026-01-16T15:58:20.444+0000] {logging_mixin.py:188} INFO - [2026-01-16T15:58:20.443+0000] {dagbag.py:355} ERROR - Failed to import: /opt/airflow/dags/main.py
Traceback (most recent call last):
  File "/home/airflow/.local/lib/python3.10/site-packages/airflow/models/dagbag.py", line 351, in parse
    loader.exec_module(new_module)
  File "<frozen importlib._bootstrap_external>", line 883, in exec_module
  File "<frozen importlib._bootstrap>", line 241, in _call_with_frames_removed
  File "/opt/airflow/dags/main.py", line 4, in <module>
    from ap_video_stats import get_playlist_id, get_video_ids, extract_video_data, save_to_json
ModuleNotFoundError: No module named 'ap_video_stats'
[2026-01-16T15:58:20.444+0000] {processor.py:842} WARNING - No viable dags retrieved from /opt/airflow/dags/main.py
[2026-01-16T15:58:20.458+0000] {processor.py:183} INFO - Processing /opt/airflow/dags/main.py took 0.026 seconds
[2026-01-16T15:58:50.748+0000] {processor.py:161} INFO - Started process (PID=4727) to work on /opt/airflow/dags/main.py
[2026-01-16T15:58:50.750+0000] {processor.py:830} INFO - Processing file /opt/airflow/dags/main.py for tasks to queue
[2026-01-16T15:58:50.754+0000] {logging_mixin.py:188} INFO - [2026-01-16T15:58:50.753+0000] {dagbag.py:545} INFO - Filling up the DagBag from /opt/airflow/dags/main.py
[2026-01-16T15:58:50.759+0000] {logging_mixin.py:188} INFO - [2026-01-16T15:58:50.758+0000] {dagbag.py:355} ERROR - Failed to import: /opt/airflow/dags/main.py
Traceback (most recent call last):
  File "/home/airflow/.local/lib/python3.10/site-packages/airflow/models/dagbag.py", line 351, in parse
    loader.exec_module(new_module)
  File "<frozen importlib._bootstrap_external>", line 883, in exec_module
  File "<frozen importlib._bootstrap>", line 241, in _call_with_frames_removed
  File "/opt/airflow/dags/main.py", line 4, in <module>
    from ap_video_stats import get_playlist_id, get_video_ids, extract_video_data, save_to_json
ModuleNotFoundError: No module named 'ap_video_stats'
[2026-01-16T15:58:50.759+0000] {processor.py:842} WARNING - No viable dags retrieved from /opt/airflow/dags/main.py
[2026-01-16T15:58:50.777+0000] {processor.py:183} INFO - Processing /opt/airflow/dags/main.py took 0.038 seconds
[2026-01-16T15:59:21.113+0000] {processor.py:161} INFO - Started process (PID=4734) to work on /opt/airflow/dags/main.py
[2026-01-16T15:59:21.115+0000] {processor.py:830} INFO - Processing file /opt/airflow/dags/main.py for tasks to queue
[2026-01-16T15:59:21.117+0000] {logging_mixin.py:188} INFO - [2026-01-16T15:59:21.117+0000] {dagbag.py:545} INFO - Filling up the DagBag from /opt/airflow/dags/main.py
[2026-01-16T15:59:21.122+0000] {logging_mixin.py:188} INFO - [2026-01-16T15:59:21.121+0000] {dagbag.py:355} ERROR - Failed to import: /opt/airflow/dags/main.py
Traceback (most recent call last):
  File "/home/airflow/.local/lib/python3.10/site-packages/airflow/models/dagbag.py", line 351, in parse
    loader.exec_module(new_module)
  File "<frozen importlib._bootstrap_external>", line 883, in exec_module
  File "<frozen importlib._bootstrap>", line 241, in _call_with_frames_removed
  File "/opt/airflow/dags/main.py", line 4, in <module>
    from ap_video_stats import get_playlist_id, get_video_ids, extract_video_data, save_to_json
ModuleNotFoundError: No module named 'ap_video_stats'
[2026-01-16T15:59:21.123+0000] {processor.py:842} WARNING - No viable dags retrieved from /opt/airflow/dags/main.py
[2026-01-16T15:59:21.158+0000] {processor.py:183} INFO - Processing /opt/airflow/dags/main.py took 0.052 seconds
[2026-01-16T15:59:51.426+0000] {processor.py:161} INFO - Started process (PID=4741) to work on /opt/airflow/dags/main.py
[2026-01-16T15:59:51.427+0000] {processor.py:830} INFO - Processing file /opt/airflow/dags/main.py for tasks to queue
[2026-01-16T15:59:51.429+0000] {logging_mixin.py:188} INFO - [2026-01-16T15:59:51.429+0000] {dagbag.py:545} INFO - Filling up the DagBag from /opt/airflow/dags/main.py
[2026-01-16T15:59:51.433+0000] {logging_mixin.py:188} INFO - [2026-01-16T15:59:51.432+0000] {dagbag.py:355} ERROR - Failed to import: /opt/airflow/dags/main.py
Traceback (most recent call last):
  File "/home/airflow/.local/lib/python3.10/site-packages/airflow/models/dagbag.py", line 351, in parse
    loader.exec_module(new_module)
  File "<frozen importlib._bootstrap_external>", line 883, in exec_module
  File "<frozen importlib._bootstrap>", line 241, in _call_with_frames_removed
  File "/opt/airflow/dags/main.py", line 4, in <module>
    from ap_video_stats import get_playlist_id, get_video_ids, extract_video_data, save_to_json
ModuleNotFoundError: No module named 'ap_video_stats'
[2026-01-16T15:59:51.433+0000] {processor.py:842} WARNING - No viable dags retrieved from /opt/airflow/dags/main.py
[2026-01-16T15:59:51.449+0000] {processor.py:183} INFO - Processing /opt/airflow/dags/main.py took 0.032 seconds
[2026-01-16T16:00:21.766+0000] {processor.py:161} INFO - Started process (PID=4748) to work on /opt/airflow/dags/main.py
[2026-01-16T16:00:21.767+0000] {processor.py:830} INFO - Processing file /opt/airflow/dags/main.py for tasks to queue
[2026-01-16T16:00:21.770+0000] {logging_mixin.py:188} INFO - [2026-01-16T16:00:21.770+0000] {dagbag.py:545} INFO - Filling up the DagBag from /opt/airflow/dags/main.py
[2026-01-16T16:00:21.775+0000] {logging_mixin.py:188} INFO - [2026-01-16T16:00:21.774+0000] {dagbag.py:355} ERROR - Failed to import: /opt/airflow/dags/main.py
Traceback (most recent call last):
  File "/home/airflow/.local/lib/python3.10/site-packages/airflow/models/dagbag.py", line 351, in parse
    loader.exec_module(new_module)
  File "<frozen importlib._bootstrap_external>", line 883, in exec_module
  File "<frozen importlib._bootstrap>", line 241, in _call_with_frames_removed
  File "/opt/airflow/dags/main.py", line 4, in <module>
    from ap_video_stats import get_playlist_id, get_video_ids, extract_video_data, save_to_json
ModuleNotFoundError: No module named 'ap_video_stats'
[2026-01-16T16:00:21.775+0000] {processor.py:842} WARNING - No viable dags retrieved from /opt/airflow/dags/main.py
[2026-01-16T16:00:21.791+0000] {processor.py:183} INFO - Processing /opt/airflow/dags/main.py took 0.035 seconds
[2026-01-16T16:00:26.809+0000] {processor.py:161} INFO - Started process (PID=4749) to work on /opt/airflow/dags/main.py
[2026-01-16T16:00:26.810+0000] {processor.py:830} INFO - Processing file /opt/airflow/dags/main.py for tasks to queue
[2026-01-16T16:00:26.812+0000] {logging_mixin.py:188} INFO - [2026-01-16T16:00:26.811+0000] {dagbag.py:545} INFO - Filling up the DagBag from /opt/airflow/dags/main.py
[2026-01-16T16:00:26.819+0000] {logging_mixin.py:188} INFO - [2026-01-16T16:00:26.818+0000] {dagbag.py:355} ERROR - Failed to import: /opt/airflow/dags/main.py
Traceback (most recent call last):
  File "/home/airflow/.local/lib/python3.10/site-packages/airflow/models/dagbag.py", line 351, in parse
    loader.exec_module(new_module)
  File "<frozen importlib._bootstrap_external>", line 883, in exec_module
  File "<frozen importlib._bootstrap>", line 241, in _call_with_frames_removed
  File "/opt/airflow/dags/main.py", line 4, in <module>
    from ap.video_stats import get_playlist_id, get_video_ids, extract_video_data, save_to_json
ModuleNotFoundError: No module named 'ap'
[2026-01-16T16:00:26.819+0000] {processor.py:842} WARNING - No viable dags retrieved from /opt/airflow/dags/main.py
[2026-01-16T16:00:26.836+0000] {processor.py:183} INFO - Processing /opt/airflow/dags/main.py took 0.035 seconds
[2026-01-16T16:00:57.125+0000] {processor.py:161} INFO - Started process (PID=4756) to work on /opt/airflow/dags/main.py
[2026-01-16T16:00:57.127+0000] {processor.py:830} INFO - Processing file /opt/airflow/dags/main.py for tasks to queue
[2026-01-16T16:00:57.130+0000] {logging_mixin.py:188} INFO - [2026-01-16T16:00:57.130+0000] {dagbag.py:545} INFO - Filling up the DagBag from /opt/airflow/dags/main.py
[2026-01-16T16:00:57.136+0000] {logging_mixin.py:188} INFO - [2026-01-16T16:00:57.135+0000] {dagbag.py:355} ERROR - Failed to import: /opt/airflow/dags/main.py
Traceback (most recent call last):
  File "/home/airflow/.local/lib/python3.10/site-packages/airflow/models/dagbag.py", line 351, in parse
    loader.exec_module(new_module)
  File "<frozen importlib._bootstrap_external>", line 883, in exec_module
  File "<frozen importlib._bootstrap>", line 241, in _call_with_frames_removed
  File "/opt/airflow/dags/main.py", line 4, in <module>
    from ap.video_stats import get_playlist_id, get_video_ids, extract_video_data, save_to_json
ModuleNotFoundError: No module named 'ap'
[2026-01-16T16:00:57.136+0000] {processor.py:842} WARNING - No viable dags retrieved from /opt/airflow/dags/main.py
[2026-01-16T16:00:57.154+0000] {processor.py:183} INFO - Processing /opt/airflow/dags/main.py took 0.041 seconds
[2026-01-16T16:01:27.444+0000] {processor.py:161} INFO - Started process (PID=4763) to work on /opt/airflow/dags/main.py
[2026-01-16T16:01:27.446+0000] {processor.py:830} INFO - Processing file /opt/airflow/dags/main.py for tasks to queue
[2026-01-16T16:01:27.449+0000] {logging_mixin.py:188} INFO - [2026-01-16T16:01:27.448+0000] {dagbag.py:545} INFO - Filling up the DagBag from /opt/airflow/dags/main.py
[2026-01-16T16:01:27.456+0000] {logging_mixin.py:188} INFO - [2026-01-16T16:01:27.455+0000] {dagbag.py:355} ERROR - Failed to import: /opt/airflow/dags/main.py
Traceback (most recent call last):
  File "/home/airflow/.local/lib/python3.10/site-packages/airflow/models/dagbag.py", line 351, in parse
    loader.exec_module(new_module)
  File "<frozen importlib._bootstrap_external>", line 883, in exec_module
  File "<frozen importlib._bootstrap>", line 241, in _call_with_frames_removed
  File "/opt/airflow/dags/main.py", line 4, in <module>
    from ap.video_stats import get_playlist_id, get_video_ids, extract_video_data, save_to_json
ModuleNotFoundError: No module named 'ap'
[2026-01-16T16:01:27.456+0000] {processor.py:842} WARNING - No viable dags retrieved from /opt/airflow/dags/main.py
[2026-01-16T16:01:27.481+0000] {processor.py:183} INFO - Processing /opt/airflow/dags/main.py took 0.054 seconds
[2026-01-16T16:01:57.761+0000] {processor.py:161} INFO - Started process (PID=4770) to work on /opt/airflow/dags/main.py
[2026-01-16T16:01:57.763+0000] {processor.py:830} INFO - Processing file /opt/airflow/dags/main.py for tasks to queue
[2026-01-16T16:01:57.766+0000] {logging_mixin.py:188} INFO - [2026-01-16T16:01:57.766+0000] {dagbag.py:545} INFO - Filling up the DagBag from /opt/airflow/dags/main.py
[2026-01-16T16:01:57.770+0000] {logging_mixin.py:188} INFO - [2026-01-16T16:01:57.770+0000] {dagbag.py:355} ERROR - Failed to import: /opt/airflow/dags/main.py
Traceback (most recent call last):
  File "/home/airflow/.local/lib/python3.10/site-packages/airflow/models/dagbag.py", line 351, in parse
    loader.exec_module(new_module)
  File "<frozen importlib._bootstrap_external>", line 883, in exec_module
  File "<frozen importlib._bootstrap>", line 241, in _call_with_frames_removed
  File "/opt/airflow/dags/main.py", line 4, in <module>
    from ap.video_stats import get_playlist_id, get_video_ids, extract_video_data, save_to_json
ModuleNotFoundError: No module named 'ap'
[2026-01-16T16:01:57.770+0000] {processor.py:842} WARNING - No viable dags retrieved from /opt/airflow/dags/main.py
[2026-01-16T16:01:57.787+0000] {processor.py:183} INFO - Processing /opt/airflow/dags/main.py took 0.035 seconds
[2026-01-16T16:02:28.050+0000] {processor.py:161} INFO - Started process (PID=4777) to work on /opt/airflow/dags/main.py
[2026-01-16T16:02:28.051+0000] {processor.py:830} INFO - Processing file /opt/airflow/dags/main.py for tasks to queue
[2026-01-16T16:02:28.053+0000] {logging_mixin.py:188} INFO - [2026-01-16T16:02:28.053+0000] {dagbag.py:545} INFO - Filling up the DagBag from /opt/airflow/dags/main.py
[2026-01-16T16:02:28.058+0000] {logging_mixin.py:188} INFO - [2026-01-16T16:02:28.057+0000] {dagbag.py:355} ERROR - Failed to import: /opt/airflow/dags/main.py
Traceback (most recent call last):
  File "/home/airflow/.local/lib/python3.10/site-packages/airflow/models/dagbag.py", line 351, in parse
    loader.exec_module(new_module)
  File "<frozen importlib._bootstrap_external>", line 883, in exec_module
  File "<frozen importlib._bootstrap>", line 241, in _call_with_frames_removed
  File "/opt/airflow/dags/main.py", line 4, in <module>
    from ap.video_stats import get_playlist_id, get_video_ids, extract_video_data, save_to_json
ModuleNotFoundError: No module named 'ap'
[2026-01-16T16:02:28.058+0000] {processor.py:842} WARNING - No viable dags retrieved from /opt/airflow/dags/main.py
[2026-01-16T16:02:28.073+0000] {processor.py:183} INFO - Processing /opt/airflow/dags/main.py took 0.030 seconds
[2026-01-16T16:02:34.112+0000] {processor.py:161} INFO - Started process (PID=4784) to work on /opt/airflow/dags/main.py
[2026-01-16T16:02:34.113+0000] {processor.py:830} INFO - Processing file /opt/airflow/dags/main.py for tasks to queue
[2026-01-16T16:02:34.116+0000] {logging_mixin.py:188} INFO - [2026-01-16T16:02:34.115+0000] {dagbag.py:545} INFO - Filling up the DagBag from /opt/airflow/dags/main.py
[2026-01-16T16:02:34.123+0000] {logging_mixin.py:188} INFO - [2026-01-16T16:02:34.122+0000] {dagbag.py:355} ERROR - Failed to import: /opt/airflow/dags/main.py
Traceback (most recent call last):
  File "/home/airflow/.local/lib/python3.10/site-packages/airflow/models/dagbag.py", line 351, in parse
    loader.exec_module(new_module)
  File "<frozen importlib._bootstrap_external>", line 883, in exec_module
  File "<frozen importlib._bootstrap>", line 241, in _call_with_frames_removed
  File "/opt/airflow/dags/main.py", line 4, in <module>
    from ap.video_stats import get_playlist_id, get_video_ids, extract_video_data, save_to_json
ModuleNotFoundError: No module named 'ap'
[2026-01-16T16:02:34.123+0000] {processor.py:842} WARNING - No viable dags retrieved from /opt/airflow/dags/main.py
[2026-01-16T16:02:34.144+0000] {processor.py:183} INFO - Processing /opt/airflow/dags/main.py took 0.040 seconds
[2026-01-16T16:03:04.401+0000] {processor.py:161} INFO - Started process (PID=4791) to work on /opt/airflow/dags/main.py
[2026-01-16T16:03:04.404+0000] {processor.py:830} INFO - Processing file /opt/airflow/dags/main.py for tasks to queue
[2026-01-16T16:03:04.406+0000] {logging_mixin.py:188} INFO - [2026-01-16T16:03:04.405+0000] {dagbag.py:545} INFO - Filling up the DagBag from /opt/airflow/dags/main.py
[2026-01-16T16:03:04.410+0000] {logging_mixin.py:188} INFO - [2026-01-16T16:03:04.410+0000] {dagbag.py:355} ERROR - Failed to import: /opt/airflow/dags/main.py
Traceback (most recent call last):
  File "/home/airflow/.local/lib/python3.10/site-packages/airflow/models/dagbag.py", line 351, in parse
    loader.exec_module(new_module)
  File "<frozen importlib._bootstrap_external>", line 883, in exec_module
  File "<frozen importlib._bootstrap>", line 241, in _call_with_frames_removed
  File "/opt/airflow/dags/main.py", line 4, in <module>
    from ap.video_stats import get_playlist_id, get_video_ids, extract_video_data, save_to_json
ModuleNotFoundError: No module named 'ap'
[2026-01-16T16:03:04.411+0000] {processor.py:842} WARNING - No viable dags retrieved from /opt/airflow/dags/main.py
[2026-01-16T16:03:04.427+0000] {processor.py:183} INFO - Processing /opt/airflow/dags/main.py took 0.032 seconds
[2026-01-16T16:03:34.684+0000] {processor.py:161} INFO - Started process (PID=4798) to work on /opt/airflow/dags/main.py
[2026-01-16T16:03:34.686+0000] {processor.py:830} INFO - Processing file /opt/airflow/dags/main.py for tasks to queue
[2026-01-16T16:03:34.689+0000] {logging_mixin.py:188} INFO - [2026-01-16T16:03:34.688+0000] {dagbag.py:545} INFO - Filling up the DagBag from /opt/airflow/dags/main.py
[2026-01-16T16:03:34.694+0000] {logging_mixin.py:188} INFO - [2026-01-16T16:03:34.693+0000] {dagbag.py:355} ERROR - Failed to import: /opt/airflow/dags/main.py
Traceback (most recent call last):
  File "/home/airflow/.local/lib/python3.10/site-packages/airflow/models/dagbag.py", line 351, in parse
    loader.exec_module(new_module)
  File "<frozen importlib._bootstrap_external>", line 883, in exec_module
  File "<frozen importlib._bootstrap>", line 241, in _call_with_frames_removed
  File "/opt/airflow/dags/main.py", line 4, in <module>
    from ap.video_stats import get_playlist_id, get_video_ids, extract_video_data, save_to_json
ModuleNotFoundError: No module named 'ap'
[2026-01-16T16:03:34.695+0000] {processor.py:842} WARNING - No viable dags retrieved from /opt/airflow/dags/main.py
[2026-01-16T16:03:34.710+0000] {processor.py:183} INFO - Processing /opt/airflow/dags/main.py took 0.032 seconds
[2026-01-16T16:04:05.003+0000] {processor.py:161} INFO - Started process (PID=4805) to work on /opt/airflow/dags/main.py
[2026-01-16T16:04:05.005+0000] {processor.py:830} INFO - Processing file /opt/airflow/dags/main.py for tasks to queue
[2026-01-16T16:04:05.008+0000] {logging_mixin.py:188} INFO - [2026-01-16T16:04:05.008+0000] {dagbag.py:545} INFO - Filling up the DagBag from /opt/airflow/dags/main.py
[2026-01-16T16:04:05.014+0000] {logging_mixin.py:188} INFO - [2026-01-16T16:04:05.014+0000] {dagbag.py:355} ERROR - Failed to import: /opt/airflow/dags/main.py
Traceback (most recent call last):
  File "/home/airflow/.local/lib/python3.10/site-packages/airflow/models/dagbag.py", line 351, in parse
    loader.exec_module(new_module)
  File "<frozen importlib._bootstrap_external>", line 883, in exec_module
  File "<frozen importlib._bootstrap>", line 241, in _call_with_frames_removed
  File "/opt/airflow/dags/main.py", line 4, in <module>
    from ap.video_stats import get_playlist_id, get_video_ids, extract_video_data, save_to_json
ModuleNotFoundError: No module named 'ap'
[2026-01-16T16:04:05.015+0000] {processor.py:842} WARNING - No viable dags retrieved from /opt/airflow/dags/main.py
[2026-01-16T16:04:05.045+0000] {processor.py:183} INFO - Processing /opt/airflow/dags/main.py took 0.056 seconds
[2026-01-16T16:04:35.332+0000] {processor.py:161} INFO - Started process (PID=4812) to work on /opt/airflow/dags/main.py
[2026-01-16T16:04:35.334+0000] {processor.py:830} INFO - Processing file /opt/airflow/dags/main.py for tasks to queue
[2026-01-16T16:04:35.337+0000] {logging_mixin.py:188} INFO - [2026-01-16T16:04:35.337+0000] {dagbag.py:545} INFO - Filling up the DagBag from /opt/airflow/dags/main.py
[2026-01-16T16:04:35.343+0000] {logging_mixin.py:188} INFO - [2026-01-16T16:04:35.342+0000] {dagbag.py:355} ERROR - Failed to import: /opt/airflow/dags/main.py
Traceback (most recent call last):
  File "/home/airflow/.local/lib/python3.10/site-packages/airflow/models/dagbag.py", line 351, in parse
    loader.exec_module(new_module)
  File "<frozen importlib._bootstrap_external>", line 883, in exec_module
  File "<frozen importlib._bootstrap>", line 241, in _call_with_frames_removed
  File "/opt/airflow/dags/main.py", line 4, in <module>
    from ap.video_stats import get_playlist_id, get_video_ids, extract_video_data, save_to_json
ModuleNotFoundError: No module named 'ap'
[2026-01-16T16:04:35.343+0000] {processor.py:842} WARNING - No viable dags retrieved from /opt/airflow/dags/main.py
[2026-01-16T16:04:35.360+0000] {processor.py:183} INFO - Processing /opt/airflow/dags/main.py took 0.037 seconds
[2026-01-16T16:05:05.625+0000] {processor.py:161} INFO - Started process (PID=4819) to work on /opt/airflow/dags/main.py
[2026-01-16T16:05:05.628+0000] {processor.py:830} INFO - Processing file /opt/airflow/dags/main.py for tasks to queue
[2026-01-16T16:05:05.631+0000] {logging_mixin.py:188} INFO - [2026-01-16T16:05:05.631+0000] {dagbag.py:545} INFO - Filling up the DagBag from /opt/airflow/dags/main.py
[2026-01-16T16:05:05.637+0000] {logging_mixin.py:188} INFO - [2026-01-16T16:05:05.636+0000] {dagbag.py:355} ERROR - Failed to import: /opt/airflow/dags/main.py
Traceback (most recent call last):
  File "/home/airflow/.local/lib/python3.10/site-packages/airflow/models/dagbag.py", line 351, in parse
    loader.exec_module(new_module)
  File "<frozen importlib._bootstrap_external>", line 883, in exec_module
  File "<frozen importlib._bootstrap>", line 241, in _call_with_frames_removed
  File "/opt/airflow/dags/main.py", line 4, in <module>
    from ap.video_stats import get_playlist_id, get_video_ids, extract_video_data, save_to_json
ModuleNotFoundError: No module named 'ap'
[2026-01-16T16:05:05.637+0000] {processor.py:842} WARNING - No viable dags retrieved from /opt/airflow/dags/main.py
[2026-01-16T16:05:05.660+0000] {processor.py:183} INFO - Processing /opt/airflow/dags/main.py took 0.044 seconds
[2026-01-16T16:05:35.980+0000] {processor.py:161} INFO - Started process (PID=4826) to work on /opt/airflow/dags/main.py
[2026-01-16T16:05:35.982+0000] {processor.py:830} INFO - Processing file /opt/airflow/dags/main.py for tasks to queue
[2026-01-16T16:05:35.984+0000] {logging_mixin.py:188} INFO - [2026-01-16T16:05:35.984+0000] {dagbag.py:545} INFO - Filling up the DagBag from /opt/airflow/dags/main.py
[2026-01-16T16:05:35.991+0000] {logging_mixin.py:188} INFO - [2026-01-16T16:05:35.990+0000] {dagbag.py:355} ERROR - Failed to import: /opt/airflow/dags/main.py
Traceback (most recent call last):
  File "/home/airflow/.local/lib/python3.10/site-packages/airflow/models/dagbag.py", line 351, in parse
    loader.exec_module(new_module)
  File "<frozen importlib._bootstrap_external>", line 883, in exec_module
  File "<frozen importlib._bootstrap>", line 241, in _call_with_frames_removed
  File "/opt/airflow/dags/main.py", line 4, in <module>
    from ap.video_stats import get_playlist_id, get_video_ids, extract_video_data, save_to_json
ModuleNotFoundError: No module named 'ap'
[2026-01-16T16:05:35.992+0000] {processor.py:842} WARNING - No viable dags retrieved from /opt/airflow/dags/main.py
[2026-01-16T16:05:36.008+0000] {processor.py:183} INFO - Processing /opt/airflow/dags/main.py took 0.036 seconds
[2026-01-16T16:06:06.316+0000] {processor.py:161} INFO - Started process (PID=4833) to work on /opt/airflow/dags/main.py
[2026-01-16T16:06:06.317+0000] {processor.py:830} INFO - Processing file /opt/airflow/dags/main.py for tasks to queue
[2026-01-16T16:06:06.319+0000] {logging_mixin.py:188} INFO - [2026-01-16T16:06:06.319+0000] {dagbag.py:545} INFO - Filling up the DagBag from /opt/airflow/dags/main.py
[2026-01-16T16:06:06.324+0000] {logging_mixin.py:188} INFO - [2026-01-16T16:06:06.324+0000] {dagbag.py:355} ERROR - Failed to import: /opt/airflow/dags/main.py
Traceback (most recent call last):
  File "/home/airflow/.local/lib/python3.10/site-packages/airflow/models/dagbag.py", line 351, in parse
    loader.exec_module(new_module)
  File "<frozen importlib._bootstrap_external>", line 883, in exec_module
  File "<frozen importlib._bootstrap>", line 241, in _call_with_frames_removed
  File "/opt/airflow/dags/main.py", line 4, in <module>
    from ap.video_stats import get_playlist_id, get_video_ids, extract_video_data, save_to_json
ModuleNotFoundError: No module named 'ap'
[2026-01-16T16:06:06.325+0000] {processor.py:842} WARNING - No viable dags retrieved from /opt/airflow/dags/main.py
[2026-01-16T16:06:06.343+0000] {processor.py:183} INFO - Processing /opt/airflow/dags/main.py took 0.036 seconds
[2026-01-16T16:06:36.583+0000] {processor.py:161} INFO - Started process (PID=4840) to work on /opt/airflow/dags/main.py
[2026-01-16T16:06:36.584+0000] {processor.py:830} INFO - Processing file /opt/airflow/dags/main.py for tasks to queue
[2026-01-16T16:06:36.587+0000] {logging_mixin.py:188} INFO - [2026-01-16T16:06:36.586+0000] {dagbag.py:545} INFO - Filling up the DagBag from /opt/airflow/dags/main.py
[2026-01-16T16:06:36.592+0000] {logging_mixin.py:188} INFO - [2026-01-16T16:06:36.591+0000] {dagbag.py:355} ERROR - Failed to import: /opt/airflow/dags/main.py
Traceback (most recent call last):
  File "/home/airflow/.local/lib/python3.10/site-packages/airflow/models/dagbag.py", line 351, in parse
    loader.exec_module(new_module)
  File "<frozen importlib._bootstrap_external>", line 883, in exec_module
  File "<frozen importlib._bootstrap>", line 241, in _call_with_frames_removed
  File "/opt/airflow/dags/main.py", line 4, in <module>
    from ap.video_stats import get_playlist_id, get_video_ids, extract_video_data, save_to_json
ModuleNotFoundError: No module named 'ap'
[2026-01-16T16:06:36.592+0000] {processor.py:842} WARNING - No viable dags retrieved from /opt/airflow/dags/main.py
[2026-01-16T16:06:36.610+0000] {processor.py:183} INFO - Processing /opt/airflow/dags/main.py took 0.035 seconds
[2026-01-16T16:07:06.895+0000] {processor.py:161} INFO - Started process (PID=4847) to work on /opt/airflow/dags/main.py
[2026-01-16T16:07:06.898+0000] {processor.py:830} INFO - Processing file /opt/airflow/dags/main.py for tasks to queue
[2026-01-16T16:07:06.901+0000] {logging_mixin.py:188} INFO - [2026-01-16T16:07:06.900+0000] {dagbag.py:545} INFO - Filling up the DagBag from /opt/airflow/dags/main.py
[2026-01-16T16:07:06.908+0000] {logging_mixin.py:188} INFO - [2026-01-16T16:07:06.906+0000] {dagbag.py:355} ERROR - Failed to import: /opt/airflow/dags/main.py
Traceback (most recent call last):
  File "/home/airflow/.local/lib/python3.10/site-packages/airflow/models/dagbag.py", line 351, in parse
    loader.exec_module(new_module)
  File "<frozen importlib._bootstrap_external>", line 883, in exec_module
  File "<frozen importlib._bootstrap>", line 241, in _call_with_frames_removed
  File "/opt/airflow/dags/main.py", line 4, in <module>
    from ap.video_stats import get_playlist_id, get_video_ids, extract_video_data, save_to_json
ModuleNotFoundError: No module named 'ap'
[2026-01-16T16:07:06.909+0000] {processor.py:842} WARNING - No viable dags retrieved from /opt/airflow/dags/main.py
[2026-01-16T16:07:06.933+0000] {processor.py:183} INFO - Processing /opt/airflow/dags/main.py took 0.046 seconds
[2026-01-16T16:07:37.198+0000] {processor.py:161} INFO - Started process (PID=4854) to work on /opt/airflow/dags/main.py
[2026-01-16T16:07:37.200+0000] {processor.py:830} INFO - Processing file /opt/airflow/dags/main.py for tasks to queue
[2026-01-16T16:07:37.204+0000] {logging_mixin.py:188} INFO - [2026-01-16T16:07:37.203+0000] {dagbag.py:545} INFO - Filling up the DagBag from /opt/airflow/dags/main.py
[2026-01-16T16:07:37.210+0000] {logging_mixin.py:188} INFO - [2026-01-16T16:07:37.209+0000] {dagbag.py:355} ERROR - Failed to import: /opt/airflow/dags/main.py
Traceback (most recent call last):
  File "/home/airflow/.local/lib/python3.10/site-packages/airflow/models/dagbag.py", line 351, in parse
    loader.exec_module(new_module)
  File "<frozen importlib._bootstrap_external>", line 883, in exec_module
  File "<frozen importlib._bootstrap>", line 241, in _call_with_frames_removed
  File "/opt/airflow/dags/main.py", line 4, in <module>
    from ap.video_stats import get_playlist_id, get_video_ids, extract_video_data, save_to_json
ModuleNotFoundError: No module named 'ap'
[2026-01-16T16:07:37.210+0000] {processor.py:842} WARNING - No viable dags retrieved from /opt/airflow/dags/main.py
[2026-01-16T16:07:37.226+0000] {processor.py:183} INFO - Processing /opt/airflow/dags/main.py took 0.037 seconds
[2026-01-16T16:08:07.477+0000] {processor.py:161} INFO - Started process (PID=4862) to work on /opt/airflow/dags/main.py
[2026-01-16T16:08:07.478+0000] {processor.py:830} INFO - Processing file /opt/airflow/dags/main.py for tasks to queue
[2026-01-16T16:08:07.480+0000] {logging_mixin.py:188} INFO - [2026-01-16T16:08:07.479+0000] {dagbag.py:545} INFO - Filling up the DagBag from /opt/airflow/dags/main.py
[2026-01-16T16:08:07.484+0000] {logging_mixin.py:188} INFO - [2026-01-16T16:08:07.483+0000] {dagbag.py:355} ERROR - Failed to import: /opt/airflow/dags/main.py
Traceback (most recent call last):
  File "/home/airflow/.local/lib/python3.10/site-packages/airflow/models/dagbag.py", line 351, in parse
    loader.exec_module(new_module)
  File "<frozen importlib._bootstrap_external>", line 883, in exec_module
  File "<frozen importlib._bootstrap>", line 241, in _call_with_frames_removed
  File "/opt/airflow/dags/main.py", line 4, in <module>
    from ap.video_stats import get_playlist_id, get_video_ids, extract_video_data, save_to_json
ModuleNotFoundError: No module named 'ap'
[2026-01-16T16:08:07.484+0000] {processor.py:842} WARNING - No viable dags retrieved from /opt/airflow/dags/main.py
[2026-01-16T16:08:07.507+0000] {processor.py:183} INFO - Processing /opt/airflow/dags/main.py took 0.040 seconds
[2026-01-16T16:08:37.775+0000] {processor.py:161} INFO - Started process (PID=4869) to work on /opt/airflow/dags/main.py
[2026-01-16T16:08:37.776+0000] {processor.py:830} INFO - Processing file /opt/airflow/dags/main.py for tasks to queue
[2026-01-16T16:08:37.777+0000] {logging_mixin.py:188} INFO - [2026-01-16T16:08:37.777+0000] {dagbag.py:545} INFO - Filling up the DagBag from /opt/airflow/dags/main.py
[2026-01-16T16:08:37.781+0000] {logging_mixin.py:188} INFO - [2026-01-16T16:08:37.781+0000] {dagbag.py:355} ERROR - Failed to import: /opt/airflow/dags/main.py
Traceback (most recent call last):
  File "/home/airflow/.local/lib/python3.10/site-packages/airflow/models/dagbag.py", line 351, in parse
    loader.exec_module(new_module)
  File "<frozen importlib._bootstrap_external>", line 883, in exec_module
  File "<frozen importlib._bootstrap>", line 241, in _call_with_frames_removed
  File "/opt/airflow/dags/main.py", line 4, in <module>
    from ap.video_stats import get_playlist_id, get_video_ids, extract_video_data, save_to_json
ModuleNotFoundError: No module named 'ap'
[2026-01-16T16:08:37.782+0000] {processor.py:842} WARNING - No viable dags retrieved from /opt/airflow/dags/main.py
[2026-01-16T16:08:37.797+0000] {processor.py:183} INFO - Processing /opt/airflow/dags/main.py took 0.029 seconds
[2026-01-16T16:09:08.060+0000] {processor.py:161} INFO - Started process (PID=4876) to work on /opt/airflow/dags/main.py
[2026-01-16T16:09:08.063+0000] {processor.py:830} INFO - Processing file /opt/airflow/dags/main.py for tasks to queue
[2026-01-16T16:09:08.066+0000] {logging_mixin.py:188} INFO - [2026-01-16T16:09:08.066+0000] {dagbag.py:545} INFO - Filling up the DagBag from /opt/airflow/dags/main.py
[2026-01-16T16:09:08.072+0000] {logging_mixin.py:188} INFO - [2026-01-16T16:09:08.071+0000] {dagbag.py:355} ERROR - Failed to import: /opt/airflow/dags/main.py
Traceback (most recent call last):
  File "/home/airflow/.local/lib/python3.10/site-packages/airflow/models/dagbag.py", line 351, in parse
    loader.exec_module(new_module)
  File "<frozen importlib._bootstrap_external>", line 883, in exec_module
  File "<frozen importlib._bootstrap>", line 241, in _call_with_frames_removed
  File "/opt/airflow/dags/main.py", line 4, in <module>
    from ap.video_stats import get_playlist_id, get_video_ids, extract_video_data, save_to_json
ModuleNotFoundError: No module named 'ap'
[2026-01-16T16:09:08.073+0000] {processor.py:842} WARNING - No viable dags retrieved from /opt/airflow/dags/main.py
[2026-01-16T16:09:08.092+0000] {processor.py:183} INFO - Processing /opt/airflow/dags/main.py took 0.040 seconds
[2026-01-16T16:09:38.331+0000] {processor.py:161} INFO - Started process (PID=4884) to work on /opt/airflow/dags/main.py
[2026-01-16T16:09:38.333+0000] {processor.py:830} INFO - Processing file /opt/airflow/dags/main.py for tasks to queue
[2026-01-16T16:09:38.335+0000] {logging_mixin.py:188} INFO - [2026-01-16T16:09:38.335+0000] {dagbag.py:545} INFO - Filling up the DagBag from /opt/airflow/dags/main.py
[2026-01-16T16:09:38.340+0000] {logging_mixin.py:188} INFO - [2026-01-16T16:09:38.339+0000] {dagbag.py:355} ERROR - Failed to import: /opt/airflow/dags/main.py
Traceback (most recent call last):
  File "/home/airflow/.local/lib/python3.10/site-packages/airflow/models/dagbag.py", line 351, in parse
    loader.exec_module(new_module)
  File "<frozen importlib._bootstrap_external>", line 883, in exec_module
  File "<frozen importlib._bootstrap>", line 241, in _call_with_frames_removed
  File "/opt/airflow/dags/main.py", line 4, in <module>
    from ap.video_stats import get_playlist_id, get_video_ids, extract_video_data, save_to_json
ModuleNotFoundError: No module named 'ap'
[2026-01-16T16:09:38.340+0000] {processor.py:842} WARNING - No viable dags retrieved from /opt/airflow/dags/main.py
[2026-01-16T16:09:38.356+0000] {processor.py:183} INFO - Processing /opt/airflow/dags/main.py took 0.032 seconds
[2026-01-16T16:10:08.606+0000] {processor.py:161} INFO - Started process (PID=4891) to work on /opt/airflow/dags/main.py
[2026-01-16T16:10:08.607+0000] {processor.py:830} INFO - Processing file /opt/airflow/dags/main.py for tasks to queue
[2026-01-16T16:10:08.609+0000] {logging_mixin.py:188} INFO - [2026-01-16T16:10:08.608+0000] {dagbag.py:545} INFO - Filling up the DagBag from /opt/airflow/dags/main.py
[2026-01-16T16:10:08.612+0000] {logging_mixin.py:188} INFO - [2026-01-16T16:10:08.612+0000] {dagbag.py:355} ERROR - Failed to import: /opt/airflow/dags/main.py
Traceback (most recent call last):
  File "/home/airflow/.local/lib/python3.10/site-packages/airflow/models/dagbag.py", line 351, in parse
    loader.exec_module(new_module)
  File "<frozen importlib._bootstrap_external>", line 883, in exec_module
  File "<frozen importlib._bootstrap>", line 241, in _call_with_frames_removed
  File "/opt/airflow/dags/main.py", line 4, in <module>
    from ap.video_stats import get_playlist_id, get_video_ids, extract_video_data, save_to_json
ModuleNotFoundError: No module named 'ap'
[2026-01-16T16:10:08.613+0000] {processor.py:842} WARNING - No viable dags retrieved from /opt/airflow/dags/main.py
[2026-01-16T16:10:08.628+0000] {processor.py:183} INFO - Processing /opt/airflow/dags/main.py took 0.029 seconds
[2026-01-16T16:10:38.897+0000] {processor.py:161} INFO - Started process (PID=4898) to work on /opt/airflow/dags/main.py
[2026-01-16T16:10:38.900+0000] {processor.py:830} INFO - Processing file /opt/airflow/dags/main.py for tasks to queue
[2026-01-16T16:10:38.902+0000] {logging_mixin.py:188} INFO - [2026-01-16T16:10:38.901+0000] {dagbag.py:545} INFO - Filling up the DagBag from /opt/airflow/dags/main.py
[2026-01-16T16:10:38.906+0000] {logging_mixin.py:188} INFO - [2026-01-16T16:10:38.905+0000] {dagbag.py:355} ERROR - Failed to import: /opt/airflow/dags/main.py
Traceback (most recent call last):
  File "/home/airflow/.local/lib/python3.10/site-packages/airflow/models/dagbag.py", line 351, in parse
    loader.exec_module(new_module)
  File "<frozen importlib._bootstrap_external>", line 883, in exec_module
  File "<frozen importlib._bootstrap>", line 241, in _call_with_frames_removed
  File "/opt/airflow/dags/main.py", line 4, in <module>
    from ap.video_stats import get_playlist_id, get_video_ids, extract_video_data, save_to_json
ModuleNotFoundError: No module named 'ap'
[2026-01-16T16:10:38.906+0000] {processor.py:842} WARNING - No viable dags retrieved from /opt/airflow/dags/main.py
[2026-01-16T16:10:38.923+0000] {processor.py:183} INFO - Processing /opt/airflow/dags/main.py took 0.034 seconds
[2026-01-16T16:11:09.172+0000] {processor.py:161} INFO - Started process (PID=4905) to work on /opt/airflow/dags/main.py
[2026-01-16T16:11:09.174+0000] {processor.py:830} INFO - Processing file /opt/airflow/dags/main.py for tasks to queue
[2026-01-16T16:11:09.175+0000] {logging_mixin.py:188} INFO - [2026-01-16T16:11:09.175+0000] {dagbag.py:545} INFO - Filling up the DagBag from /opt/airflow/dags/main.py
[2026-01-16T16:11:09.180+0000] {logging_mixin.py:188} INFO - [2026-01-16T16:11:09.179+0000] {dagbag.py:355} ERROR - Failed to import: /opt/airflow/dags/main.py
Traceback (most recent call last):
  File "/home/airflow/.local/lib/python3.10/site-packages/airflow/models/dagbag.py", line 351, in parse
    loader.exec_module(new_module)
  File "<frozen importlib._bootstrap_external>", line 883, in exec_module
  File "<frozen importlib._bootstrap>", line 241, in _call_with_frames_removed
  File "/opt/airflow/dags/main.py", line 4, in <module>
    from ap.video_stats import get_playlist_id, get_video_ids, extract_video_data, save_to_json
ModuleNotFoundError: No module named 'ap'
[2026-01-16T16:11:09.180+0000] {processor.py:842} WARNING - No viable dags retrieved from /opt/airflow/dags/main.py
[2026-01-16T16:11:09.195+0000] {processor.py:183} INFO - Processing /opt/airflow/dags/main.py took 0.030 seconds
[2026-01-16T16:11:39.437+0000] {processor.py:161} INFO - Started process (PID=4912) to work on /opt/airflow/dags/main.py
[2026-01-16T16:11:39.438+0000] {processor.py:830} INFO - Processing file /opt/airflow/dags/main.py for tasks to queue
[2026-01-16T16:11:39.441+0000] {logging_mixin.py:188} INFO - [2026-01-16T16:11:39.440+0000] {dagbag.py:545} INFO - Filling up the DagBag from /opt/airflow/dags/main.py
[2026-01-16T16:11:39.447+0000] {logging_mixin.py:188} INFO - [2026-01-16T16:11:39.446+0000] {dagbag.py:355} ERROR - Failed to import: /opt/airflow/dags/main.py
Traceback (most recent call last):
  File "/home/airflow/.local/lib/python3.10/site-packages/airflow/models/dagbag.py", line 351, in parse
    loader.exec_module(new_module)
  File "<frozen importlib._bootstrap_external>", line 883, in exec_module
  File "<frozen importlib._bootstrap>", line 241, in _call_with_frames_removed
  File "/opt/airflow/dags/main.py", line 4, in <module>
    from ap.video_stats import get_playlist_id, get_video_ids, extract_video_data, save_to_json
ModuleNotFoundError: No module named 'ap'
[2026-01-16T16:11:39.447+0000] {processor.py:842} WARNING - No viable dags retrieved from /opt/airflow/dags/main.py
[2026-01-16T16:11:39.470+0000] {processor.py:183} INFO - Processing /opt/airflow/dags/main.py took 0.042 seconds
[2026-01-16T16:12:09.726+0000] {processor.py:161} INFO - Started process (PID=4919) to work on /opt/airflow/dags/main.py
[2026-01-16T16:12:09.727+0000] {processor.py:830} INFO - Processing file /opt/airflow/dags/main.py for tasks to queue
[2026-01-16T16:12:09.728+0000] {logging_mixin.py:188} INFO - [2026-01-16T16:12:09.728+0000] {dagbag.py:545} INFO - Filling up the DagBag from /opt/airflow/dags/main.py
[2026-01-16T16:12:09.732+0000] {logging_mixin.py:188} INFO - [2026-01-16T16:12:09.731+0000] {dagbag.py:355} ERROR - Failed to import: /opt/airflow/dags/main.py
Traceback (most recent call last):
  File "/home/airflow/.local/lib/python3.10/site-packages/airflow/models/dagbag.py", line 351, in parse
    loader.exec_module(new_module)
  File "<frozen importlib._bootstrap_external>", line 883, in exec_module
  File "<frozen importlib._bootstrap>", line 241, in _call_with_frames_removed
  File "/opt/airflow/dags/main.py", line 4, in <module>
    from ap.video_stats import get_playlist_id, get_video_ids, extract_video_data, save_to_json
ModuleNotFoundError: No module named 'ap'
[2026-01-16T16:12:09.732+0000] {processor.py:842} WARNING - No viable dags retrieved from /opt/airflow/dags/main.py
[2026-01-16T16:12:09.749+0000] {processor.py:183} INFO - Processing /opt/airflow/dags/main.py took 0.030 seconds
[2026-01-16T16:12:39.998+0000] {processor.py:161} INFO - Started process (PID=4926) to work on /opt/airflow/dags/main.py
[2026-01-16T16:12:39.999+0000] {processor.py:830} INFO - Processing file /opt/airflow/dags/main.py for tasks to queue
[2026-01-16T16:12:40.001+0000] {logging_mixin.py:188} INFO - [2026-01-16T16:12:40.000+0000] {dagbag.py:545} INFO - Filling up the DagBag from /opt/airflow/dags/main.py
[2026-01-16T16:12:40.004+0000] {logging_mixin.py:188} INFO - [2026-01-16T16:12:40.004+0000] {dagbag.py:355} ERROR - Failed to import: /opt/airflow/dags/main.py
Traceback (most recent call last):
  File "/home/airflow/.local/lib/python3.10/site-packages/airflow/models/dagbag.py", line 351, in parse
    loader.exec_module(new_module)
  File "<frozen importlib._bootstrap_external>", line 883, in exec_module
  File "<frozen importlib._bootstrap>", line 241, in _call_with_frames_removed
  File "/opt/airflow/dags/main.py", line 4, in <module>
    from ap.video_stats import get_playlist_id, get_video_ids, extract_video_data, save_to_json
ModuleNotFoundError: No module named 'ap'
[2026-01-16T16:12:40.005+0000] {processor.py:842} WARNING - No viable dags retrieved from /opt/airflow/dags/main.py
[2026-01-16T16:12:40.019+0000] {processor.py:183} INFO - Processing /opt/airflow/dags/main.py took 0.027 seconds
[2026-01-16T16:13:10.292+0000] {processor.py:161} INFO - Started process (PID=4933) to work on /opt/airflow/dags/main.py
[2026-01-16T16:13:10.294+0000] {processor.py:830} INFO - Processing file /opt/airflow/dags/main.py for tasks to queue
[2026-01-16T16:13:10.295+0000] {logging_mixin.py:188} INFO - [2026-01-16T16:13:10.295+0000] {dagbag.py:545} INFO - Filling up the DagBag from /opt/airflow/dags/main.py
[2026-01-16T16:13:10.301+0000] {logging_mixin.py:188} INFO - [2026-01-16T16:13:10.299+0000] {dagbag.py:355} ERROR - Failed to import: /opt/airflow/dags/main.py
Traceback (most recent call last):
  File "/home/airflow/.local/lib/python3.10/site-packages/airflow/models/dagbag.py", line 351, in parse
    loader.exec_module(new_module)
  File "<frozen importlib._bootstrap_external>", line 883, in exec_module
  File "<frozen importlib._bootstrap>", line 241, in _call_with_frames_removed
  File "/opt/airflow/dags/main.py", line 4, in <module>
    from ap.video_stats import get_playlist_id, get_video_ids, extract_video_data, save_to_json
ModuleNotFoundError: No module named 'ap'
[2026-01-16T16:13:10.302+0000] {processor.py:842} WARNING - No viable dags retrieved from /opt/airflow/dags/main.py
[2026-01-16T16:13:10.319+0000] {processor.py:183} INFO - Processing /opt/airflow/dags/main.py took 0.031 seconds
[2026-01-16T16:13:40.602+0000] {processor.py:161} INFO - Started process (PID=4941) to work on /opt/airflow/dags/main.py
[2026-01-16T16:13:40.603+0000] {processor.py:830} INFO - Processing file /opt/airflow/dags/main.py for tasks to queue
[2026-01-16T16:13:40.606+0000] {logging_mixin.py:188} INFO - [2026-01-16T16:13:40.605+0000] {dagbag.py:545} INFO - Filling up the DagBag from /opt/airflow/dags/main.py
[2026-01-16T16:13:40.609+0000] {logging_mixin.py:188} INFO - [2026-01-16T16:13:40.609+0000] {dagbag.py:355} ERROR - Failed to import: /opt/airflow/dags/main.py
Traceback (most recent call last):
  File "/home/airflow/.local/lib/python3.10/site-packages/airflow/models/dagbag.py", line 351, in parse
    loader.exec_module(new_module)
  File "<frozen importlib._bootstrap_external>", line 883, in exec_module
  File "<frozen importlib._bootstrap>", line 241, in _call_with_frames_removed
  File "/opt/airflow/dags/main.py", line 4, in <module>
    from ap.video_stats import get_playlist_id, get_video_ids, extract_video_data, save_to_json
ModuleNotFoundError: No module named 'ap'
[2026-01-16T16:13:40.610+0000] {processor.py:842} WARNING - No viable dags retrieved from /opt/airflow/dags/main.py
[2026-01-16T16:13:40.624+0000] {processor.py:183} INFO - Processing /opt/airflow/dags/main.py took 0.028 seconds
[2026-01-16T16:14:10.881+0000] {processor.py:161} INFO - Started process (PID=4948) to work on /opt/airflow/dags/main.py
[2026-01-16T16:14:10.883+0000] {processor.py:830} INFO - Processing file /opt/airflow/dags/main.py for tasks to queue
[2026-01-16T16:14:10.886+0000] {logging_mixin.py:188} INFO - [2026-01-16T16:14:10.885+0000] {dagbag.py:545} INFO - Filling up the DagBag from /opt/airflow/dags/main.py
[2026-01-16T16:14:10.890+0000] {logging_mixin.py:188} INFO - [2026-01-16T16:14:10.889+0000] {dagbag.py:355} ERROR - Failed to import: /opt/airflow/dags/main.py
Traceback (most recent call last):
  File "/home/airflow/.local/lib/python3.10/site-packages/airflow/models/dagbag.py", line 351, in parse
    loader.exec_module(new_module)
  File "<frozen importlib._bootstrap_external>", line 883, in exec_module
  File "<frozen importlib._bootstrap>", line 241, in _call_with_frames_removed
  File "/opt/airflow/dags/main.py", line 4, in <module>
    from ap.video_stats import get_playlist_id, get_video_ids, extract_video_data, save_to_json
ModuleNotFoundError: No module named 'ap'
[2026-01-16T16:14:10.890+0000] {processor.py:842} WARNING - No viable dags retrieved from /opt/airflow/dags/main.py
[2026-01-16T16:14:10.905+0000] {processor.py:183} INFO - Processing /opt/airflow/dags/main.py took 0.030 seconds
[2026-01-16T16:14:41.198+0000] {processor.py:161} INFO - Started process (PID=4955) to work on /opt/airflow/dags/main.py
[2026-01-16T16:14:41.201+0000] {processor.py:830} INFO - Processing file /opt/airflow/dags/main.py for tasks to queue
[2026-01-16T16:14:41.202+0000] {logging_mixin.py:188} INFO - [2026-01-16T16:14:41.202+0000] {dagbag.py:545} INFO - Filling up the DagBag from /opt/airflow/dags/main.py
[2026-01-16T16:14:41.206+0000] {logging_mixin.py:188} INFO - [2026-01-16T16:14:41.205+0000] {dagbag.py:355} ERROR - Failed to import: /opt/airflow/dags/main.py
Traceback (most recent call last):
  File "/home/airflow/.local/lib/python3.10/site-packages/airflow/models/dagbag.py", line 351, in parse
    loader.exec_module(new_module)
  File "<frozen importlib._bootstrap_external>", line 883, in exec_module
  File "<frozen importlib._bootstrap>", line 241, in _call_with_frames_removed
  File "/opt/airflow/dags/main.py", line 4, in <module>
    from ap.video_stats import get_playlist_id, get_video_ids, extract_video_data, save_to_json
ModuleNotFoundError: No module named 'ap'
[2026-01-16T16:14:41.206+0000] {processor.py:842} WARNING - No viable dags retrieved from /opt/airflow/dags/main.py
[2026-01-16T16:14:41.219+0000] {processor.py:183} INFO - Processing /opt/airflow/dags/main.py took 0.027 seconds
[2026-01-16T16:15:11.590+0000] {processor.py:161} INFO - Started process (PID=4962) to work on /opt/airflow/dags/main.py
[2026-01-16T16:15:11.593+0000] {processor.py:830} INFO - Processing file /opt/airflow/dags/main.py for tasks to queue
[2026-01-16T16:15:11.594+0000] {logging_mixin.py:188} INFO - [2026-01-16T16:15:11.594+0000] {dagbag.py:545} INFO - Filling up the DagBag from /opt/airflow/dags/main.py
[2026-01-16T16:15:11.599+0000] {logging_mixin.py:188} INFO - [2026-01-16T16:15:11.598+0000] {dagbag.py:355} ERROR - Failed to import: /opt/airflow/dags/main.py
Traceback (most recent call last):
  File "/home/airflow/.local/lib/python3.10/site-packages/airflow/models/dagbag.py", line 351, in parse
    loader.exec_module(new_module)
  File "<frozen importlib._bootstrap_external>", line 883, in exec_module
  File "<frozen importlib._bootstrap>", line 241, in _call_with_frames_removed
  File "/opt/airflow/dags/main.py", line 4, in <module>
    from ap.video_stats import get_playlist_id, get_video_ids, extract_video_data, save_to_json
ModuleNotFoundError: No module named 'ap'
[2026-01-16T16:15:11.599+0000] {processor.py:842} WARNING - No viable dags retrieved from /opt/airflow/dags/main.py
[2026-01-16T16:15:11.614+0000] {processor.py:183} INFO - Processing /opt/airflow/dags/main.py took 0.032 seconds
[2026-01-16T16:15:41.951+0000] {processor.py:161} INFO - Started process (PID=4969) to work on /opt/airflow/dags/main.py
[2026-01-16T16:15:41.953+0000] {processor.py:830} INFO - Processing file /opt/airflow/dags/main.py for tasks to queue
[2026-01-16T16:15:41.954+0000] {logging_mixin.py:188} INFO - [2026-01-16T16:15:41.954+0000] {dagbag.py:545} INFO - Filling up the DagBag from /opt/airflow/dags/main.py
[2026-01-16T16:15:41.959+0000] {logging_mixin.py:188} INFO - [2026-01-16T16:15:41.958+0000] {dagbag.py:355} ERROR - Failed to import: /opt/airflow/dags/main.py
Traceback (most recent call last):
  File "/home/airflow/.local/lib/python3.10/site-packages/airflow/models/dagbag.py", line 351, in parse
    loader.exec_module(new_module)
  File "<frozen importlib._bootstrap_external>", line 883, in exec_module
  File "<frozen importlib._bootstrap>", line 241, in _call_with_frames_removed
  File "/opt/airflow/dags/main.py", line 4, in <module>
    from ap.video_stats import get_playlist_id, get_video_ids, extract_video_data, save_to_json
ModuleNotFoundError: No module named 'ap'
[2026-01-16T16:15:41.959+0000] {processor.py:842} WARNING - No viable dags retrieved from /opt/airflow/dags/main.py
[2026-01-16T16:15:41.976+0000] {processor.py:183} INFO - Processing /opt/airflow/dags/main.py took 0.033 seconds
[2026-01-16T16:16:12.379+0000] {processor.py:161} INFO - Started process (PID=4976) to work on /opt/airflow/dags/main.py
[2026-01-16T16:16:12.382+0000] {processor.py:830} INFO - Processing file /opt/airflow/dags/main.py for tasks to queue
[2026-01-16T16:16:12.386+0000] {logging_mixin.py:188} INFO - [2026-01-16T16:16:12.386+0000] {dagbag.py:545} INFO - Filling up the DagBag from /opt/airflow/dags/main.py
[2026-01-16T16:16:12.393+0000] {logging_mixin.py:188} INFO - [2026-01-16T16:16:12.392+0000] {dagbag.py:355} ERROR - Failed to import: /opt/airflow/dags/main.py
Traceback (most recent call last):
  File "/home/airflow/.local/lib/python3.10/site-packages/airflow/models/dagbag.py", line 351, in parse
    loader.exec_module(new_module)
  File "<frozen importlib._bootstrap_external>", line 883, in exec_module
  File "<frozen importlib._bootstrap>", line 241, in _call_with_frames_removed
  File "/opt/airflow/dags/main.py", line 4, in <module>
    from ap.video_stats import get_playlist_id, get_video_ids, extract_video_data, save_to_json
ModuleNotFoundError: No module named 'ap'
[2026-01-16T16:16:12.393+0000] {processor.py:842} WARNING - No viable dags retrieved from /opt/airflow/dags/main.py
[2026-01-16T16:16:12.418+0000] {processor.py:183} INFO - Processing /opt/airflow/dags/main.py took 0.051 seconds
[2026-01-16T16:16:42.713+0000] {processor.py:161} INFO - Started process (PID=4983) to work on /opt/airflow/dags/main.py
[2026-01-16T16:16:42.716+0000] {processor.py:830} INFO - Processing file /opt/airflow/dags/main.py for tasks to queue
[2026-01-16T16:16:42.720+0000] {logging_mixin.py:188} INFO - [2026-01-16T16:16:42.720+0000] {dagbag.py:545} INFO - Filling up the DagBag from /opt/airflow/dags/main.py
[2026-01-16T16:16:42.727+0000] {logging_mixin.py:188} INFO - [2026-01-16T16:16:42.726+0000] {dagbag.py:355} ERROR - Failed to import: /opt/airflow/dags/main.py
Traceback (most recent call last):
  File "/home/airflow/.local/lib/python3.10/site-packages/airflow/models/dagbag.py", line 351, in parse
    loader.exec_module(new_module)
  File "<frozen importlib._bootstrap_external>", line 883, in exec_module
  File "<frozen importlib._bootstrap>", line 241, in _call_with_frames_removed
  File "/opt/airflow/dags/main.py", line 4, in <module>
    from ap.video_stats import get_playlist_id, get_video_ids, extract_video_data, save_to_json
ModuleNotFoundError: No module named 'ap'
[2026-01-16T16:16:42.728+0000] {processor.py:842} WARNING - No viable dags retrieved from /opt/airflow/dags/main.py
[2026-01-16T16:16:42.750+0000] {processor.py:183} INFO - Processing /opt/airflow/dags/main.py took 0.047 seconds
[2026-01-16T16:17:12.994+0000] {processor.py:161} INFO - Started process (PID=4990) to work on /opt/airflow/dags/main.py
[2026-01-16T16:17:12.996+0000] {processor.py:830} INFO - Processing file /opt/airflow/dags/main.py for tasks to queue
[2026-01-16T16:17:12.998+0000] {logging_mixin.py:188} INFO - [2026-01-16T16:17:12.997+0000] {dagbag.py:545} INFO - Filling up the DagBag from /opt/airflow/dags/main.py
[2026-01-16T16:17:13.001+0000] {logging_mixin.py:188} INFO - [2026-01-16T16:17:13.001+0000] {dagbag.py:355} ERROR - Failed to import: /opt/airflow/dags/main.py
Traceback (most recent call last):
  File "/home/airflow/.local/lib/python3.10/site-packages/airflow/models/dagbag.py", line 351, in parse
    loader.exec_module(new_module)
  File "<frozen importlib._bootstrap_external>", line 883, in exec_module
  File "<frozen importlib._bootstrap>", line 241, in _call_with_frames_removed
  File "/opt/airflow/dags/main.py", line 4, in <module>
    from ap.video_stats import get_playlist_id, get_video_ids, extract_video_data, save_to_json
ModuleNotFoundError: No module named 'ap'
[2026-01-16T16:17:13.002+0000] {processor.py:842} WARNING - No viable dags retrieved from /opt/airflow/dags/main.py
[2026-01-16T16:17:13.016+0000] {processor.py:183} INFO - Processing /opt/airflow/dags/main.py took 0.030 seconds
[2026-01-16T16:17:43.298+0000] {processor.py:161} INFO - Started process (PID=4997) to work on /opt/airflow/dags/main.py
[2026-01-16T16:17:43.300+0000] {processor.py:830} INFO - Processing file /opt/airflow/dags/main.py for tasks to queue
[2026-01-16T16:17:43.303+0000] {logging_mixin.py:188} INFO - [2026-01-16T16:17:43.302+0000] {dagbag.py:545} INFO - Filling up the DagBag from /opt/airflow/dags/main.py
[2026-01-16T16:17:43.307+0000] {logging_mixin.py:188} INFO - [2026-01-16T16:17:43.306+0000] {dagbag.py:355} ERROR - Failed to import: /opt/airflow/dags/main.py
Traceback (most recent call last):
  File "/home/airflow/.local/lib/python3.10/site-packages/airflow/models/dagbag.py", line 351, in parse
    loader.exec_module(new_module)
  File "<frozen importlib._bootstrap_external>", line 883, in exec_module
  File "<frozen importlib._bootstrap>", line 241, in _call_with_frames_removed
  File "/opt/airflow/dags/main.py", line 4, in <module>
    from ap.video_stats import get_playlist_id, get_video_ids, extract_video_data, save_to_json
ModuleNotFoundError: No module named 'ap'
[2026-01-16T16:17:43.307+0000] {processor.py:842} WARNING - No viable dags retrieved from /opt/airflow/dags/main.py
[2026-01-16T16:17:43.325+0000] {processor.py:183} INFO - Processing /opt/airflow/dags/main.py took 0.035 seconds
[2026-01-16T16:18:13.615+0000] {processor.py:161} INFO - Started process (PID=5004) to work on /opt/airflow/dags/main.py
[2026-01-16T16:18:13.617+0000] {processor.py:830} INFO - Processing file /opt/airflow/dags/main.py for tasks to queue
[2026-01-16T16:18:13.620+0000] {logging_mixin.py:188} INFO - [2026-01-16T16:18:13.620+0000] {dagbag.py:545} INFO - Filling up the DagBag from /opt/airflow/dags/main.py
[2026-01-16T16:18:13.624+0000] {logging_mixin.py:188} INFO - [2026-01-16T16:18:13.624+0000] {dagbag.py:355} ERROR - Failed to import: /opt/airflow/dags/main.py
Traceback (most recent call last):
  File "/home/airflow/.local/lib/python3.10/site-packages/airflow/models/dagbag.py", line 351, in parse
    loader.exec_module(new_module)
  File "<frozen importlib._bootstrap_external>", line 883, in exec_module
  File "<frozen importlib._bootstrap>", line 241, in _call_with_frames_removed
  File "/opt/airflow/dags/main.py", line 4, in <module>
    from ap.video_stats import get_playlist_id, get_video_ids, extract_video_data, save_to_json
ModuleNotFoundError: No module named 'ap'
[2026-01-16T16:18:13.625+0000] {processor.py:842} WARNING - No viable dags retrieved from /opt/airflow/dags/main.py
[2026-01-16T16:18:13.640+0000] {processor.py:183} INFO - Processing /opt/airflow/dags/main.py took 0.032 seconds
[2026-01-16T16:18:43.924+0000] {processor.py:161} INFO - Started process (PID=5011) to work on /opt/airflow/dags/main.py
[2026-01-16T16:18:43.927+0000] {processor.py:830} INFO - Processing file /opt/airflow/dags/main.py for tasks to queue
[2026-01-16T16:18:43.929+0000] {logging_mixin.py:188} INFO - [2026-01-16T16:18:43.928+0000] {dagbag.py:545} INFO - Filling up the DagBag from /opt/airflow/dags/main.py
[2026-01-16T16:18:43.933+0000] {logging_mixin.py:188} INFO - [2026-01-16T16:18:43.932+0000] {dagbag.py:355} ERROR - Failed to import: /opt/airflow/dags/main.py
Traceback (most recent call last):
  File "/home/airflow/.local/lib/python3.10/site-packages/airflow/models/dagbag.py", line 351, in parse
    loader.exec_module(new_module)
  File "<frozen importlib._bootstrap_external>", line 883, in exec_module
  File "<frozen importlib._bootstrap>", line 241, in _call_with_frames_removed
  File "/opt/airflow/dags/main.py", line 4, in <module>
    from ap.video_stats import get_playlist_id, get_video_ids, extract_video_data, save_to_json
ModuleNotFoundError: No module named 'ap'
[2026-01-16T16:18:43.933+0000] {processor.py:842} WARNING - No viable dags retrieved from /opt/airflow/dags/main.py
[2026-01-16T16:18:43.947+0000] {processor.py:183} INFO - Processing /opt/airflow/dags/main.py took 0.030 seconds
[2026-01-16T16:18:55.060+0000] {processor.py:161} INFO - Started process (PID=5012) to work on /opt/airflow/dags/main.py
[2026-01-16T16:18:55.063+0000] {processor.py:830} INFO - Processing file /opt/airflow/dags/main.py for tasks to queue
[2026-01-16T16:18:55.064+0000] {logging_mixin.py:188} INFO - [2026-01-16T16:18:55.064+0000] {dagbag.py:545} INFO - Filling up the DagBag from /opt/airflow/dags/main.py
[2026-01-16T16:18:55.069+0000] {logging_mixin.py:188} INFO - [2026-01-16T16:18:55.068+0000] {dagbag.py:355} ERROR - Failed to import: /opt/airflow/dags/main.py
Traceback (most recent call last):
  File "/home/airflow/.local/lib/python3.10/site-packages/airflow/models/dagbag.py", line 351, in parse
    loader.exec_module(new_module)
  File "<frozen importlib._bootstrap_external>", line 879, in exec_module
  File "<frozen importlib._bootstrap_external>", line 1017, in get_code
  File "<frozen importlib._bootstrap_external>", line 947, in source_to_code
  File "<frozen importlib._bootstrap>", line 241, in _call_with_frames_removed
  File "/opt/airflow/dags/main.py", line 23
    with DAG(
IndentationError: unexpected indent
[2026-01-16T16:18:55.069+0000] {processor.py:842} WARNING - No viable dags retrieved from /opt/airflow/dags/main.py
[2026-01-16T16:18:55.083+0000] {processor.py:183} INFO - Processing /opt/airflow/dags/main.py took 0.029 seconds
[2026-01-16T16:19:25.369+0000] {processor.py:161} INFO - Started process (PID=5019) to work on /opt/airflow/dags/main.py
[2026-01-16T16:19:25.374+0000] {processor.py:830} INFO - Processing file /opt/airflow/dags/main.py for tasks to queue
[2026-01-16T16:19:25.377+0000] {logging_mixin.py:188} INFO - [2026-01-16T16:19:25.377+0000] {dagbag.py:545} INFO - Filling up the DagBag from /opt/airflow/dags/main.py
[2026-01-16T16:19:25.384+0000] {logging_mixin.py:188} INFO - [2026-01-16T16:19:25.383+0000] {dagbag.py:355} ERROR - Failed to import: /opt/airflow/dags/main.py
Traceback (most recent call last):
  File "/home/airflow/.local/lib/python3.10/site-packages/airflow/models/dagbag.py", line 351, in parse
    loader.exec_module(new_module)
  File "<frozen importlib._bootstrap_external>", line 879, in exec_module
  File "<frozen importlib._bootstrap_external>", line 1017, in get_code
  File "<frozen importlib._bootstrap_external>", line 947, in source_to_code
  File "<frozen importlib._bootstrap>", line 241, in _call_with_frames_removed
  File "/opt/airflow/dags/main.py", line 23
    with DAG(
IndentationError: unexpected indent
[2026-01-16T16:19:25.384+0000] {processor.py:842} WARNING - No viable dags retrieved from /opt/airflow/dags/main.py
[2026-01-16T16:19:25.411+0000] {processor.py:183} INFO - Processing /opt/airflow/dags/main.py took 0.057 seconds
[2026-01-16T16:19:55.675+0000] {processor.py:161} INFO - Started process (PID=5026) to work on /opt/airflow/dags/main.py
[2026-01-16T16:19:55.677+0000] {processor.py:830} INFO - Processing file /opt/airflow/dags/main.py for tasks to queue
[2026-01-16T16:19:55.679+0000] {logging_mixin.py:188} INFO - [2026-01-16T16:19:55.679+0000] {dagbag.py:545} INFO - Filling up the DagBag from /opt/airflow/dags/main.py
[2026-01-16T16:19:55.683+0000] {logging_mixin.py:188} INFO - [2026-01-16T16:19:55.682+0000] {dagbag.py:355} ERROR - Failed to import: /opt/airflow/dags/main.py
Traceback (most recent call last):
  File "/home/airflow/.local/lib/python3.10/site-packages/airflow/models/dagbag.py", line 351, in parse
    loader.exec_module(new_module)
  File "<frozen importlib._bootstrap_external>", line 879, in exec_module
  File "<frozen importlib._bootstrap_external>", line 1017, in get_code
  File "<frozen importlib._bootstrap_external>", line 947, in source_to_code
  File "<frozen importlib._bootstrap>", line 241, in _call_with_frames_removed
  File "/opt/airflow/dags/main.py", line 23
    with DAG(
IndentationError: unexpected indent
[2026-01-16T16:19:55.683+0000] {processor.py:842} WARNING - No viable dags retrieved from /opt/airflow/dags/main.py
[2026-01-16T16:19:55.698+0000] {processor.py:183} INFO - Processing /opt/airflow/dags/main.py took 0.029 seconds
[2026-01-16T16:20:26.001+0000] {processor.py:161} INFO - Started process (PID=5033) to work on /opt/airflow/dags/main.py
[2026-01-16T16:20:26.003+0000] {processor.py:830} INFO - Processing file /opt/airflow/dags/main.py for tasks to queue
[2026-01-16T16:20:26.006+0000] {logging_mixin.py:188} INFO - [2026-01-16T16:20:26.006+0000] {dagbag.py:545} INFO - Filling up the DagBag from /opt/airflow/dags/main.py
[2026-01-16T16:20:26.011+0000] {logging_mixin.py:188} INFO - [2026-01-16T16:20:26.011+0000] {dagbag.py:355} ERROR - Failed to import: /opt/airflow/dags/main.py
Traceback (most recent call last):
  File "/home/airflow/.local/lib/python3.10/site-packages/airflow/models/dagbag.py", line 351, in parse
    loader.exec_module(new_module)
  File "<frozen importlib._bootstrap_external>", line 879, in exec_module
  File "<frozen importlib._bootstrap_external>", line 1017, in get_code
  File "<frozen importlib._bootstrap_external>", line 947, in source_to_code
  File "<frozen importlib._bootstrap>", line 241, in _call_with_frames_removed
  File "/opt/airflow/dags/main.py", line 23
    with DAG(
IndentationError: unexpected indent
[2026-01-16T16:20:26.012+0000] {processor.py:842} WARNING - No viable dags retrieved from /opt/airflow/dags/main.py
[2026-01-16T16:20:26.032+0000] {processor.py:183} INFO - Processing /opt/airflow/dags/main.py took 0.042 seconds
[2026-01-16T16:20:56.276+0000] {processor.py:161} INFO - Started process (PID=5040) to work on /opt/airflow/dags/main.py
[2026-01-16T16:20:56.278+0000] {processor.py:830} INFO - Processing file /opt/airflow/dags/main.py for tasks to queue
[2026-01-16T16:20:56.280+0000] {logging_mixin.py:188} INFO - [2026-01-16T16:20:56.280+0000] {dagbag.py:545} INFO - Filling up the DagBag from /opt/airflow/dags/main.py
[2026-01-16T16:20:56.284+0000] {logging_mixin.py:188} INFO - [2026-01-16T16:20:56.284+0000] {dagbag.py:355} ERROR - Failed to import: /opt/airflow/dags/main.py
Traceback (most recent call last):
  File "/home/airflow/.local/lib/python3.10/site-packages/airflow/models/dagbag.py", line 351, in parse
    loader.exec_module(new_module)
  File "<frozen importlib._bootstrap_external>", line 879, in exec_module
  File "<frozen importlib._bootstrap_external>", line 1017, in get_code
  File "<frozen importlib._bootstrap_external>", line 947, in source_to_code
  File "<frozen importlib._bootstrap>", line 241, in _call_with_frames_removed
  File "/opt/airflow/dags/main.py", line 23
    with DAG(
IndentationError: unexpected indent
[2026-01-16T16:20:56.285+0000] {processor.py:842} WARNING - No viable dags retrieved from /opt/airflow/dags/main.py
[2026-01-16T16:20:56.303+0000] {processor.py:183} INFO - Processing /opt/airflow/dags/main.py took 0.034 seconds
[2026-01-16T16:21:26.578+0000] {processor.py:161} INFO - Started process (PID=5047) to work on /opt/airflow/dags/main.py
[2026-01-16T16:21:26.581+0000] {processor.py:830} INFO - Processing file /opt/airflow/dags/main.py for tasks to queue
[2026-01-16T16:21:26.583+0000] {logging_mixin.py:188} INFO - [2026-01-16T16:21:26.582+0000] {dagbag.py:545} INFO - Filling up the DagBag from /opt/airflow/dags/main.py
[2026-01-16T16:21:26.586+0000] {logging_mixin.py:188} INFO - [2026-01-16T16:21:26.586+0000] {dagbag.py:355} ERROR - Failed to import: /opt/airflow/dags/main.py
Traceback (most recent call last):
  File "/home/airflow/.local/lib/python3.10/site-packages/airflow/models/dagbag.py", line 351, in parse
    loader.exec_module(new_module)
  File "<frozen importlib._bootstrap_external>", line 879, in exec_module
  File "<frozen importlib._bootstrap_external>", line 1017, in get_code
  File "<frozen importlib._bootstrap_external>", line 947, in source_to_code
  File "<frozen importlib._bootstrap>", line 241, in _call_with_frames_removed
  File "/opt/airflow/dags/main.py", line 23
    with DAG(
IndentationError: unexpected indent
[2026-01-16T16:21:26.587+0000] {processor.py:842} WARNING - No viable dags retrieved from /opt/airflow/dags/main.py
[2026-01-16T16:21:26.603+0000] {processor.py:183} INFO - Processing /opt/airflow/dags/main.py took 0.032 seconds
[2026-01-16T16:21:39.719+0000] {processor.py:161} INFO - Started process (PID=5054) to work on /opt/airflow/dags/main.py
[2026-01-16T16:21:39.721+0000] {processor.py:830} INFO - Processing file /opt/airflow/dags/main.py for tasks to queue
[2026-01-16T16:21:39.723+0000] {logging_mixin.py:188} INFO - [2026-01-16T16:21:39.723+0000] {dagbag.py:545} INFO - Filling up the DagBag from /opt/airflow/dags/main.py
[2026-01-16T16:21:39.728+0000] {logging_mixin.py:188} INFO - [2026-01-16T16:21:39.727+0000] {dagbag.py:355} ERROR - Failed to import: /opt/airflow/dags/main.py
Traceback (most recent call last):
  File "/home/airflow/.local/lib/python3.10/site-packages/airflow/models/dagbag.py", line 351, in parse
    loader.exec_module(new_module)
  File "<frozen importlib._bootstrap_external>", line 879, in exec_module
  File "<frozen importlib._bootstrap_external>", line 1017, in get_code
  File "<frozen importlib._bootstrap_external>", line 947, in source_to_code
  File "<frozen importlib._bootstrap>", line 241, in _call_with_frames_removed
  File "/opt/airflow/dags/main.py", line 23
    with DAG(
IndentationError: unexpected indent
[2026-01-16T16:21:39.728+0000] {processor.py:842} WARNING - No viable dags retrieved from /opt/airflow/dags/main.py
[2026-01-16T16:21:39.746+0000] {processor.py:183} INFO - Processing /opt/airflow/dags/main.py took 0.036 seconds
[2026-01-16T16:22:09.999+0000] {processor.py:161} INFO - Started process (PID=5061) to work on /opt/airflow/dags/main.py
[2026-01-16T16:22:10.003+0000] {processor.py:830} INFO - Processing file /opt/airflow/dags/main.py for tasks to queue
[2026-01-16T16:22:10.006+0000] {logging_mixin.py:188} INFO - [2026-01-16T16:22:10.005+0000] {dagbag.py:545} INFO - Filling up the DagBag from /opt/airflow/dags/main.py
[2026-01-16T16:22:10.010+0000] {logging_mixin.py:188} INFO - [2026-01-16T16:22:10.010+0000] {dagbag.py:355} ERROR - Failed to import: /opt/airflow/dags/main.py
Traceback (most recent call last):
  File "/home/airflow/.local/lib/python3.10/site-packages/airflow/models/dagbag.py", line 351, in parse
    loader.exec_module(new_module)
  File "<frozen importlib._bootstrap_external>", line 879, in exec_module
  File "<frozen importlib._bootstrap_external>", line 1017, in get_code
  File "<frozen importlib._bootstrap_external>", line 947, in source_to_code
  File "<frozen importlib._bootstrap>", line 241, in _call_with_frames_removed
  File "/opt/airflow/dags/main.py", line 23
    with DAG(
IndentationError: unexpected indent
[2026-01-16T16:22:10.011+0000] {processor.py:842} WARNING - No viable dags retrieved from /opt/airflow/dags/main.py
[2026-01-16T16:22:10.028+0000] {processor.py:183} INFO - Processing /opt/airflow/dags/main.py took 0.039 seconds
[2026-01-16T16:22:11.024+0000] {processor.py:161} INFO - Started process (PID=5062) to work on /opt/airflow/dags/main.py
[2026-01-16T16:22:11.025+0000] {processor.py:830} INFO - Processing file /opt/airflow/dags/main.py for tasks to queue
[2026-01-16T16:22:11.027+0000] {logging_mixin.py:188} INFO - [2026-01-16T16:22:11.027+0000] {dagbag.py:545} INFO - Filling up the DagBag from /opt/airflow/dags/main.py
[2026-01-16T16:22:11.031+0000] {logging_mixin.py:188} INFO - [2026-01-16T16:22:11.031+0000] {dagbag.py:355} ERROR - Failed to import: /opt/airflow/dags/main.py
Traceback (most recent call last):
  File "/home/airflow/.local/lib/python3.10/site-packages/airflow/models/dagbag.py", line 351, in parse
    loader.exec_module(new_module)
  File "<frozen importlib._bootstrap_external>", line 879, in exec_module
  File "<frozen importlib._bootstrap_external>", line 1017, in get_code
  File "<frozen importlib._bootstrap_external>", line 947, in source_to_code
  File "<frozen importlib._bootstrap>", line 241, in _call_with_frames_removed
  File "/opt/airflow/dags/main.py", line 23
    with DAG(
IndentationError: unexpected indent
[2026-01-16T16:22:11.031+0000] {processor.py:842} WARNING - No viable dags retrieved from /opt/airflow/dags/main.py
[2026-01-16T16:22:11.048+0000] {processor.py:183} INFO - Processing /opt/airflow/dags/main.py took 0.031 seconds
[2026-01-16T16:22:27.228+0000] {processor.py:161} INFO - Started process (PID=5063) to work on /opt/airflow/dags/main.py
[2026-01-16T16:22:27.232+0000] {processor.py:830} INFO - Processing file /opt/airflow/dags/main.py for tasks to queue
[2026-01-16T16:22:27.234+0000] {logging_mixin.py:188} INFO - [2026-01-16T16:22:27.234+0000] {dagbag.py:545} INFO - Filling up the DagBag from /opt/airflow/dags/main.py
[2026-01-16T16:22:27.240+0000] {logging_mixin.py:188} INFO - [2026-01-16T16:22:27.239+0000] {dagbag.py:355} ERROR - Failed to import: /opt/airflow/dags/main.py
Traceback (most recent call last):
  File "/home/airflow/.local/lib/python3.10/site-packages/airflow/models/dagbag.py", line 351, in parse
    loader.exec_module(new_module)
  File "<frozen importlib._bootstrap_external>", line 879, in exec_module
  File "<frozen importlib._bootstrap_external>", line 1017, in get_code
  File "<frozen importlib._bootstrap_external>", line 947, in source_to_code
  File "<frozen importlib._bootstrap>", line 241, in _call_with_frames_removed
  File "/opt/airflow/dags/main.py", line 23
    with DAG(
IndentationError: unexpected indent
[2026-01-16T16:22:27.240+0000] {processor.py:842} WARNING - No viable dags retrieved from /opt/airflow/dags/main.py
[2026-01-16T16:22:27.264+0000] {processor.py:183} INFO - Processing /opt/airflow/dags/main.py took 0.045 seconds
[2026-01-16T16:22:57.526+0000] {processor.py:161} INFO - Started process (PID=5070) to work on /opt/airflow/dags/main.py
[2026-01-16T16:22:57.528+0000] {processor.py:830} INFO - Processing file /opt/airflow/dags/main.py for tasks to queue
[2026-01-16T16:22:57.531+0000] {logging_mixin.py:188} INFO - [2026-01-16T16:22:57.530+0000] {dagbag.py:545} INFO - Filling up the DagBag from /opt/airflow/dags/main.py
[2026-01-16T16:22:57.537+0000] {logging_mixin.py:188} INFO - [2026-01-16T16:22:57.536+0000] {dagbag.py:355} ERROR - Failed to import: /opt/airflow/dags/main.py
Traceback (most recent call last):
  File "/home/airflow/.local/lib/python3.10/site-packages/airflow/models/dagbag.py", line 351, in parse
    loader.exec_module(new_module)
  File "<frozen importlib._bootstrap_external>", line 879, in exec_module
  File "<frozen importlib._bootstrap_external>", line 1017, in get_code
  File "<frozen importlib._bootstrap_external>", line 947, in source_to_code
  File "<frozen importlib._bootstrap>", line 241, in _call_with_frames_removed
  File "/opt/airflow/dags/main.py", line 23
    with DAG(
IndentationError: unexpected indent
[2026-01-16T16:22:57.537+0000] {processor.py:842} WARNING - No viable dags retrieved from /opt/airflow/dags/main.py
[2026-01-16T16:22:57.562+0000] {processor.py:183} INFO - Processing /opt/airflow/dags/main.py took 0.049 seconds
[2026-01-16T16:23:27.793+0000] {processor.py:161} INFO - Started process (PID=5077) to work on /opt/airflow/dags/main.py
[2026-01-16T16:23:27.795+0000] {processor.py:830} INFO - Processing file /opt/airflow/dags/main.py for tasks to queue
[2026-01-16T16:23:27.798+0000] {logging_mixin.py:188} INFO - [2026-01-16T16:23:27.798+0000] {dagbag.py:545} INFO - Filling up the DagBag from /opt/airflow/dags/main.py
[2026-01-16T16:23:27.802+0000] {logging_mixin.py:188} INFO - [2026-01-16T16:23:27.801+0000] {dagbag.py:355} ERROR - Failed to import: /opt/airflow/dags/main.py
Traceback (most recent call last):
  File "/home/airflow/.local/lib/python3.10/site-packages/airflow/models/dagbag.py", line 351, in parse
    loader.exec_module(new_module)
  File "<frozen importlib._bootstrap_external>", line 879, in exec_module
  File "<frozen importlib._bootstrap_external>", line 1017, in get_code
  File "<frozen importlib._bootstrap_external>", line 947, in source_to_code
  File "<frozen importlib._bootstrap>", line 241, in _call_with_frames_removed
  File "/opt/airflow/dags/main.py", line 23
    with DAG(
IndentationError: unexpected indent
[2026-01-16T16:23:27.802+0000] {processor.py:842} WARNING - No viable dags retrieved from /opt/airflow/dags/main.py
[2026-01-16T16:23:27.816+0000] {processor.py:183} INFO - Processing /opt/airflow/dags/main.py took 0.030 seconds
[2026-01-16T16:23:58.062+0000] {processor.py:161} INFO - Started process (PID=5084) to work on /opt/airflow/dags/main.py
[2026-01-16T16:23:58.063+0000] {processor.py:830} INFO - Processing file /opt/airflow/dags/main.py for tasks to queue
[2026-01-16T16:23:58.065+0000] {logging_mixin.py:188} INFO - [2026-01-16T16:23:58.065+0000] {dagbag.py:545} INFO - Filling up the DagBag from /opt/airflow/dags/main.py
[2026-01-16T16:23:58.068+0000] {logging_mixin.py:188} INFO - [2026-01-16T16:23:58.068+0000] {dagbag.py:355} ERROR - Failed to import: /opt/airflow/dags/main.py
Traceback (most recent call last):
  File "/home/airflow/.local/lib/python3.10/site-packages/airflow/models/dagbag.py", line 351, in parse
    loader.exec_module(new_module)
  File "<frozen importlib._bootstrap_external>", line 879, in exec_module
  File "<frozen importlib._bootstrap_external>", line 1017, in get_code
  File "<frozen importlib._bootstrap_external>", line 947, in source_to_code
  File "<frozen importlib._bootstrap>", line 241, in _call_with_frames_removed
  File "/opt/airflow/dags/main.py", line 23
    with DAG(
IndentationError: unexpected indent
[2026-01-16T16:23:58.068+0000] {processor.py:842} WARNING - No viable dags retrieved from /opt/airflow/dags/main.py
[2026-01-16T16:23:58.081+0000] {processor.py:183} INFO - Processing /opt/airflow/dags/main.py took 0.025 seconds
[2026-01-16T16:24:28.375+0000] {processor.py:161} INFO - Started process (PID=5091) to work on /opt/airflow/dags/main.py
[2026-01-16T16:24:28.378+0000] {processor.py:830} INFO - Processing file /opt/airflow/dags/main.py for tasks to queue
[2026-01-16T16:24:28.379+0000] {logging_mixin.py:188} INFO - [2026-01-16T16:24:28.379+0000] {dagbag.py:545} INFO - Filling up the DagBag from /opt/airflow/dags/main.py
[2026-01-16T16:24:28.383+0000] {logging_mixin.py:188} INFO - [2026-01-16T16:24:28.382+0000] {dagbag.py:355} ERROR - Failed to import: /opt/airflow/dags/main.py
Traceback (most recent call last):
  File "/home/airflow/.local/lib/python3.10/site-packages/airflow/models/dagbag.py", line 351, in parse
    loader.exec_module(new_module)
  File "<frozen importlib._bootstrap_external>", line 879, in exec_module
  File "<frozen importlib._bootstrap_external>", line 1017, in get_code
  File "<frozen importlib._bootstrap_external>", line 947, in source_to_code
  File "<frozen importlib._bootstrap>", line 241, in _call_with_frames_removed
  File "/opt/airflow/dags/main.py", line 23
    with DAG(
IndentationError: unexpected indent
[2026-01-16T16:24:28.383+0000] {processor.py:842} WARNING - No viable dags retrieved from /opt/airflow/dags/main.py
[2026-01-16T16:24:28.398+0000] {processor.py:183} INFO - Processing /opt/airflow/dags/main.py took 0.031 seconds
[2026-01-16T16:24:58.690+0000] {processor.py:161} INFO - Started process (PID=5098) to work on /opt/airflow/dags/main.py
[2026-01-16T16:24:58.692+0000] {processor.py:830} INFO - Processing file /opt/airflow/dags/main.py for tasks to queue
[2026-01-16T16:24:58.694+0000] {logging_mixin.py:188} INFO - [2026-01-16T16:24:58.693+0000] {dagbag.py:545} INFO - Filling up the DagBag from /opt/airflow/dags/main.py
[2026-01-16T16:24:58.697+0000] {logging_mixin.py:188} INFO - [2026-01-16T16:24:58.697+0000] {dagbag.py:355} ERROR - Failed to import: /opt/airflow/dags/main.py
Traceback (most recent call last):
  File "/home/airflow/.local/lib/python3.10/site-packages/airflow/models/dagbag.py", line 351, in parse
    loader.exec_module(new_module)
  File "<frozen importlib._bootstrap_external>", line 879, in exec_module
  File "<frozen importlib._bootstrap_external>", line 1017, in get_code
  File "<frozen importlib._bootstrap_external>", line 947, in source_to_code
  File "<frozen importlib._bootstrap>", line 241, in _call_with_frames_removed
  File "/opt/airflow/dags/main.py", line 23
    with DAG(
IndentationError: unexpected indent
[2026-01-16T16:24:58.697+0000] {processor.py:842} WARNING - No viable dags retrieved from /opt/airflow/dags/main.py
[2026-01-16T16:24:58.712+0000] {processor.py:183} INFO - Processing /opt/airflow/dags/main.py took 0.030 seconds
[2026-01-16T16:25:28.999+0000] {processor.py:161} INFO - Started process (PID=5105) to work on /opt/airflow/dags/main.py
[2026-01-16T16:25:29.002+0000] {processor.py:830} INFO - Processing file /opt/airflow/dags/main.py for tasks to queue
[2026-01-16T16:25:29.003+0000] {logging_mixin.py:188} INFO - [2026-01-16T16:25:29.003+0000] {dagbag.py:545} INFO - Filling up the DagBag from /opt/airflow/dags/main.py
[2026-01-16T16:25:29.007+0000] {logging_mixin.py:188} INFO - [2026-01-16T16:25:29.006+0000] {dagbag.py:355} ERROR - Failed to import: /opt/airflow/dags/main.py
Traceback (most recent call last):
  File "/home/airflow/.local/lib/python3.10/site-packages/airflow/models/dagbag.py", line 351, in parse
    loader.exec_module(new_module)
  File "<frozen importlib._bootstrap_external>", line 879, in exec_module
  File "<frozen importlib._bootstrap_external>", line 1017, in get_code
  File "<frozen importlib._bootstrap_external>", line 947, in source_to_code
  File "<frozen importlib._bootstrap>", line 241, in _call_with_frames_removed
  File "/opt/airflow/dags/main.py", line 23
    with DAG(
IndentationError: unexpected indent
[2026-01-16T16:25:29.007+0000] {processor.py:842} WARNING - No viable dags retrieved from /opt/airflow/dags/main.py
[2026-01-16T16:25:29.025+0000] {processor.py:183} INFO - Processing /opt/airflow/dags/main.py took 0.034 seconds
[2026-01-16T16:25:59.335+0000] {processor.py:161} INFO - Started process (PID=5112) to work on /opt/airflow/dags/main.py
[2026-01-16T16:25:59.337+0000] {processor.py:830} INFO - Processing file /opt/airflow/dags/main.py for tasks to queue
[2026-01-16T16:25:59.339+0000] {logging_mixin.py:188} INFO - [2026-01-16T16:25:59.339+0000] {dagbag.py:545} INFO - Filling up the DagBag from /opt/airflow/dags/main.py
[2026-01-16T16:25:59.344+0000] {logging_mixin.py:188} INFO - [2026-01-16T16:25:59.344+0000] {dagbag.py:355} ERROR - Failed to import: /opt/airflow/dags/main.py
Traceback (most recent call last):
  File "/home/airflow/.local/lib/python3.10/site-packages/airflow/models/dagbag.py", line 351, in parse
    loader.exec_module(new_module)
  File "<frozen importlib._bootstrap_external>", line 879, in exec_module
  File "<frozen importlib._bootstrap_external>", line 1017, in get_code
  File "<frozen importlib._bootstrap_external>", line 947, in source_to_code
  File "<frozen importlib._bootstrap>", line 241, in _call_with_frames_removed
  File "/opt/airflow/dags/main.py", line 23
    with DAG(
IndentationError: unexpected indent
[2026-01-16T16:25:59.345+0000] {processor.py:842} WARNING - No viable dags retrieved from /opt/airflow/dags/main.py
[2026-01-16T16:25:59.364+0000] {processor.py:183} INFO - Processing /opt/airflow/dags/main.py took 0.039 seconds
[2026-01-16T16:26:29.673+0000] {processor.py:161} INFO - Started process (PID=5119) to work on /opt/airflow/dags/main.py
[2026-01-16T16:26:29.675+0000] {processor.py:830} INFO - Processing file /opt/airflow/dags/main.py for tasks to queue
[2026-01-16T16:26:29.677+0000] {logging_mixin.py:188} INFO - [2026-01-16T16:26:29.676+0000] {dagbag.py:545} INFO - Filling up the DagBag from /opt/airflow/dags/main.py
[2026-01-16T16:26:29.680+0000] {logging_mixin.py:188} INFO - [2026-01-16T16:26:29.680+0000] {dagbag.py:355} ERROR - Failed to import: /opt/airflow/dags/main.py
Traceback (most recent call last):
  File "/home/airflow/.local/lib/python3.10/site-packages/airflow/models/dagbag.py", line 351, in parse
    loader.exec_module(new_module)
  File "<frozen importlib._bootstrap_external>", line 879, in exec_module
  File "<frozen importlib._bootstrap_external>", line 1017, in get_code
  File "<frozen importlib._bootstrap_external>", line 947, in source_to_code
  File "<frozen importlib._bootstrap>", line 241, in _call_with_frames_removed
  File "/opt/airflow/dags/main.py", line 23
    with DAG(
IndentationError: unexpected indent
[2026-01-16T16:26:29.681+0000] {processor.py:842} WARNING - No viable dags retrieved from /opt/airflow/dags/main.py
[2026-01-16T16:26:29.699+0000] {processor.py:183} INFO - Processing /opt/airflow/dags/main.py took 0.034 seconds
[2026-01-16T16:26:59.975+0000] {processor.py:161} INFO - Started process (PID=5126) to work on /opt/airflow/dags/main.py
[2026-01-16T16:26:59.979+0000] {processor.py:830} INFO - Processing file /opt/airflow/dags/main.py for tasks to queue
[2026-01-16T16:26:59.981+0000] {logging_mixin.py:188} INFO - [2026-01-16T16:26:59.980+0000] {dagbag.py:545} INFO - Filling up the DagBag from /opt/airflow/dags/main.py
[2026-01-16T16:26:59.984+0000] {logging_mixin.py:188} INFO - [2026-01-16T16:26:59.984+0000] {dagbag.py:355} ERROR - Failed to import: /opt/airflow/dags/main.py
Traceback (most recent call last):
  File "/home/airflow/.local/lib/python3.10/site-packages/airflow/models/dagbag.py", line 351, in parse
    loader.exec_module(new_module)
  File "<frozen importlib._bootstrap_external>", line 879, in exec_module
  File "<frozen importlib._bootstrap_external>", line 1017, in get_code
  File "<frozen importlib._bootstrap_external>", line 947, in source_to_code
  File "<frozen importlib._bootstrap>", line 241, in _call_with_frames_removed
  File "/opt/airflow/dags/main.py", line 23
    with DAG(
IndentationError: unexpected indent
[2026-01-16T16:26:59.985+0000] {processor.py:842} WARNING - No viable dags retrieved from /opt/airflow/dags/main.py
[2026-01-16T16:27:00.001+0000] {processor.py:183} INFO - Processing /opt/airflow/dags/main.py took 0.033 seconds
[2026-01-16T16:27:16.155+0000] {processor.py:161} INFO - Started process (PID=5133) to work on /opt/airflow/dags/main.py
[2026-01-16T16:27:16.158+0000] {processor.py:830} INFO - Processing file /opt/airflow/dags/main.py for tasks to queue
[2026-01-16T16:27:16.162+0000] {logging_mixin.py:188} INFO - [2026-01-16T16:27:16.161+0000] {dagbag.py:545} INFO - Filling up the DagBag from /opt/airflow/dags/main.py
[2026-01-16T16:27:16.169+0000] {logging_mixin.py:188} INFO - [2026-01-16T16:27:16.168+0000] {dagbag.py:355} ERROR - Failed to import: /opt/airflow/dags/main.py
Traceback (most recent call last):
  File "/home/airflow/.local/lib/python3.10/site-packages/airflow/models/dagbag.py", line 351, in parse
    loader.exec_module(new_module)
  File "<frozen importlib._bootstrap_external>", line 879, in exec_module
  File "<frozen importlib._bootstrap_external>", line 1017, in get_code
  File "<frozen importlib._bootstrap_external>", line 947, in source_to_code
  File "<frozen importlib._bootstrap>", line 241, in _call_with_frames_removed
  File "/opt/airflow/dags/main.py", line 23
    with DAG(
IndentationError: unexpected indent
[2026-01-16T16:27:16.171+0000] {processor.py:842} WARNING - No viable dags retrieved from /opt/airflow/dags/main.py
[2026-01-16T16:27:16.192+0000] {processor.py:183} INFO - Processing /opt/airflow/dags/main.py took 0.048 seconds
[2026-01-16T16:27:46.442+0000] {processor.py:161} INFO - Started process (PID=5140) to work on /opt/airflow/dags/main.py
[2026-01-16T16:27:46.444+0000] {processor.py:830} INFO - Processing file /opt/airflow/dags/main.py for tasks to queue
[2026-01-16T16:27:46.446+0000] {logging_mixin.py:188} INFO - [2026-01-16T16:27:46.445+0000] {dagbag.py:545} INFO - Filling up the DagBag from /opt/airflow/dags/main.py
[2026-01-16T16:27:46.451+0000] {logging_mixin.py:188} INFO - [2026-01-16T16:27:46.450+0000] {dagbag.py:355} ERROR - Failed to import: /opt/airflow/dags/main.py
Traceback (most recent call last):
  File "/home/airflow/.local/lib/python3.10/site-packages/airflow/models/dagbag.py", line 351, in parse
    loader.exec_module(new_module)
  File "<frozen importlib._bootstrap_external>", line 879, in exec_module
  File "<frozen importlib._bootstrap_external>", line 1017, in get_code
  File "<frozen importlib._bootstrap_external>", line 947, in source_to_code
  File "<frozen importlib._bootstrap>", line 241, in _call_with_frames_removed
  File "/opt/airflow/dags/main.py", line 23
    with DAG(
IndentationError: unexpected indent
[2026-01-16T16:27:46.451+0000] {processor.py:842} WARNING - No viable dags retrieved from /opt/airflow/dags/main.py
[2026-01-16T16:27:46.469+0000] {processor.py:183} INFO - Processing /opt/airflow/dags/main.py took 0.035 seconds
[2026-01-16T16:28:16.747+0000] {processor.py:161} INFO - Started process (PID=5147) to work on /opt/airflow/dags/main.py
[2026-01-16T16:28:16.749+0000] {processor.py:830} INFO - Processing file /opt/airflow/dags/main.py for tasks to queue
[2026-01-16T16:28:16.751+0000] {logging_mixin.py:188} INFO - [2026-01-16T16:28:16.751+0000] {dagbag.py:545} INFO - Filling up the DagBag from /opt/airflow/dags/main.py
[2026-01-16T16:28:16.755+0000] {logging_mixin.py:188} INFO - [2026-01-16T16:28:16.755+0000] {dagbag.py:355} ERROR - Failed to import: /opt/airflow/dags/main.py
Traceback (most recent call last):
  File "/home/airflow/.local/lib/python3.10/site-packages/airflow/models/dagbag.py", line 351, in parse
    loader.exec_module(new_module)
  File "<frozen importlib._bootstrap_external>", line 879, in exec_module
  File "<frozen importlib._bootstrap_external>", line 1017, in get_code
  File "<frozen importlib._bootstrap_external>", line 947, in source_to_code
  File "<frozen importlib._bootstrap>", line 241, in _call_with_frames_removed
  File "/opt/airflow/dags/main.py", line 23
    with DAG(
IndentationError: unexpected indent
[2026-01-16T16:28:16.755+0000] {processor.py:842} WARNING - No viable dags retrieved from /opt/airflow/dags/main.py
[2026-01-16T16:28:16.772+0000] {processor.py:183} INFO - Processing /opt/airflow/dags/main.py took 0.033 seconds
[2026-01-16T16:28:47.072+0000] {processor.py:161} INFO - Started process (PID=5154) to work on /opt/airflow/dags/main.py
[2026-01-16T16:28:47.076+0000] {processor.py:830} INFO - Processing file /opt/airflow/dags/main.py for tasks to queue
[2026-01-16T16:28:47.079+0000] {logging_mixin.py:188} INFO - [2026-01-16T16:28:47.079+0000] {dagbag.py:545} INFO - Filling up the DagBag from /opt/airflow/dags/main.py
[2026-01-16T16:28:47.084+0000] {logging_mixin.py:188} INFO - [2026-01-16T16:28:47.083+0000] {dagbag.py:355} ERROR - Failed to import: /opt/airflow/dags/main.py
Traceback (most recent call last):
  File "/home/airflow/.local/lib/python3.10/site-packages/airflow/models/dagbag.py", line 351, in parse
    loader.exec_module(new_module)
  File "<frozen importlib._bootstrap_external>", line 879, in exec_module
  File "<frozen importlib._bootstrap_external>", line 1017, in get_code
  File "<frozen importlib._bootstrap_external>", line 947, in source_to_code
  File "<frozen importlib._bootstrap>", line 241, in _call_with_frames_removed
  File "/opt/airflow/dags/main.py", line 23
    with DAG(
IndentationError: unexpected indent
[2026-01-16T16:28:47.084+0000] {processor.py:842} WARNING - No viable dags retrieved from /opt/airflow/dags/main.py
[2026-01-16T16:28:47.103+0000] {processor.py:183} INFO - Processing /opt/airflow/dags/main.py took 0.042 seconds
[2026-01-16T16:29:17.410+0000] {processor.py:161} INFO - Started process (PID=5161) to work on /opt/airflow/dags/main.py
[2026-01-16T16:29:17.412+0000] {processor.py:830} INFO - Processing file /opt/airflow/dags/main.py for tasks to queue
[2026-01-16T16:29:17.414+0000] {logging_mixin.py:188} INFO - [2026-01-16T16:29:17.414+0000] {dagbag.py:545} INFO - Filling up the DagBag from /opt/airflow/dags/main.py
[2026-01-16T16:29:17.418+0000] {logging_mixin.py:188} INFO - [2026-01-16T16:29:17.417+0000] {dagbag.py:355} ERROR - Failed to import: /opt/airflow/dags/main.py
Traceback (most recent call last):
  File "/home/airflow/.local/lib/python3.10/site-packages/airflow/models/dagbag.py", line 351, in parse
    loader.exec_module(new_module)
  File "<frozen importlib._bootstrap_external>", line 879, in exec_module
  File "<frozen importlib._bootstrap_external>", line 1017, in get_code
  File "<frozen importlib._bootstrap_external>", line 947, in source_to_code
  File "<frozen importlib._bootstrap>", line 241, in _call_with_frames_removed
  File "/opt/airflow/dags/main.py", line 23
    with DAG(
IndentationError: unexpected indent
[2026-01-16T16:29:17.418+0000] {processor.py:842} WARNING - No viable dags retrieved from /opt/airflow/dags/main.py
[2026-01-16T16:29:17.435+0000] {processor.py:183} INFO - Processing /opt/airflow/dags/main.py took 0.033 seconds
[2026-01-16T16:29:47.711+0000] {processor.py:161} INFO - Started process (PID=5168) to work on /opt/airflow/dags/main.py
[2026-01-16T16:29:47.713+0000] {processor.py:830} INFO - Processing file /opt/airflow/dags/main.py for tasks to queue
[2026-01-16T16:29:47.715+0000] {logging_mixin.py:188} INFO - [2026-01-16T16:29:47.715+0000] {dagbag.py:545} INFO - Filling up the DagBag from /opt/airflow/dags/main.py
[2026-01-16T16:29:47.719+0000] {logging_mixin.py:188} INFO - [2026-01-16T16:29:47.719+0000] {dagbag.py:355} ERROR - Failed to import: /opt/airflow/dags/main.py
Traceback (most recent call last):
  File "/home/airflow/.local/lib/python3.10/site-packages/airflow/models/dagbag.py", line 351, in parse
    loader.exec_module(new_module)
  File "<frozen importlib._bootstrap_external>", line 879, in exec_module
  File "<frozen importlib._bootstrap_external>", line 1017, in get_code
  File "<frozen importlib._bootstrap_external>", line 947, in source_to_code
  File "<frozen importlib._bootstrap>", line 241, in _call_with_frames_removed
  File "/opt/airflow/dags/main.py", line 23
    with DAG(
IndentationError: unexpected indent
[2026-01-16T16:29:47.720+0000] {processor.py:842} WARNING - No viable dags retrieved from /opt/airflow/dags/main.py
[2026-01-16T16:29:47.743+0000] {processor.py:183} INFO - Processing /opt/airflow/dags/main.py took 0.042 seconds
[2026-01-16T16:30:17.987+0000] {processor.py:161} INFO - Started process (PID=5175) to work on /opt/airflow/dags/main.py
[2026-01-16T16:30:17.989+0000] {processor.py:830} INFO - Processing file /opt/airflow/dags/main.py for tasks to queue
[2026-01-16T16:30:17.991+0000] {logging_mixin.py:188} INFO - [2026-01-16T16:30:17.990+0000] {dagbag.py:545} INFO - Filling up the DagBag from /opt/airflow/dags/main.py
[2026-01-16T16:30:17.994+0000] {logging_mixin.py:188} INFO - [2026-01-16T16:30:17.993+0000] {dagbag.py:355} ERROR - Failed to import: /opt/airflow/dags/main.py
Traceback (most recent call last):
  File "/home/airflow/.local/lib/python3.10/site-packages/airflow/models/dagbag.py", line 351, in parse
    loader.exec_module(new_module)
  File "<frozen importlib._bootstrap_external>", line 879, in exec_module
  File "<frozen importlib._bootstrap_external>", line 1017, in get_code
  File "<frozen importlib._bootstrap_external>", line 947, in source_to_code
  File "<frozen importlib._bootstrap>", line 241, in _call_with_frames_removed
  File "/opt/airflow/dags/main.py", line 23
    with DAG(
IndentationError: unexpected indent
[2026-01-16T16:30:17.994+0000] {processor.py:842} WARNING - No viable dags retrieved from /opt/airflow/dags/main.py
[2026-01-16T16:30:18.010+0000] {processor.py:183} INFO - Processing /opt/airflow/dags/main.py took 0.028 seconds
[2026-01-16T16:30:48.246+0000] {processor.py:161} INFO - Started process (PID=5182) to work on /opt/airflow/dags/main.py
[2026-01-16T16:30:48.248+0000] {processor.py:830} INFO - Processing file /opt/airflow/dags/main.py for tasks to queue
[2026-01-16T16:30:48.251+0000] {logging_mixin.py:188} INFO - [2026-01-16T16:30:48.250+0000] {dagbag.py:545} INFO - Filling up the DagBag from /opt/airflow/dags/main.py
[2026-01-16T16:30:48.256+0000] {logging_mixin.py:188} INFO - [2026-01-16T16:30:48.256+0000] {dagbag.py:355} ERROR - Failed to import: /opt/airflow/dags/main.py
Traceback (most recent call last):
  File "/home/airflow/.local/lib/python3.10/site-packages/airflow/models/dagbag.py", line 351, in parse
    loader.exec_module(new_module)
  File "<frozen importlib._bootstrap_external>", line 879, in exec_module
  File "<frozen importlib._bootstrap_external>", line 1017, in get_code
  File "<frozen importlib._bootstrap_external>", line 947, in source_to_code
  File "<frozen importlib._bootstrap>", line 241, in _call_with_frames_removed
  File "/opt/airflow/dags/main.py", line 23
    with DAG(
IndentationError: unexpected indent
[2026-01-16T16:30:48.257+0000] {processor.py:842} WARNING - No viable dags retrieved from /opt/airflow/dags/main.py
[2026-01-16T16:30:48.272+0000] {processor.py:183} INFO - Processing /opt/airflow/dags/main.py took 0.033 seconds
[2026-01-16T16:31:18.541+0000] {processor.py:161} INFO - Started process (PID=5189) to work on /opt/airflow/dags/main.py
[2026-01-16T16:31:18.543+0000] {processor.py:830} INFO - Processing file /opt/airflow/dags/main.py for tasks to queue
[2026-01-16T16:31:18.545+0000] {logging_mixin.py:188} INFO - [2026-01-16T16:31:18.545+0000] {dagbag.py:545} INFO - Filling up the DagBag from /opt/airflow/dags/main.py
[2026-01-16T16:31:18.549+0000] {logging_mixin.py:188} INFO - [2026-01-16T16:31:18.549+0000] {dagbag.py:355} ERROR - Failed to import: /opt/airflow/dags/main.py
Traceback (most recent call last):
  File "/home/airflow/.local/lib/python3.10/site-packages/airflow/models/dagbag.py", line 351, in parse
    loader.exec_module(new_module)
  File "<frozen importlib._bootstrap_external>", line 879, in exec_module
  File "<frozen importlib._bootstrap_external>", line 1017, in get_code
  File "<frozen importlib._bootstrap_external>", line 947, in source_to_code
  File "<frozen importlib._bootstrap>", line 241, in _call_with_frames_removed
  File "/opt/airflow/dags/main.py", line 23
    with DAG(
IndentationError: unexpected indent
[2026-01-16T16:31:18.550+0000] {processor.py:842} WARNING - No viable dags retrieved from /opt/airflow/dags/main.py
[2026-01-16T16:31:18.565+0000] {processor.py:183} INFO - Processing /opt/airflow/dags/main.py took 0.032 seconds
[2026-01-16T16:31:48.835+0000] {processor.py:161} INFO - Started process (PID=5196) to work on /opt/airflow/dags/main.py
[2026-01-16T16:31:48.836+0000] {processor.py:830} INFO - Processing file /opt/airflow/dags/main.py for tasks to queue
[2026-01-16T16:31:48.838+0000] {logging_mixin.py:188} INFO - [2026-01-16T16:31:48.838+0000] {dagbag.py:545} INFO - Filling up the DagBag from /opt/airflow/dags/main.py
[2026-01-16T16:31:48.843+0000] {logging_mixin.py:188} INFO - [2026-01-16T16:31:48.842+0000] {dagbag.py:355} ERROR - Failed to import: /opt/airflow/dags/main.py
Traceback (most recent call last):
  File "/home/airflow/.local/lib/python3.10/site-packages/airflow/models/dagbag.py", line 351, in parse
    loader.exec_module(new_module)
  File "<frozen importlib._bootstrap_external>", line 879, in exec_module
  File "<frozen importlib._bootstrap_external>", line 1017, in get_code
  File "<frozen importlib._bootstrap_external>", line 947, in source_to_code
  File "<frozen importlib._bootstrap>", line 241, in _call_with_frames_removed
  File "/opt/airflow/dags/main.py", line 23
    with DAG(
IndentationError: unexpected indent
[2026-01-16T16:31:48.843+0000] {processor.py:842} WARNING - No viable dags retrieved from /opt/airflow/dags/main.py
[2026-01-16T16:31:48.862+0000] {processor.py:183} INFO - Processing /opt/airflow/dags/main.py took 0.035 seconds
[2026-01-16T16:32:19.105+0000] {processor.py:161} INFO - Started process (PID=5203) to work on /opt/airflow/dags/main.py
[2026-01-16T16:32:19.106+0000] {processor.py:830} INFO - Processing file /opt/airflow/dags/main.py for tasks to queue
[2026-01-16T16:32:19.108+0000] {logging_mixin.py:188} INFO - [2026-01-16T16:32:19.108+0000] {dagbag.py:545} INFO - Filling up the DagBag from /opt/airflow/dags/main.py
[2026-01-16T16:32:19.111+0000] {logging_mixin.py:188} INFO - [2026-01-16T16:32:19.111+0000] {dagbag.py:355} ERROR - Failed to import: /opt/airflow/dags/main.py
Traceback (most recent call last):
  File "/home/airflow/.local/lib/python3.10/site-packages/airflow/models/dagbag.py", line 351, in parse
    loader.exec_module(new_module)
  File "<frozen importlib._bootstrap_external>", line 879, in exec_module
  File "<frozen importlib._bootstrap_external>", line 1017, in get_code
  File "<frozen importlib._bootstrap_external>", line 947, in source_to_code
  File "<frozen importlib._bootstrap>", line 241, in _call_with_frames_removed
  File "/opt/airflow/dags/main.py", line 23
    with DAG(
IndentationError: unexpected indent
[2026-01-16T16:32:19.112+0000] {processor.py:842} WARNING - No viable dags retrieved from /opt/airflow/dags/main.py
[2026-01-16T16:32:19.125+0000] {processor.py:183} INFO - Processing /opt/airflow/dags/main.py took 0.025 seconds
[2026-01-16T16:32:49.378+0000] {processor.py:161} INFO - Started process (PID=5210) to work on /opt/airflow/dags/main.py
[2026-01-16T16:32:49.380+0000] {processor.py:830} INFO - Processing file /opt/airflow/dags/main.py for tasks to queue
[2026-01-16T16:32:49.382+0000] {logging_mixin.py:188} INFO - [2026-01-16T16:32:49.382+0000] {dagbag.py:545} INFO - Filling up the DagBag from /opt/airflow/dags/main.py
[2026-01-16T16:32:49.386+0000] {logging_mixin.py:188} INFO - [2026-01-16T16:32:49.385+0000] {dagbag.py:355} ERROR - Failed to import: /opt/airflow/dags/main.py
Traceback (most recent call last):
  File "/home/airflow/.local/lib/python3.10/site-packages/airflow/models/dagbag.py", line 351, in parse
    loader.exec_module(new_module)
  File "<frozen importlib._bootstrap_external>", line 879, in exec_module
  File "<frozen importlib._bootstrap_external>", line 1017, in get_code
  File "<frozen importlib._bootstrap_external>", line 947, in source_to_code
  File "<frozen importlib._bootstrap>", line 241, in _call_with_frames_removed
  File "/opt/airflow/dags/main.py", line 23
    with DAG(
IndentationError: unexpected indent
[2026-01-16T16:32:49.386+0000] {processor.py:842} WARNING - No viable dags retrieved from /opt/airflow/dags/main.py
[2026-01-16T16:32:49.400+0000] {processor.py:183} INFO - Processing /opt/airflow/dags/main.py took 0.031 seconds
[2026-01-16T16:33:19.708+0000] {processor.py:161} INFO - Started process (PID=5217) to work on /opt/airflow/dags/main.py
[2026-01-16T16:33:19.710+0000] {processor.py:830} INFO - Processing file /opt/airflow/dags/main.py for tasks to queue
[2026-01-16T16:33:19.712+0000] {logging_mixin.py:188} INFO - [2026-01-16T16:33:19.711+0000] {dagbag.py:545} INFO - Filling up the DagBag from /opt/airflow/dags/main.py
[2026-01-16T16:33:19.714+0000] {logging_mixin.py:188} INFO - [2026-01-16T16:33:19.714+0000] {dagbag.py:355} ERROR - Failed to import: /opt/airflow/dags/main.py
Traceback (most recent call last):
  File "/home/airflow/.local/lib/python3.10/site-packages/airflow/models/dagbag.py", line 351, in parse
    loader.exec_module(new_module)
  File "<frozen importlib._bootstrap_external>", line 879, in exec_module
  File "<frozen importlib._bootstrap_external>", line 1017, in get_code
  File "<frozen importlib._bootstrap_external>", line 947, in source_to_code
  File "<frozen importlib._bootstrap>", line 241, in _call_with_frames_removed
  File "/opt/airflow/dags/main.py", line 23
    with DAG(
IndentationError: unexpected indent
[2026-01-16T16:33:19.715+0000] {processor.py:842} WARNING - No viable dags retrieved from /opt/airflow/dags/main.py
[2026-01-16T16:33:19.727+0000] {processor.py:183} INFO - Processing /opt/airflow/dags/main.py took 0.024 seconds
[2026-01-16T16:33:49.957+0000] {processor.py:161} INFO - Started process (PID=5224) to work on /opt/airflow/dags/main.py
[2026-01-16T16:33:49.958+0000] {processor.py:830} INFO - Processing file /opt/airflow/dags/main.py for tasks to queue
[2026-01-16T16:33:49.966+0000] {logging_mixin.py:188} INFO - [2026-01-16T16:33:49.965+0000] {dagbag.py:545} INFO - Filling up the DagBag from /opt/airflow/dags/main.py
[2026-01-16T16:33:49.972+0000] {logging_mixin.py:188} INFO - [2026-01-16T16:33:49.971+0000] {dagbag.py:355} ERROR - Failed to import: /opt/airflow/dags/main.py
Traceback (most recent call last):
  File "/home/airflow/.local/lib/python3.10/site-packages/airflow/models/dagbag.py", line 351, in parse
    loader.exec_module(new_module)
  File "<frozen importlib._bootstrap_external>", line 879, in exec_module
  File "<frozen importlib._bootstrap_external>", line 1017, in get_code
  File "<frozen importlib._bootstrap_external>", line 947, in source_to_code
  File "<frozen importlib._bootstrap>", line 241, in _call_with_frames_removed
  File "/opt/airflow/dags/main.py", line 23
    with DAG(
IndentationError: unexpected indent
[2026-01-16T16:33:49.973+0000] {processor.py:842} WARNING - No viable dags retrieved from /opt/airflow/dags/main.py
[2026-01-16T16:33:49.993+0000] {processor.py:183} INFO - Processing /opt/airflow/dags/main.py took 0.045 seconds
[2026-01-16T16:34:20.240+0000] {processor.py:161} INFO - Started process (PID=5231) to work on /opt/airflow/dags/main.py
[2026-01-16T16:34:20.242+0000] {processor.py:830} INFO - Processing file /opt/airflow/dags/main.py for tasks to queue
[2026-01-16T16:34:20.250+0000] {logging_mixin.py:188} INFO - [2026-01-16T16:34:20.250+0000] {dagbag.py:545} INFO - Filling up the DagBag from /opt/airflow/dags/main.py
[2026-01-16T16:34:20.257+0000] {logging_mixin.py:188} INFO - [2026-01-16T16:34:20.256+0000] {dagbag.py:355} ERROR - Failed to import: /opt/airflow/dags/main.py
Traceback (most recent call last):
  File "/home/airflow/.local/lib/python3.10/site-packages/airflow/models/dagbag.py", line 351, in parse
    loader.exec_module(new_module)
  File "<frozen importlib._bootstrap_external>", line 879, in exec_module
  File "<frozen importlib._bootstrap_external>", line 1017, in get_code
  File "<frozen importlib._bootstrap_external>", line 947, in source_to_code
  File "<frozen importlib._bootstrap>", line 241, in _call_with_frames_removed
  File "/opt/airflow/dags/main.py", line 23
    with DAG(
IndentationError: unexpected indent
[2026-01-16T16:34:20.258+0000] {processor.py:842} WARNING - No viable dags retrieved from /opt/airflow/dags/main.py
[2026-01-16T16:34:20.274+0000] {processor.py:183} INFO - Processing /opt/airflow/dags/main.py took 0.039 seconds
[2026-01-16T16:34:50.475+0000] {processor.py:161} INFO - Started process (PID=5238) to work on /opt/airflow/dags/main.py
[2026-01-16T16:34:50.476+0000] {processor.py:830} INFO - Processing file /opt/airflow/dags/main.py for tasks to queue
[2026-01-16T16:34:50.479+0000] {logging_mixin.py:188} INFO - [2026-01-16T16:34:50.479+0000] {dagbag.py:545} INFO - Filling up the DagBag from /opt/airflow/dags/main.py
[2026-01-16T16:34:50.487+0000] {logging_mixin.py:188} INFO - [2026-01-16T16:34:50.486+0000] {dagbag.py:355} ERROR - Failed to import: /opt/airflow/dags/main.py
Traceback (most recent call last):
  File "/home/airflow/.local/lib/python3.10/site-packages/airflow/models/dagbag.py", line 351, in parse
    loader.exec_module(new_module)
  File "<frozen importlib._bootstrap_external>", line 879, in exec_module
  File "<frozen importlib._bootstrap_external>", line 1017, in get_code
  File "<frozen importlib._bootstrap_external>", line 947, in source_to_code
  File "<frozen importlib._bootstrap>", line 241, in _call_with_frames_removed
  File "/opt/airflow/dags/main.py", line 23
    with DAG(
IndentationError: unexpected indent
[2026-01-16T16:34:50.487+0000] {processor.py:842} WARNING - No viable dags retrieved from /opt/airflow/dags/main.py
[2026-01-16T16:34:50.502+0000] {processor.py:183} INFO - Processing /opt/airflow/dags/main.py took 0.033 seconds
[2026-01-16T16:35:20.775+0000] {processor.py:161} INFO - Started process (PID=5245) to work on /opt/airflow/dags/main.py
[2026-01-16T16:35:20.777+0000] {processor.py:830} INFO - Processing file /opt/airflow/dags/main.py for tasks to queue
[2026-01-16T16:35:20.779+0000] {logging_mixin.py:188} INFO - [2026-01-16T16:35:20.779+0000] {dagbag.py:545} INFO - Filling up the DagBag from /opt/airflow/dags/main.py
[2026-01-16T16:35:20.783+0000] {logging_mixin.py:188} INFO - [2026-01-16T16:35:20.782+0000] {dagbag.py:355} ERROR - Failed to import: /opt/airflow/dags/main.py
Traceback (most recent call last):
  File "/home/airflow/.local/lib/python3.10/site-packages/airflow/models/dagbag.py", line 351, in parse
    loader.exec_module(new_module)
  File "<frozen importlib._bootstrap_external>", line 879, in exec_module
  File "<frozen importlib._bootstrap_external>", line 1017, in get_code
  File "<frozen importlib._bootstrap_external>", line 947, in source_to_code
  File "<frozen importlib._bootstrap>", line 241, in _call_with_frames_removed
  File "/opt/airflow/dags/main.py", line 23
    with DAG(
IndentationError: unexpected indent
[2026-01-16T16:35:20.783+0000] {processor.py:842} WARNING - No viable dags retrieved from /opt/airflow/dags/main.py
[2026-01-16T16:35:20.800+0000] {processor.py:183} INFO - Processing /opt/airflow/dags/main.py took 0.031 seconds
[2026-01-16T16:35:51.050+0000] {processor.py:161} INFO - Started process (PID=5252) to work on /opt/airflow/dags/main.py
[2026-01-16T16:35:51.052+0000] {processor.py:830} INFO - Processing file /opt/airflow/dags/main.py for tasks to queue
[2026-01-16T16:35:51.054+0000] {logging_mixin.py:188} INFO - [2026-01-16T16:35:51.054+0000] {dagbag.py:545} INFO - Filling up the DagBag from /opt/airflow/dags/main.py
[2026-01-16T16:35:51.059+0000] {logging_mixin.py:188} INFO - [2026-01-16T16:35:51.058+0000] {dagbag.py:355} ERROR - Failed to import: /opt/airflow/dags/main.py
Traceback (most recent call last):
  File "/home/airflow/.local/lib/python3.10/site-packages/airflow/models/dagbag.py", line 351, in parse
    loader.exec_module(new_module)
  File "<frozen importlib._bootstrap_external>", line 879, in exec_module
  File "<frozen importlib._bootstrap_external>", line 1017, in get_code
  File "<frozen importlib._bootstrap_external>", line 947, in source_to_code
  File "<frozen importlib._bootstrap>", line 241, in _call_with_frames_removed
  File "/opt/airflow/dags/main.py", line 23
    with DAG(
IndentationError: unexpected indent
[2026-01-16T16:35:51.059+0000] {processor.py:842} WARNING - No viable dags retrieved from /opt/airflow/dags/main.py
[2026-01-16T16:35:51.081+0000] {processor.py:183} INFO - Processing /opt/airflow/dags/main.py took 0.038 seconds
[2026-01-16T16:36:21.291+0000] {processor.py:161} INFO - Started process (PID=5259) to work on /opt/airflow/dags/main.py
[2026-01-16T16:36:21.293+0000] {processor.py:830} INFO - Processing file /opt/airflow/dags/main.py for tasks to queue
[2026-01-16T16:36:21.295+0000] {logging_mixin.py:188} INFO - [2026-01-16T16:36:21.294+0000] {dagbag.py:545} INFO - Filling up the DagBag from /opt/airflow/dags/main.py
[2026-01-16T16:36:21.298+0000] {logging_mixin.py:188} INFO - [2026-01-16T16:36:21.298+0000] {dagbag.py:355} ERROR - Failed to import: /opt/airflow/dags/main.py
Traceback (most recent call last):
  File "/home/airflow/.local/lib/python3.10/site-packages/airflow/models/dagbag.py", line 351, in parse
    loader.exec_module(new_module)
  File "<frozen importlib._bootstrap_external>", line 879, in exec_module
  File "<frozen importlib._bootstrap_external>", line 1017, in get_code
  File "<frozen importlib._bootstrap_external>", line 947, in source_to_code
  File "<frozen importlib._bootstrap>", line 241, in _call_with_frames_removed
  File "/opt/airflow/dags/main.py", line 23
    with DAG(
IndentationError: unexpected indent
[2026-01-16T16:36:21.299+0000] {processor.py:842} WARNING - No viable dags retrieved from /opt/airflow/dags/main.py
[2026-01-16T16:36:21.313+0000] {processor.py:183} INFO - Processing /opt/airflow/dags/main.py took 0.028 seconds
[2026-01-16T16:36:51.601+0000] {processor.py:161} INFO - Started process (PID=5266) to work on /opt/airflow/dags/main.py
[2026-01-16T16:36:51.603+0000] {processor.py:830} INFO - Processing file /opt/airflow/dags/main.py for tasks to queue
[2026-01-16T16:36:51.604+0000] {logging_mixin.py:188} INFO - [2026-01-16T16:36:51.604+0000] {dagbag.py:545} INFO - Filling up the DagBag from /opt/airflow/dags/main.py
[2026-01-16T16:36:51.608+0000] {logging_mixin.py:188} INFO - [2026-01-16T16:36:51.607+0000] {dagbag.py:355} ERROR - Failed to import: /opt/airflow/dags/main.py
Traceback (most recent call last):
  File "/home/airflow/.local/lib/python3.10/site-packages/airflow/models/dagbag.py", line 351, in parse
    loader.exec_module(new_module)
  File "<frozen importlib._bootstrap_external>", line 879, in exec_module
  File "<frozen importlib._bootstrap_external>", line 1017, in get_code
  File "<frozen importlib._bootstrap_external>", line 947, in source_to_code
  File "<frozen importlib._bootstrap>", line 241, in _call_with_frames_removed
  File "/opt/airflow/dags/main.py", line 23
    with DAG(
IndentationError: unexpected indent
[2026-01-16T16:36:51.608+0000] {processor.py:842} WARNING - No viable dags retrieved from /opt/airflow/dags/main.py
[2026-01-16T16:36:51.620+0000] {processor.py:183} INFO - Processing /opt/airflow/dags/main.py took 0.024 seconds
[2026-01-16T16:37:21.864+0000] {processor.py:161} INFO - Started process (PID=5273) to work on /opt/airflow/dags/main.py
[2026-01-16T16:37:21.865+0000] {processor.py:830} INFO - Processing file /opt/airflow/dags/main.py for tasks to queue
[2026-01-16T16:37:21.868+0000] {logging_mixin.py:188} INFO - [2026-01-16T16:37:21.868+0000] {dagbag.py:545} INFO - Filling up the DagBag from /opt/airflow/dags/main.py
[2026-01-16T16:37:21.872+0000] {logging_mixin.py:188} INFO - [2026-01-16T16:37:21.872+0000] {dagbag.py:355} ERROR - Failed to import: /opt/airflow/dags/main.py
Traceback (most recent call last):
  File "/home/airflow/.local/lib/python3.10/site-packages/airflow/models/dagbag.py", line 351, in parse
    loader.exec_module(new_module)
  File "<frozen importlib._bootstrap_external>", line 879, in exec_module
  File "<frozen importlib._bootstrap_external>", line 1017, in get_code
  File "<frozen importlib._bootstrap_external>", line 947, in source_to_code
  File "<frozen importlib._bootstrap>", line 241, in _call_with_frames_removed
  File "/opt/airflow/dags/main.py", line 23
    with DAG(
IndentationError: unexpected indent
[2026-01-16T16:37:21.873+0000] {processor.py:842} WARNING - No viable dags retrieved from /opt/airflow/dags/main.py
[2026-01-16T16:37:21.891+0000] {processor.py:183} INFO - Processing /opt/airflow/dags/main.py took 0.034 seconds
[2026-01-16T16:37:52.109+0000] {processor.py:161} INFO - Started process (PID=5280) to work on /opt/airflow/dags/main.py
[2026-01-16T16:37:52.111+0000] {processor.py:830} INFO - Processing file /opt/airflow/dags/main.py for tasks to queue
[2026-01-16T16:37:52.115+0000] {logging_mixin.py:188} INFO - [2026-01-16T16:37:52.114+0000] {dagbag.py:545} INFO - Filling up the DagBag from /opt/airflow/dags/main.py
[2026-01-16T16:37:52.119+0000] {logging_mixin.py:188} INFO - [2026-01-16T16:37:52.119+0000] {dagbag.py:355} ERROR - Failed to import: /opt/airflow/dags/main.py
Traceback (most recent call last):
  File "/home/airflow/.local/lib/python3.10/site-packages/airflow/models/dagbag.py", line 351, in parse
    loader.exec_module(new_module)
  File "<frozen importlib._bootstrap_external>", line 879, in exec_module
  File "<frozen importlib._bootstrap_external>", line 1017, in get_code
  File "<frozen importlib._bootstrap_external>", line 947, in source_to_code
  File "<frozen importlib._bootstrap>", line 241, in _call_with_frames_removed
  File "/opt/airflow/dags/main.py", line 23
    with DAG(
IndentationError: unexpected indent
[2026-01-16T16:37:52.120+0000] {processor.py:842} WARNING - No viable dags retrieved from /opt/airflow/dags/main.py
[2026-01-16T16:37:52.143+0000] {processor.py:183} INFO - Processing /opt/airflow/dags/main.py took 0.047 seconds
[2026-01-16T16:38:22.428+0000] {processor.py:161} INFO - Started process (PID=5286) to work on /opt/airflow/dags/main.py
[2026-01-16T16:38:22.430+0000] {processor.py:830} INFO - Processing file /opt/airflow/dags/main.py for tasks to queue
[2026-01-16T16:38:22.432+0000] {logging_mixin.py:188} INFO - [2026-01-16T16:38:22.432+0000] {dagbag.py:545} INFO - Filling up the DagBag from /opt/airflow/dags/main.py
[2026-01-16T16:38:22.438+0000] {logging_mixin.py:188} INFO - [2026-01-16T16:38:22.437+0000] {dagbag.py:355} ERROR - Failed to import: /opt/airflow/dags/main.py
Traceback (most recent call last):
  File "/home/airflow/.local/lib/python3.10/site-packages/airflow/models/dagbag.py", line 351, in parse
    loader.exec_module(new_module)
  File "<frozen importlib._bootstrap_external>", line 879, in exec_module
  File "<frozen importlib._bootstrap_external>", line 1017, in get_code
  File "<frozen importlib._bootstrap_external>", line 947, in source_to_code
  File "<frozen importlib._bootstrap>", line 241, in _call_with_frames_removed
  File "/opt/airflow/dags/main.py", line 23
    with DAG(
IndentationError: unexpected indent
[2026-01-16T16:38:22.438+0000] {processor.py:842} WARNING - No viable dags retrieved from /opt/airflow/dags/main.py
[2026-01-16T16:38:22.452+0000] {processor.py:183} INFO - Processing /opt/airflow/dags/main.py took 0.031 seconds
[2026-01-16T16:38:52.680+0000] {processor.py:161} INFO - Started process (PID=5293) to work on /opt/airflow/dags/main.py
[2026-01-16T16:38:52.682+0000] {processor.py:830} INFO - Processing file /opt/airflow/dags/main.py for tasks to queue
[2026-01-16T16:38:52.684+0000] {logging_mixin.py:188} INFO - [2026-01-16T16:38:52.683+0000] {dagbag.py:545} INFO - Filling up the DagBag from /opt/airflow/dags/main.py
[2026-01-16T16:38:52.688+0000] {logging_mixin.py:188} INFO - [2026-01-16T16:38:52.687+0000] {dagbag.py:355} ERROR - Failed to import: /opt/airflow/dags/main.py
Traceback (most recent call last):
  File "/home/airflow/.local/lib/python3.10/site-packages/airflow/models/dagbag.py", line 351, in parse
    loader.exec_module(new_module)
  File "<frozen importlib._bootstrap_external>", line 879, in exec_module
  File "<frozen importlib._bootstrap_external>", line 1017, in get_code
  File "<frozen importlib._bootstrap_external>", line 947, in source_to_code
  File "<frozen importlib._bootstrap>", line 241, in _call_with_frames_removed
  File "/opt/airflow/dags/main.py", line 23
    with DAG(
IndentationError: unexpected indent
[2026-01-16T16:38:52.688+0000] {processor.py:842} WARNING - No viable dags retrieved from /opt/airflow/dags/main.py
[2026-01-16T16:38:52.705+0000] {processor.py:183} INFO - Processing /opt/airflow/dags/main.py took 0.031 seconds
[2026-01-16T16:38:55.719+0000] {processor.py:161} INFO - Started process (PID=5294) to work on /opt/airflow/dags/main.py
[2026-01-16T16:38:55.720+0000] {processor.py:830} INFO - Processing file /opt/airflow/dags/main.py for tasks to queue
[2026-01-16T16:38:55.722+0000] {logging_mixin.py:188} INFO - [2026-01-16T16:38:55.722+0000] {dagbag.py:545} INFO - Filling up the DagBag from /opt/airflow/dags/main.py
[2026-01-16T16:38:55.728+0000] {logging_mixin.py:188} INFO - [2026-01-16T16:38:55.728+0000] {dagbag.py:355} ERROR - Failed to import: /opt/airflow/dags/main.py
Traceback (most recent call last):
  File "/home/airflow/.local/lib/python3.10/site-packages/airflow/models/dagbag.py", line 351, in parse
    loader.exec_module(new_module)
  File "<frozen importlib._bootstrap_external>", line 879, in exec_module
  File "<frozen importlib._bootstrap_external>", line 1017, in get_code
  File "<frozen importlib._bootstrap_external>", line 947, in source_to_code
  File "<frozen importlib._bootstrap>", line 241, in _call_with_frames_removed
  File "/opt/airflow/dags/main.py", line 25
    default_args=default_args
                 
SyntaxError: invalid syntax. Perhaps you forgot a comma?
[2026-01-16T16:38:55.729+0000] {processor.py:842} WARNING - No viable dags retrieved from /opt/airflow/dags/main.py
[2026-01-16T16:38:55.748+0000] {processor.py:183} INFO - Processing /opt/airflow/dags/main.py took 0.036 seconds
[2026-01-16T16:39:02.802+0000] {processor.py:161} INFO - Started process (PID=5295) to work on /opt/airflow/dags/main.py
[2026-01-16T16:39:02.803+0000] {processor.py:830} INFO - Processing file /opt/airflow/dags/main.py for tasks to queue
[2026-01-16T16:39:02.805+0000] {logging_mixin.py:188} INFO - [2026-01-16T16:39:02.805+0000] {dagbag.py:545} INFO - Filling up the DagBag from /opt/airflow/dags/main.py
[2026-01-16T16:39:02.808+0000] {logging_mixin.py:188} INFO - [2026-01-16T16:39:02.808+0000] {dagbag.py:355} ERROR - Failed to import: /opt/airflow/dags/main.py
Traceback (most recent call last):
  File "/home/airflow/.local/lib/python3.10/site-packages/airflow/models/dagbag.py", line 351, in parse
    loader.exec_module(new_module)
  File "<frozen importlib._bootstrap_external>", line 879, in exec_module
  File "<frozen importlib._bootstrap_external>", line 1017, in get_code
  File "<frozen importlib._bootstrap_external>", line 947, in source_to_code
  File "<frozen importlib._bootstrap>", line 241, in _call_with_frames_removed
  File "/opt/airflow/dags/main.py", line 25
    default_args=default_args
                 
SyntaxError: invalid syntax. Perhaps you forgot a comma?
[2026-01-16T16:39:02.809+0000] {processor.py:842} WARNING - No viable dags retrieved from /opt/airflow/dags/main.py
[2026-01-16T16:39:02.824+0000] {processor.py:183} INFO - Processing /opt/airflow/dags/main.py took 0.029 seconds
[2026-01-16T16:39:19.977+0000] {processor.py:161} INFO - Started process (PID=5302) to work on /opt/airflow/dags/main.py
[2026-01-16T16:39:19.978+0000] {processor.py:830} INFO - Processing file /opt/airflow/dags/main.py for tasks to queue
[2026-01-16T16:39:19.980+0000] {logging_mixin.py:188} INFO - [2026-01-16T16:39:19.979+0000] {dagbag.py:545} INFO - Filling up the DagBag from /opt/airflow/dags/main.py
[2026-01-16T16:39:19.983+0000] {logging_mixin.py:188} INFO - [2026-01-16T16:39:19.983+0000] {dagbag.py:355} ERROR - Failed to import: /opt/airflow/dags/main.py
Traceback (most recent call last):
  File "/home/airflow/.local/lib/python3.10/site-packages/airflow/models/dagbag.py", line 351, in parse
    loader.exec_module(new_module)
  File "<frozen importlib._bootstrap_external>", line 879, in exec_module
  File "<frozen importlib._bootstrap_external>", line 1017, in get_code
  File "<frozen importlib._bootstrap_external>", line 947, in source_to_code
  File "<frozen importlib._bootstrap>", line 241, in _call_with_frames_removed
  File "/opt/airflow/dags/main.py", line 25
    default_args=default_args
                 
SyntaxError: invalid syntax. Perhaps you forgot a comma?
[2026-01-16T16:39:19.983+0000] {processor.py:842} WARNING - No viable dags retrieved from /opt/airflow/dags/main.py
[2026-01-16T16:39:19.998+0000] {processor.py:183} INFO - Processing /opt/airflow/dags/main.py took 0.027 seconds
[2026-01-16T16:39:50.268+0000] {processor.py:161} INFO - Started process (PID=5310) to work on /opt/airflow/dags/main.py
[2026-01-16T16:39:50.270+0000] {processor.py:830} INFO - Processing file /opt/airflow/dags/main.py for tasks to queue
[2026-01-16T16:39:50.272+0000] {logging_mixin.py:188} INFO - [2026-01-16T16:39:50.271+0000] {dagbag.py:545} INFO - Filling up the DagBag from /opt/airflow/dags/main.py
[2026-01-16T16:39:50.276+0000] {logging_mixin.py:188} INFO - [2026-01-16T16:39:50.276+0000] {dagbag.py:355} ERROR - Failed to import: /opt/airflow/dags/main.py
Traceback (most recent call last):
  File "/home/airflow/.local/lib/python3.10/site-packages/airflow/models/dagbag.py", line 351, in parse
    loader.exec_module(new_module)
  File "<frozen importlib._bootstrap_external>", line 879, in exec_module
  File "<frozen importlib._bootstrap_external>", line 1017, in get_code
  File "<frozen importlib._bootstrap_external>", line 947, in source_to_code
  File "<frozen importlib._bootstrap>", line 241, in _call_with_frames_removed
  File "/opt/airflow/dags/main.py", line 25
    default_args=default_args
                 
SyntaxError: invalid syntax. Perhaps you forgot a comma?
[2026-01-16T16:39:50.278+0000] {processor.py:842} WARNING - No viable dags retrieved from /opt/airflow/dags/main.py
[2026-01-16T16:39:50.293+0000] {processor.py:183} INFO - Processing /opt/airflow/dags/main.py took 0.034 seconds
[2026-01-16T16:40:10.456+0000] {processor.py:161} INFO - Started process (PID=5317) to work on /opt/airflow/dags/main.py
[2026-01-16T16:40:10.459+0000] {processor.py:830} INFO - Processing file /opt/airflow/dags/main.py for tasks to queue
[2026-01-16T16:40:10.461+0000] {logging_mixin.py:188} INFO - [2026-01-16T16:40:10.460+0000] {dagbag.py:545} INFO - Filling up the DagBag from /opt/airflow/dags/main.py
[2026-01-16T16:40:10.464+0000] {logging_mixin.py:188} INFO - [2026-01-16T16:40:10.464+0000] {dagbag.py:355} ERROR - Failed to import: /opt/airflow/dags/main.py
Traceback (most recent call last):
  File "/home/airflow/.local/lib/python3.10/site-packages/airflow/models/dagbag.py", line 351, in parse
    loader.exec_module(new_module)
  File "<frozen importlib._bootstrap_external>", line 879, in exec_module
  File "<frozen importlib._bootstrap_external>", line 1017, in get_code
  File "<frozen importlib._bootstrap_external>", line 947, in source_to_code
  File "<frozen importlib._bootstrap>", line 241, in _call_with_frames_removed
  File "/opt/airflow/dags/main.py", line 28
    catchup=False
            ^
SyntaxError: invalid syntax. Perhaps you forgot a comma?
[2026-01-16T16:40:10.464+0000] {processor.py:842} WARNING - No viable dags retrieved from /opt/airflow/dags/main.py
[2026-01-16T16:40:10.480+0000] {processor.py:183} INFO - Processing /opt/airflow/dags/main.py took 0.030 seconds
[2026-01-16T16:40:14.519+0000] {processor.py:161} INFO - Started process (PID=5318) to work on /opt/airflow/dags/main.py
[2026-01-16T16:40:14.520+0000] {processor.py:830} INFO - Processing file /opt/airflow/dags/main.py for tasks to queue
[2026-01-16T16:40:14.522+0000] {logging_mixin.py:188} INFO - [2026-01-16T16:40:14.522+0000] {dagbag.py:545} INFO - Filling up the DagBag from /opt/airflow/dags/main.py
[2026-01-16T16:40:14.525+0000] {logging_mixin.py:188} INFO - [2026-01-16T16:40:14.525+0000] {dagbag.py:355} ERROR - Failed to import: /opt/airflow/dags/main.py
Traceback (most recent call last):
  File "/home/airflow/.local/lib/python3.10/site-packages/airflow/models/dagbag.py", line 351, in parse
    loader.exec_module(new_module)
  File "<frozen importlib._bootstrap_external>", line 879, in exec_module
  File "<frozen importlib._bootstrap_external>", line 1017, in get_code
  File "<frozen importlib._bootstrap_external>", line 947, in source_to_code
  File "<frozen importlib._bootstrap>", line 241, in _call_with_frames_removed
  File "/opt/airflow/dags/main.py", line 28
    catchup=False
            ^
SyntaxError: invalid syntax. Perhaps you forgot a comma?
[2026-01-16T16:40:14.526+0000] {processor.py:842} WARNING - No viable dags retrieved from /opt/airflow/dags/main.py
[2026-01-16T16:40:14.540+0000] {processor.py:183} INFO - Processing /opt/airflow/dags/main.py took 0.030 seconds
[2026-01-16T16:40:39.803+0000] {processor.py:161} INFO - Started process (PID=5325) to work on /opt/airflow/dags/main.py
[2026-01-16T16:40:39.805+0000] {processor.py:830} INFO - Processing file /opt/airflow/dags/main.py for tasks to queue
[2026-01-16T16:40:39.811+0000] {logging_mixin.py:188} INFO - [2026-01-16T16:40:39.810+0000] {dagbag.py:545} INFO - Filling up the DagBag from /opt/airflow/dags/main.py
[2026-01-16T16:40:39.817+0000] {logging_mixin.py:188} INFO - [2026-01-16T16:40:39.816+0000] {dagbag.py:355} ERROR - Failed to import: /opt/airflow/dags/main.py
Traceback (most recent call last):
  File "/home/airflow/.local/lib/python3.10/site-packages/airflow/models/dagbag.py", line 351, in parse
    loader.exec_module(new_module)
  File "<frozen importlib._bootstrap_external>", line 879, in exec_module
  File "<frozen importlib._bootstrap_external>", line 1017, in get_code
  File "<frozen importlib._bootstrap_external>", line 947, in source_to_code
  File "<frozen importlib._bootstrap>", line 241, in _call_with_frames_removed
  File "/opt/airflow/dags/main.py", line 28
    catchup=False
            ^
SyntaxError: invalid syntax. Perhaps you forgot a comma?
[2026-01-16T16:40:39.817+0000] {processor.py:842} WARNING - No viable dags retrieved from /opt/airflow/dags/main.py
[2026-01-16T16:40:39.840+0000] {processor.py:183} INFO - Processing /opt/airflow/dags/main.py took 0.046 seconds
[2026-01-16T16:40:41.828+0000] {processor.py:161} INFO - Started process (PID=5326) to work on /opt/airflow/dags/main.py
[2026-01-16T16:40:41.829+0000] {processor.py:830} INFO - Processing file /opt/airflow/dags/main.py for tasks to queue
[2026-01-16T16:40:41.831+0000] {logging_mixin.py:188} INFO - [2026-01-16T16:40:41.831+0000] {dagbag.py:545} INFO - Filling up the DagBag from /opt/airflow/dags/main.py
[2026-01-16T16:40:41.834+0000] {logging_mixin.py:188} INFO - [2026-01-16T16:40:41.834+0000] {dagbag.py:355} ERROR - Failed to import: /opt/airflow/dags/main.py
Traceback (most recent call last):
  File "/home/airflow/.local/lib/python3.10/site-packages/airflow/models/dagbag.py", line 351, in parse
    loader.exec_module(new_module)
  File "<frozen importlib._bootstrap_external>", line 879, in exec_module
  File "<frozen importlib._bootstrap_external>", line 1017, in get_code
  File "<frozen importlib._bootstrap_external>", line 947, in source_to_code
  File "<frozen importlib._bootstrap>", line 241, in _call_with_frames_removed
  File "/opt/airflow/dags/main.py", line 28
    catchup=False
            ^
SyntaxError: invalid syntax. Perhaps you forgot a comma?
[2026-01-16T16:40:41.835+0000] {processor.py:842} WARNING - No viable dags retrieved from /opt/airflow/dags/main.py
[2026-01-16T16:40:41.851+0000] {processor.py:183} INFO - Processing /opt/airflow/dags/main.py took 0.030 seconds
[2026-01-16T16:41:12.175+0000] {processor.py:161} INFO - Started process (PID=5333) to work on /opt/airflow/dags/main.py
[2026-01-16T16:41:12.178+0000] {processor.py:830} INFO - Processing file /opt/airflow/dags/main.py for tasks to queue
[2026-01-16T16:41:12.179+0000] {logging_mixin.py:188} INFO - [2026-01-16T16:41:12.179+0000] {dagbag.py:545} INFO - Filling up the DagBag from /opt/airflow/dags/main.py
[2026-01-16T16:41:12.182+0000] {logging_mixin.py:188} INFO - [2026-01-16T16:41:12.182+0000] {dagbag.py:355} ERROR - Failed to import: /opt/airflow/dags/main.py
Traceback (most recent call last):
  File "/home/airflow/.local/lib/python3.10/site-packages/airflow/models/dagbag.py", line 351, in parse
    loader.exec_module(new_module)
  File "<frozen importlib._bootstrap_external>", line 879, in exec_module
  File "<frozen importlib._bootstrap_external>", line 1017, in get_code
  File "<frozen importlib._bootstrap_external>", line 947, in source_to_code
  File "<frozen importlib._bootstrap>", line 241, in _call_with_frames_removed
  File "/opt/airflow/dags/main.py", line 28
    catchup=False
            ^
SyntaxError: invalid syntax. Perhaps you forgot a comma?
[2026-01-16T16:41:12.183+0000] {processor.py:842} WARNING - No viable dags retrieved from /opt/airflow/dags/main.py
[2026-01-16T16:41:12.196+0000] {processor.py:183} INFO - Processing /opt/airflow/dags/main.py took 0.027 seconds
[2026-01-16T16:41:33.466+0000] {processor.py:161} INFO - Started process (PID=5334) to work on /opt/airflow/dags/main.py
[2026-01-16T16:41:33.480+0000] {processor.py:830} INFO - Processing file /opt/airflow/dags/main.py for tasks to queue
[2026-01-16T16:41:33.482+0000] {logging_mixin.py:188} INFO - [2026-01-16T16:41:33.481+0000] {dagbag.py:545} INFO - Filling up the DagBag from /opt/airflow/dags/main.py
[2026-01-16T16:41:33.486+0000] {logging_mixin.py:188} INFO - [2026-01-16T16:41:33.485+0000] {dagbag.py:355} ERROR - Failed to import: /opt/airflow/dags/main.py
Traceback (most recent call last):
  File "/home/airflow/.local/lib/python3.10/site-packages/airflow/models/dagbag.py", line 351, in parse
    loader.exec_module(new_module)
  File "<frozen importlib._bootstrap_external>", line 879, in exec_module
  File "<frozen importlib._bootstrap_external>", line 1017, in get_code
  File "<frozen importlib._bootstrap_external>", line 947, in source_to_code
  File "<frozen importlib._bootstrap>", line 241, in _call_with_frames_removed
  File "/opt/airflow/dags/main.py", line 28
    catchup=False
            ^
SyntaxError: invalid syntax. Perhaps you forgot a comma?
[2026-01-16T16:41:33.486+0000] {processor.py:842} WARNING - No viable dags retrieved from /opt/airflow/dags/main.py
[2026-01-16T16:41:33.509+0000] {processor.py:183} INFO - Processing /opt/airflow/dags/main.py took 0.079 seconds
