[2026-01-16T09:02:36.725+0000] {manager.py:470} INFO - Processing files using up to 2 processes at a time 
[2026-01-16T09:02:36.726+0000] {manager.py:471} INFO - Process each file at most once every 30 seconds
[2026-01-16T09:02:36.727+0000] {manager.py:472} INFO - Checking for new files in /opt/airflow/dags every 300 seconds
[2026-01-16T09:02:36.728+0000] {manager.py:737} INFO - Searching for files in /opt/airflow/dags
[2026-01-16T09:02:36.732+0000] {manager.py:740} INFO - There are 0 files in /opt/airflow/dags
[2026-01-16T09:07:37.250+0000] {manager.py:737} INFO - Searching for files in /opt/airflow/dags
[2026-01-16T09:07:37.256+0000] {manager.py:740} INFO - There are 0 files in /opt/airflow/dags
[2026-01-16T09:12:37.833+0000] {manager.py:737} INFO - Searching for files in /opt/airflow/dags
[2026-01-16T09:12:37.837+0000] {manager.py:740} INFO - There are 0 files in /opt/airflow/dags
[2026-01-16T09:17:38.408+0000] {manager.py:737} INFO - Searching for files in /opt/airflow/dags
[2026-01-16T09:17:38.412+0000] {manager.py:740} INFO - There are 0 files in /opt/airflow/dags
[2026-01-16T09:22:38.958+0000] {manager.py:737} INFO - Searching for files in /opt/airflow/dags
[2026-01-16T09:22:38.963+0000] {manager.py:740} INFO - There are 0 files in /opt/airflow/dags
[2026-01-16T09:27:39.532+0000] {manager.py:737} INFO - Searching for files in /opt/airflow/dags
[2026-01-16T09:27:39.535+0000] {manager.py:740} INFO - There are 0 files in /opt/airflow/dags
[2026-01-16T09:32:40.117+0000] {manager.py:737} INFO - Searching for files in /opt/airflow/dags
[2026-01-16T09:32:40.121+0000] {manager.py:740} INFO - There are 0 files in /opt/airflow/dags
[2026-01-16T09:37:40.749+0000] {manager.py:737} INFO - Searching for files in /opt/airflow/dags
[2026-01-16T09:37:40.755+0000] {manager.py:740} INFO - There are 0 files in /opt/airflow/dags
[2026-01-16T09:42:41.239+0000] {manager.py:737} INFO - Searching for files in /opt/airflow/dags
[2026-01-16T09:42:41.243+0000] {manager.py:740} INFO - There are 0 files in /opt/airflow/dags
[2026-01-16T09:47:42.140+0000] {manager.py:737} INFO - Searching for files in /opt/airflow/dags
[2026-01-16T09:47:42.145+0000] {manager.py:740} INFO - There are 0 files in /opt/airflow/dags
[2026-01-16T09:52:42.899+0000] {manager.py:737} INFO - Searching for files in /opt/airflow/dags
[2026-01-16T09:52:42.902+0000] {manager.py:740} INFO - There are 0 files in /opt/airflow/dags
[2026-01-16T09:57:43.232+0000] {manager.py:737} INFO - Searching for files in /opt/airflow/dags
[2026-01-16T09:57:43.237+0000] {manager.py:740} INFO - There are 0 files in /opt/airflow/dags
[2026-01-16T10:02:43.926+0000] {manager.py:737} INFO - Searching for files in /opt/airflow/dags
[2026-01-16T10:02:43.932+0000] {manager.py:740} INFO - There are 0 files in /opt/airflow/dags
[2026-01-16T10:07:44.777+0000] {manager.py:737} INFO - Searching for files in /opt/airflow/dags
[2026-01-16T10:07:44.781+0000] {manager.py:740} INFO - There are 0 files in /opt/airflow/dags
[2026-01-16T10:12:44.922+0000] {manager.py:737} INFO - Searching for files in /opt/airflow/dags
[2026-01-16T10:12:44.927+0000] {manager.py:740} INFO - There are 0 files in /opt/airflow/dags
[2026-01-16T10:17:45.506+0000] {manager.py:737} INFO - Searching for files in /opt/airflow/dags
[2026-01-16T10:17:45.509+0000] {manager.py:740} INFO - There are 0 files in /opt/airflow/dags
[2026-01-16T10:22:45.626+0000] {manager.py:737} INFO - Searching for files in /opt/airflow/dags
[2026-01-16T10:22:45.629+0000] {manager.py:740} INFO - There are 0 files in /opt/airflow/dags
[2026-01-16T10:27:45.766+0000] {manager.py:737} INFO - Searching for files in /opt/airflow/dags
[2026-01-16T10:27:45.770+0000] {manager.py:740} INFO - There are 0 files in /opt/airflow/dags
[2026-01-16T10:32:45.769+0000] {manager.py:737} INFO - Searching for files in /opt/airflow/dags
[2026-01-16T10:32:45.775+0000] {manager.py:740} INFO - There are 0 files in /opt/airflow/dags
[2026-01-16T10:37:46.582+0000] {manager.py:737} INFO - Searching for files in /opt/airflow/dags
[2026-01-16T10:37:46.586+0000] {manager.py:740} INFO - There are 0 files in /opt/airflow/dags
[2026-01-16T10:42:47.314+0000] {manager.py:737} INFO - Searching for files in /opt/airflow/dags
[2026-01-16T10:42:47.320+0000] {manager.py:740} INFO - There are 0 files in /opt/airflow/dags
[2026-01-16T10:47:47.901+0000] {manager.py:737} INFO - Searching for files in /opt/airflow/dags
[2026-01-16T10:47:47.906+0000] {manager.py:740} INFO - There are 0 files in /opt/airflow/dags
[2026-01-16T10:52:48.655+0000] {manager.py:737} INFO - Searching for files in /opt/airflow/dags
[2026-01-16T10:52:48.659+0000] {manager.py:740} INFO - There are 0 files in /opt/airflow/dags
[2026-01-16T10:57:49.307+0000] {manager.py:737} INFO - Searching for files in /opt/airflow/dags
[2026-01-16T10:57:49.311+0000] {manager.py:740} INFO - There are 0 files in /opt/airflow/dags
[2026-01-16T11:02:50.116+0000] {manager.py:737} INFO - Searching for files in /opt/airflow/dags
[2026-01-16T11:02:50.122+0000] {manager.py:740} INFO - There are 0 files in /opt/airflow/dags
[2026-01-16T11:07:50.815+0000] {manager.py:737} INFO - Searching for files in /opt/airflow/dags
[2026-01-16T11:07:50.819+0000] {manager.py:740} INFO - There are 0 files in /opt/airflow/dags
[2026-01-16T11:12:51.415+0000] {manager.py:737} INFO - Searching for files in /opt/airflow/dags
[2026-01-16T11:12:51.421+0000] {manager.py:740} INFO - There are 0 files in /opt/airflow/dags
[2026-01-16T11:17:52.084+0000] {manager.py:737} INFO - Searching for files in /opt/airflow/dags
[2026-01-16T11:17:52.087+0000] {manager.py:740} INFO - There are 0 files in /opt/airflow/dags
[2026-01-16T11:22:52.707+0000] {manager.py:737} INFO - Searching for files in /opt/airflow/dags
[2026-01-16T11:22:52.712+0000] {manager.py:740} INFO - There are 0 files in /opt/airflow/dags
[2026-01-16T11:27:53.194+0000] {manager.py:737} INFO - Searching for files in /opt/airflow/dags
[2026-01-16T11:27:53.196+0000] {manager.py:740} INFO - There are 0 files in /opt/airflow/dags
[2026-01-16T11:32:53.766+0000] {manager.py:737} INFO - Searching for files in /opt/airflow/dags
[2026-01-16T11:32:53.771+0000] {manager.py:740} INFO - There are 0 files in /opt/airflow/dags
[2026-01-16T11:37:54.305+0000] {manager.py:737} INFO - Searching for files in /opt/airflow/dags
[2026-01-16T11:37:54.308+0000] {manager.py:740} INFO - There are 0 files in /opt/airflow/dags
[2026-01-16T11:42:54.878+0000] {manager.py:737} INFO - Searching for files in /opt/airflow/dags
[2026-01-16T11:42:54.884+0000] {manager.py:740} INFO - There are 0 files in /opt/airflow/dags
[2026-01-16T11:47:55.368+0000] {manager.py:737} INFO - Searching for files in /opt/airflow/dags
[2026-01-16T11:47:55.372+0000] {manager.py:740} INFO - There are 0 files in /opt/airflow/dags
[2026-01-16T11:52:56.045+0000] {manager.py:737} INFO - Searching for files in /opt/airflow/dags
[2026-01-16T11:52:56.050+0000] {manager.py:740} INFO - There are 0 files in /opt/airflow/dags
[2026-01-16T11:57:56.885+0000] {manager.py:737} INFO - Searching for files in /opt/airflow/dags
[2026-01-16T11:57:56.890+0000] {manager.py:740} INFO - There are 0 files in /opt/airflow/dags
[2026-01-16T12:02:57.512+0000] {manager.py:737} INFO - Searching for files in /opt/airflow/dags
[2026-01-16T12:02:57.514+0000] {manager.py:740} INFO - There are 0 files in /opt/airflow/dags
[2026-01-16T12:07:58.316+0000] {manager.py:737} INFO - Searching for files in /opt/airflow/dags
[2026-01-16T12:07:58.320+0000] {manager.py:740} INFO - There are 0 files in /opt/airflow/dags
[2026-01-16T12:12:59.141+0000] {manager.py:737} INFO - Searching for files in /opt/airflow/dags
[2026-01-16T12:12:59.146+0000] {manager.py:740} INFO - There are 0 files in /opt/airflow/dags
[2026-01-16T12:17:59.965+0000] {manager.py:737} INFO - Searching for files in /opt/airflow/dags
[2026-01-16T12:17:59.970+0000] {manager.py:740} INFO - There are 0 files in /opt/airflow/dags
[2026-01-16T12:23:00.522+0000] {manager.py:737} INFO - Searching for files in /opt/airflow/dags
[2026-01-16T12:23:00.528+0000] {manager.py:740} INFO - There are 0 files in /opt/airflow/dags
[2026-01-16T12:28:01.469+0000] {manager.py:737} INFO - Searching for files in /opt/airflow/dags
[2026-01-16T12:28:01.474+0000] {manager.py:740} INFO - There are 0 files in /opt/airflow/dags
[2026-01-16T12:33:02.047+0000] {manager.py:737} INFO - Searching for files in /opt/airflow/dags
[2026-01-16T12:33:02.052+0000] {manager.py:740} INFO - There are 0 files in /opt/airflow/dags
[2026-01-16T12:38:02.842+0000] {manager.py:737} INFO - Searching for files in /opt/airflow/dags
[2026-01-16T12:38:02.847+0000] {manager.py:740} INFO - There are 0 files in /opt/airflow/dags
[2026-01-16T12:43:03.471+0000] {manager.py:737} INFO - Searching for files in /opt/airflow/dags
[2026-01-16T12:43:03.474+0000] {manager.py:740} INFO - There are 0 files in /opt/airflow/dags
[2026-01-16T12:48:04.115+0000] {manager.py:737} INFO - Searching for files in /opt/airflow/dags
[2026-01-16T12:48:04.121+0000] {manager.py:740} INFO - There are 0 files in /opt/airflow/dags
[2026-01-16T12:53:04.913+0000] {manager.py:737} INFO - Searching for files in /opt/airflow/dags
[2026-01-16T12:53:04.916+0000] {manager.py:740} INFO - There are 0 files in /opt/airflow/dags
[2026-01-16T12:58:05.914+0000] {manager.py:737} INFO - Searching for files in /opt/airflow/dags
[2026-01-16T12:58:05.916+0000] {manager.py:740} INFO - There are 0 files in /opt/airflow/dags
[2026-01-16T13:03:06.102+0000] {manager.py:737} INFO - Searching for files in /opt/airflow/dags
[2026-01-16T13:03:06.106+0000] {manager.py:740} INFO - There are 0 files in /opt/airflow/dags
[2026-01-16T13:08:06.969+0000] {manager.py:737} INFO - Searching for files in /opt/airflow/dags
[2026-01-16T13:08:06.973+0000] {manager.py:740} INFO - There are 0 files in /opt/airflow/dags
[2026-01-16T13:13:07.399+0000] {manager.py:737} INFO - Searching for files in /opt/airflow/dags
[2026-01-16T13:13:07.404+0000] {manager.py:740} INFO - There are 0 files in /opt/airflow/dags
[2026-01-16T13:18:08.129+0000] {manager.py:737} INFO - Searching for files in /opt/airflow/dags
[2026-01-16T13:18:08.132+0000] {manager.py:740} INFO - There are 0 files in /opt/airflow/dags
[2026-01-16T13:23:08.840+0000] {manager.py:737} INFO - Searching for files in /opt/airflow/dags
[2026-01-16T13:23:08.845+0000] {manager.py:740} INFO - There are 0 files in /opt/airflow/dags
[2026-01-16T13:28:09.668+0000] {manager.py:737} INFO - Searching for files in /opt/airflow/dags
[2026-01-16T13:28:09.672+0000] {manager.py:740} INFO - There are 0 files in /opt/airflow/dags
[2026-01-16T13:33:10.431+0000] {manager.py:737} INFO - Searching for files in /opt/airflow/dags
[2026-01-16T13:33:10.434+0000] {manager.py:740} INFO - There are 0 files in /opt/airflow/dags
[2026-01-16T13:38:10.736+0000] {manager.py:737} INFO - Searching for files in /opt/airflow/dags
[2026-01-16T13:38:10.740+0000] {manager.py:740} INFO - There are 0 files in /opt/airflow/dags
[2026-01-16T13:43:11.640+0000] {manager.py:737} INFO - Searching for files in /opt/airflow/dags
[2026-01-16T13:43:11.644+0000] {manager.py:740} INFO - There are 0 files in /opt/airflow/dags
[2026-01-16T13:48:12.207+0000] {manager.py:737} INFO - Searching for files in /opt/airflow/dags
[2026-01-16T13:48:12.213+0000] {manager.py:740} INFO - There are 0 files in /opt/airflow/dags
[2026-01-16T13:53:12.776+0000] {manager.py:737} INFO - Searching for files in /opt/airflow/dags
[2026-01-16T13:53:12.782+0000] {manager.py:740} INFO - There are 0 files in /opt/airflow/dags
[2026-01-16T13:58:13.319+0000] {manager.py:737} INFO - Searching for files in /opt/airflow/dags
[2026-01-16T13:58:13.324+0000] {manager.py:740} INFO - There are 0 files in /opt/airflow/dags
[2026-01-16T14:03:13.856+0000] {manager.py:737} INFO - Searching for files in /opt/airflow/dags
[2026-01-16T14:03:13.860+0000] {manager.py:740} INFO - There are 0 files in /opt/airflow/dags
[2026-01-16T14:08:14.360+0000] {manager.py:737} INFO - Searching for files in /opt/airflow/dags
[2026-01-16T14:08:14.373+0000] {manager.py:740} INFO - There are 0 files in /opt/airflow/dags
[2026-01-16T14:13:15.151+0000] {manager.py:737} INFO - Searching for files in /opt/airflow/dags
[2026-01-16T14:13:15.156+0000] {manager.py:740} INFO - There are 0 files in /opt/airflow/dags
[2026-01-16T14:18:15.790+0000] {manager.py:737} INFO - Searching for files in /opt/airflow/dags
[2026-01-16T14:18:15.800+0000] {manager.py:740} INFO - There are 0 files in /opt/airflow/dags
[2026-01-16T14:23:16.680+0000] {manager.py:737} INFO - Searching for files in /opt/airflow/dags
[2026-01-16T14:23:16.689+0000] {manager.py:740} INFO - There are 0 files in /opt/airflow/dags
[2026-01-16T14:28:17.495+0000] {manager.py:737} INFO - Searching for files in /opt/airflow/dags
[2026-01-16T14:28:17.502+0000] {manager.py:740} INFO - There are 0 files in /opt/airflow/dags
[2026-01-16T14:33:18.148+0000] {manager.py:737} INFO - Searching for files in /opt/airflow/dags
[2026-01-16T14:33:18.156+0000] {manager.py:740} INFO - There are 0 files in /opt/airflow/dags
[2026-01-16T14:38:19.006+0000] {manager.py:737} INFO - Searching for files in /opt/airflow/dags
[2026-01-16T14:38:19.016+0000] {manager.py:740} INFO - There are 0 files in /opt/airflow/dags
[2026-01-16T14:43:19.859+0000] {manager.py:737} INFO - Searching for files in /opt/airflow/dags
[2026-01-16T14:43:19.870+0000] {manager.py:740} INFO - There are 0 files in /opt/airflow/dags
[2026-01-16T14:49:31.197+0000] {manager.py:737} INFO - Searching for files in /opt/airflow/dags
[2026-01-16T14:49:31.201+0000] {manager.py:740} INFO - There are 0 files in /opt/airflow/dags
[2026-01-16T15:15:06.099+0000] {manager.py:737} INFO - Searching for files in /opt/airflow/dags
[2026-01-16T15:15:06.104+0000] {manager.py:740} INFO - There are 0 files in /opt/airflow/dags
[2026-01-16T15:20:07.005+0000] {manager.py:737} INFO - Searching for files in /opt/airflow/dags
[2026-01-16T15:20:07.014+0000] {manager.py:740} INFO - There are 0 files in /opt/airflow/dags
[2026-01-16T15:25:07.694+0000] {manager.py:737} INFO - Searching for files in /opt/airflow/dags
[2026-01-16T15:25:07.704+0000] {manager.py:740} INFO - There are 0 files in /opt/airflow/dags
[2026-01-16T15:30:08.483+0000] {manager.py:737} INFO - Searching for files in /opt/airflow/dags
[2026-01-16T15:30:08.493+0000] {manager.py:740} INFO - There are 0 files in /opt/airflow/dags
[2026-01-16T15:35:09.187+0000] {manager.py:737} INFO - Searching for files in /opt/airflow/dags
[2026-01-16T15:35:09.198+0000] {manager.py:740} INFO - There are 0 files in /opt/airflow/dags
[2026-01-16T15:40:09.872+0000] {manager.py:737} INFO - Searching for files in /opt/airflow/dags
[2026-01-16T15:40:09.881+0000] {manager.py:740} INFO - There are 1 files in /opt/airflow/dags
[2026-01-16T15:40:26.035+0000] {manager.py:878} INFO - 
================================================================================
DAG File Processing Stats

File Path                  PID    Runtime      # DAGs    # Errors  Last Runtime    Last Run
-------------------------  -----  ---------  --------  ----------  --------------  -------------------
/opt/airflow/dags/main.py                           0           1  0.09s           2026-01-16T15:40:09
================================================================================
[2026-01-16T15:40:56.335+0000] {manager.py:878} INFO - 
================================================================================
DAG File Processing Stats

File Path                  PID    Runtime      # DAGs    # Errors  Last Runtime    Last Run
-------------------------  -----  ---------  --------  ----------  --------------  -------------------
/opt/airflow/dags/main.py                           0           1  0.05s           2026-01-16T15:40:40
================================================================================
[2026-01-16T15:41:26.652+0000] {manager.py:878} INFO - 
================================================================================
DAG File Processing Stats

File Path                  PID    Runtime      # DAGs    # Errors  Last Runtime    Last Run
-------------------------  -----  ---------  --------  ----------  --------------  -------------------
/opt/airflow/dags/main.py                           0           1  0.07s           2026-01-16T15:41:10
================================================================================
[2026-01-16T15:41:56.927+0000] {manager.py:878} INFO - 
================================================================================
DAG File Processing Stats

File Path                  PID    Runtime      # DAGs    # Errors  Last Runtime    Last Run
-------------------------  -----  ---------  --------  ----------  --------------  -------------------
/opt/airflow/dags/main.py                           0           1  0.04s           2026-01-16T15:41:40
================================================================================
[2026-01-16T15:42:27.216+0000] {manager.py:878} INFO - 
================================================================================
DAG File Processing Stats

File Path                  PID    Runtime      # DAGs    # Errors  Last Runtime    Last Run
-------------------------  -----  ---------  --------  ----------  --------------  -------------------
/opt/airflow/dags/main.py                           0           1  0.07s           2026-01-16T15:42:11
================================================================================
[2026-01-16T15:42:57.510+0000] {manager.py:878} INFO - 
================================================================================
DAG File Processing Stats

File Path                  PID    Runtime      # DAGs    # Errors  Last Runtime    Last Run
-------------------------  -----  ---------  --------  ----------  --------------  -------------------
/opt/airflow/dags/main.py                           0           1  0.05s           2026-01-16T15:42:41
================================================================================
[2026-01-16T15:43:27.804+0000] {manager.py:878} INFO - 
================================================================================
DAG File Processing Stats

File Path                  PID    Runtime      # DAGs    # Errors  Last Runtime    Last Run
-------------------------  -----  ---------  --------  ----------  --------------  -------------------
/opt/airflow/dags/main.py                           0           1  0.04s           2026-01-16T15:43:11
================================================================================
[2026-01-16T15:43:58.060+0000] {manager.py:878} INFO - 
================================================================================
DAG File Processing Stats

File Path                  PID    Runtime      # DAGs    # Errors  Last Runtime    Last Run
-------------------------  -----  ---------  --------  ----------  --------------  -------------------
/opt/airflow/dags/main.py                           0           1  0.05s           2026-01-16T15:43:41
================================================================================
[2026-01-16T15:44:28.314+0000] {manager.py:878} INFO - 
================================================================================
DAG File Processing Stats

File Path                  PID    Runtime      # DAGs    # Errors  Last Runtime    Last Run
-------------------------  -----  ---------  --------  ----------  --------------  -------------------
/opt/airflow/dags/main.py                           0           1  0.04s           2026-01-16T15:44:12
================================================================================
[2026-01-16T15:44:58.559+0000] {manager.py:878} INFO - 
================================================================================
DAG File Processing Stats

File Path                  PID    Runtime      # DAGs    # Errors  Last Runtime    Last Run
-------------------------  -----  ---------  --------  ----------  --------------  -------------------
/opt/airflow/dags/main.py                           0           1  0.04s           2026-01-16T15:44:42
================================================================================
[2026-01-16T15:45:10.650+0000] {manager.py:737} INFO - Searching for files in /opt/airflow/dags
[2026-01-16T15:45:10.660+0000] {manager.py:740} INFO - There are 1 files in /opt/airflow/dags
[2026-01-16T15:45:28.902+0000] {manager.py:878} INFO - 
================================================================================
DAG File Processing Stats

File Path                  PID    Runtime      # DAGs    # Errors  Last Runtime    Last Run
-------------------------  -----  ---------  --------  ----------  --------------  -------------------
/opt/airflow/dags/main.py                           0           1  0.05s           2026-01-16T15:45:12
================================================================================
[2026-01-16T15:45:59.186+0000] {manager.py:878} INFO - 
================================================================================
DAG File Processing Stats

File Path                  PID    Runtime      # DAGs    # Errors  Last Runtime    Last Run
-------------------------  -----  ---------  --------  ----------  --------------  -------------------
/opt/airflow/dags/main.py                           0           1  0.05s           2026-01-16T15:45:43
================================================================================
[2026-01-16T15:46:29.419+0000] {manager.py:878} INFO - 
================================================================================
DAG File Processing Stats

File Path                  PID    Runtime      # DAGs    # Errors  Last Runtime    Last Run
-------------------------  -----  ---------  --------  ----------  --------------  -------------------
/opt/airflow/dags/main.py                           0           1  0.03s           2026-01-16T15:46:13
================================================================================
[2026-01-16T15:46:59.680+0000] {manager.py:878} INFO - 
================================================================================
DAG File Processing Stats

File Path                  PID    Runtime      # DAGs    # Errors  Last Runtime    Last Run
-------------------------  -----  ---------  --------  ----------  --------------  -------------------
/opt/airflow/dags/main.py                           0           1  0.04s           2026-01-16T15:46:43
================================================================================
[2026-01-16T15:47:29.945+0000] {manager.py:878} INFO - 
================================================================================
DAG File Processing Stats

File Path                  PID    Runtime      # DAGs    # Errors  Last Runtime    Last Run
-------------------------  -----  ---------  --------  ----------  --------------  -------------------
/opt/airflow/dags/main.py                           0           1  0.05s           2026-01-16T15:47:13
================================================================================
[2026-01-16T15:48:00.239+0000] {manager.py:878} INFO - 
================================================================================
DAG File Processing Stats

File Path                  PID    Runtime      # DAGs    # Errors  Last Runtime    Last Run
-------------------------  -----  ---------  --------  ----------  --------------  -------------------
/opt/airflow/dags/main.py                           0           1  0.05s           2026-01-16T15:47:44
================================================================================
[2026-01-16T15:48:30.531+0000] {manager.py:878} INFO - 
================================================================================
DAG File Processing Stats

File Path                  PID    Runtime      # DAGs    # Errors  Last Runtime    Last Run
-------------------------  -----  ---------  --------  ----------  --------------  -------------------
/opt/airflow/dags/main.py                           0           1  0.03s           2026-01-16T15:48:14
================================================================================
[2026-01-16T15:49:00.833+0000] {manager.py:878} INFO - 
================================================================================
DAG File Processing Stats

File Path                  PID    Runtime      # DAGs    # Errors  Last Runtime    Last Run
-------------------------  -----  ---------  --------  ----------  --------------  -------------------
/opt/airflow/dags/main.py                           0           1  0.03s           2026-01-16T15:48:44
================================================================================
[2026-01-16T15:49:31.129+0000] {manager.py:878} INFO - 
================================================================================
DAG File Processing Stats

File Path                  PID    Runtime      # DAGs    # Errors  Last Runtime    Last Run
-------------------------  -----  ---------  --------  ----------  --------------  -------------------
/opt/airflow/dags/main.py                           0           1  0.05s           2026-01-16T15:49:15
================================================================================
[2026-01-16T15:50:01.456+0000] {manager.py:878} INFO - 
================================================================================
DAG File Processing Stats

File Path                  PID    Runtime      # DAGs    # Errors  Last Runtime    Last Run
-------------------------  -----  ---------  --------  ----------  --------------  -------------------
/opt/airflow/dags/main.py                           0           1  0.05s           2026-01-16T15:49:45
================================================================================
[2026-01-16T15:50:11.568+0000] {manager.py:737} INFO - Searching for files in /opt/airflow/dags
[2026-01-16T15:50:11.580+0000] {manager.py:740} INFO - There are 1 files in /opt/airflow/dags
[2026-01-16T15:50:31.811+0000] {manager.py:878} INFO - 
================================================================================
DAG File Processing Stats

File Path                  PID    Runtime      # DAGs    # Errors  Last Runtime    Last Run
-------------------------  -----  ---------  --------  ----------  --------------  -------------------
/opt/airflow/dags/main.py                           0           1  0.09s           2026-01-16T15:50:15
================================================================================
[2026-01-16T15:51:02.141+0000] {manager.py:878} INFO - 
================================================================================
DAG File Processing Stats

File Path                  PID    Runtime      # DAGs    # Errors  Last Runtime    Last Run
-------------------------  -----  ---------  --------  ----------  --------------  -------------------
/opt/airflow/dags/main.py                           0           1  0.07s           2026-01-16T15:50:46
================================================================================
[2026-01-16T15:51:32.469+0000] {manager.py:878} INFO - 
================================================================================
DAG File Processing Stats

File Path                  PID    Runtime      # DAGs    # Errors  Last Runtime    Last Run
-------------------------  -----  ---------  --------  ----------  --------------  -------------------
/opt/airflow/dags/main.py                           0           1  0.08s           2026-01-16T15:51:16
================================================================================
[2026-01-16T15:52:02.753+0000] {manager.py:878} INFO - 
================================================================================
DAG File Processing Stats

File Path                  PID    Runtime      # DAGs    # Errors  Last Runtime    Last Run
-------------------------  -----  ---------  --------  ----------  --------------  -------------------
/opt/airflow/dags/main.py                           0           1  0.05s           2026-01-16T15:51:46
================================================================================
[2026-01-16T15:52:33.044+0000] {manager.py:878} INFO - 
================================================================================
DAG File Processing Stats

File Path                  PID    Runtime      # DAGs    # Errors  Last Runtime    Last Run
-------------------------  -----  ---------  --------  ----------  --------------  -------------------
/opt/airflow/dags/main.py                           0           1  0.05s           2026-01-16T15:52:16
================================================================================
[2026-01-16T15:53:03.359+0000] {manager.py:878} INFO - 
================================================================================
DAG File Processing Stats

File Path                  PID    Runtime      # DAGs    # Errors  Last Runtime    Last Run
-------------------------  -----  ---------  --------  ----------  --------------  -------------------
/opt/airflow/dags/main.py                           0           1  0.04s           2026-01-16T15:52:47
================================================================================
[2026-01-16T15:53:33.669+0000] {manager.py:878} INFO - 
================================================================================
DAG File Processing Stats

File Path                  PID    Runtime      # DAGs    # Errors  Last Runtime    Last Run
-------------------------  -----  ---------  --------  ----------  --------------  -------------------
/opt/airflow/dags/main.py                           0           1  0.05s           2026-01-16T15:53:17
================================================================================
[2026-01-16T15:54:03.964+0000] {manager.py:878} INFO - 
================================================================================
DAG File Processing Stats

File Path                  PID    Runtime      # DAGs    # Errors  Last Runtime    Last Run
-------------------------  -----  ---------  --------  ----------  --------------  -------------------
/opt/airflow/dags/main.py                           0           1  0.04s           2026-01-16T15:53:47
================================================================================
[2026-01-16T15:54:34.290+0000] {manager.py:878} INFO - 
================================================================================
DAG File Processing Stats

File Path                  PID    Runtime      # DAGs    # Errors  Last Runtime    Last Run
-------------------------  -----  ---------  --------  ----------  --------------  -------------------
/opt/airflow/dags/main.py                           0           1  0.07s           2026-01-16T15:54:18
================================================================================
[2026-01-16T15:55:04.575+0000] {manager.py:878} INFO - 
================================================================================
DAG File Processing Stats

File Path                  PID    Runtime      # DAGs    # Errors  Last Runtime    Last Run
-------------------------  -----  ---------  --------  ----------  --------------  -------------------
/opt/airflow/dags/main.py                           0           1  0.05s           2026-01-16T15:54:48
================================================================================
[2026-01-16T15:55:11.634+0000] {manager.py:737} INFO - Searching for files in /opt/airflow/dags
[2026-01-16T15:55:11.644+0000] {manager.py:740} INFO - There are 1 files in /opt/airflow/dags
[2026-01-16T15:55:34.870+0000] {manager.py:878} INFO - 
================================================================================
DAG File Processing Stats

File Path                  PID    Runtime      # DAGs    # Errors  Last Runtime    Last Run
-------------------------  -----  ---------  --------  ----------  --------------  -------------------
/opt/airflow/dags/main.py                           0           1  0.04s           2026-01-16T15:55:18
================================================================================
[2026-01-16T15:56:05.131+0000] {manager.py:878} INFO - 
================================================================================
DAG File Processing Stats

File Path                  PID    Runtime      # DAGs    # Errors  Last Runtime    Last Run
-------------------------  -----  ---------  --------  ----------  --------------  -------------------
/opt/airflow/dags/main.py                           0           1  0.05s           2026-01-16T15:55:49
================================================================================
[2026-01-16T15:56:35.397+0000] {manager.py:878} INFO - 
================================================================================
DAG File Processing Stats

File Path                  PID    Runtime      # DAGs    # Errors  Last Runtime    Last Run
-------------------------  -----  ---------  --------  ----------  --------------  -------------------
/opt/airflow/dags/main.py                           0           1  0.04s           2026-01-16T15:56:19
================================================================================
[2026-01-16T15:57:05.681+0000] {manager.py:878} INFO - 
================================================================================
DAG File Processing Stats

File Path                  PID    Runtime      # DAGs    # Errors  Last Runtime    Last Run
-------------------------  -----  ---------  --------  ----------  --------------  -------------------
/opt/airflow/dags/main.py                           0           1  0.05s           2026-01-16T15:56:49
================================================================================
[2026-01-16T15:57:35.987+0000] {manager.py:878} INFO - 
================================================================================
DAG File Processing Stats

File Path                  PID    Runtime      # DAGs    # Errors  Last Runtime    Last Run
-------------------------  -----  ---------  --------  ----------  --------------  -------------------
/opt/airflow/dags/main.py                           0           1  0.05s           2026-01-16T15:57:19
================================================================================
[2026-01-16T15:58:06.319+0000] {manager.py:878} INFO - 
================================================================================
DAG File Processing Stats

File Path                  PID    Runtime      # DAGs    # Errors  Last Runtime    Last Run
-------------------------  -----  ---------  --------  ----------  --------------  -------------------
/opt/airflow/dags/main.py                           0           1  0.04s           2026-01-16T15:57:50
================================================================================
[2026-01-16T15:58:36.582+0000] {manager.py:878} INFO - 
================================================================================
DAG File Processing Stats

File Path                  PID    Runtime      # DAGs    # Errors  Last Runtime    Last Run
-------------------------  -----  ---------  --------  ----------  --------------  -------------------
/opt/airflow/dags/main.py                           0           1  0.04s           2026-01-16T15:58:20
================================================================================
[2026-01-16T15:59:06.974+0000] {manager.py:878} INFO - 
================================================================================
DAG File Processing Stats

File Path                  PID    Runtime      # DAGs    # Errors  Last Runtime    Last Run
-------------------------  -----  ---------  --------  ----------  --------------  -------------------
/opt/airflow/dags/main.py                           0           1  0.06s           2026-01-16T15:58:50
================================================================================
[2026-01-16T15:59:37.270+0000] {manager.py:878} INFO - 
================================================================================
DAG File Processing Stats

File Path                  PID    Runtime      # DAGs    # Errors  Last Runtime    Last Run
-------------------------  -----  ---------  --------  ----------  --------------  -------------------
/opt/airflow/dags/main.py                           0           1  0.07s           2026-01-16T15:59:21
================================================================================
[2026-01-16T16:00:07.564+0000] {manager.py:878} INFO - 
================================================================================
DAG File Processing Stats

File Path                  PID    Runtime      # DAGs    # Errors  Last Runtime    Last Run
-------------------------  -----  ---------  --------  ----------  --------------  -------------------
/opt/airflow/dags/main.py                           0           1  0.05s           2026-01-16T15:59:51
================================================================================
[2026-01-16T16:00:12.615+0000] {manager.py:737} INFO - Searching for files in /opt/airflow/dags
[2026-01-16T16:00:12.625+0000] {manager.py:740} INFO - There are 1 files in /opt/airflow/dags
[2026-01-16T16:00:37.936+0000] {manager.py:878} INFO - 
================================================================================
DAG File Processing Stats

File Path                  PID    Runtime      # DAGs    # Errors  Last Runtime    Last Run
-------------------------  -----  ---------  --------  ----------  --------------  -------------------
/opt/airflow/dags/main.py                           0           1  0.05s           2026-01-16T16:00:26
================================================================================
[2026-01-16T16:01:08.233+0000] {manager.py:878} INFO - 
================================================================================
DAG File Processing Stats

File Path                  PID    Runtime      # DAGs    # Errors  Last Runtime    Last Run
-------------------------  -----  ---------  --------  ----------  --------------  -------------------
/opt/airflow/dags/main.py                           0           1  0.06s           2026-01-16T16:00:57
================================================================================
[2026-01-16T16:01:38.531+0000] {manager.py:878} INFO - 
================================================================================
DAG File Processing Stats

File Path                  PID    Runtime      # DAGs    # Errors  Last Runtime    Last Run
-------------------------  -----  ---------  --------  ----------  --------------  -------------------
/opt/airflow/dags/main.py                           0           1  0.07s           2026-01-16T16:01:27
================================================================================
[2026-01-16T16:02:08.850+0000] {manager.py:878} INFO - 
================================================================================
DAG File Processing Stats

File Path                  PID    Runtime      # DAGs    # Errors  Last Runtime    Last Run
-------------------------  -----  ---------  --------  ----------  --------------  -------------------
/opt/airflow/dags/main.py                           0           1  0.05s           2026-01-16T16:01:57
================================================================================
[2026-01-16T16:02:39.158+0000] {manager.py:878} INFO - 
================================================================================
DAG File Processing Stats

File Path                  PID    Runtime      # DAGs    # Errors  Last Runtime    Last Run
-------------------------  -----  ---------  --------  ----------  --------------  -------------------
/opt/airflow/dags/main.py                           0           1  0.06s           2026-01-16T16:02:34
================================================================================
[2026-01-16T16:03:09.436+0000] {manager.py:878} INFO - 
================================================================================
DAG File Processing Stats

File Path                  PID    Runtime      # DAGs    # Errors  Last Runtime    Last Run
-------------------------  -----  ---------  --------  ----------  --------------  -------------------
/opt/airflow/dags/main.py                           0           1  0.05s           2026-01-16T16:03:04
================================================================================
[2026-01-16T16:03:39.733+0000] {manager.py:878} INFO - 
================================================================================
DAG File Processing Stats

File Path                  PID    Runtime      # DAGs    # Errors  Last Runtime    Last Run
-------------------------  -----  ---------  --------  ----------  --------------  -------------------
/opt/airflow/dags/main.py                           0           1  0.04s           2026-01-16T16:03:34
================================================================================
[2026-01-16T16:04:10.042+0000] {manager.py:878} INFO - 
================================================================================
DAG File Processing Stats

File Path                  PID    Runtime      # DAGs    # Errors  Last Runtime    Last Run
-------------------------  -----  ---------  --------  ----------  --------------  -------------------
/opt/airflow/dags/main.py                           0           1  0.08s           2026-01-16T16:04:05
================================================================================
[2026-01-16T16:04:40.356+0000] {manager.py:878} INFO - 
================================================================================
DAG File Processing Stats

File Path                  PID    Runtime      # DAGs    # Errors  Last Runtime    Last Run
-------------------------  -----  ---------  --------  ----------  --------------  -------------------
/opt/airflow/dags/main.py                           0           1  0.06s           2026-01-16T16:04:35
================================================================================
[2026-01-16T16:05:10.666+0000] {manager.py:878} INFO - 
================================================================================
DAG File Processing Stats

File Path                  PID    Runtime      # DAGs    # Errors  Last Runtime    Last Run
-------------------------  -----  ---------  --------  ----------  --------------  -------------------
/opt/airflow/dags/main.py                           0           1  0.07s           2026-01-16T16:05:05
================================================================================
[2026-01-16T16:05:12.684+0000] {manager.py:737} INFO - Searching for files in /opt/airflow/dags
[2026-01-16T16:05:12.693+0000] {manager.py:740} INFO - There are 1 files in /opt/airflow/dags
[2026-01-16T16:05:41.033+0000] {manager.py:878} INFO - 
================================================================================
DAG File Processing Stats

File Path                  PID    Runtime      # DAGs    # Errors  Last Runtime    Last Run
-------------------------  -----  ---------  --------  ----------  --------------  -------------------
/opt/airflow/dags/main.py                           0           1  0.05s           2026-01-16T16:05:36
================================================================================
[2026-01-16T16:06:11.365+0000] {manager.py:878} INFO - 
================================================================================
DAG File Processing Stats

File Path                  PID    Runtime      # DAGs    # Errors  Last Runtime    Last Run
-------------------------  -----  ---------  --------  ----------  --------------  -------------------
/opt/airflow/dags/main.py                           0           1  0.07s           2026-01-16T16:06:06
================================================================================
[2026-01-16T16:06:41.629+0000] {manager.py:878} INFO - 
================================================================================
DAG File Processing Stats

File Path                  PID    Runtime      # DAGs    # Errors  Last Runtime    Last Run
-------------------------  -----  ---------  --------  ----------  --------------  -------------------
/opt/airflow/dags/main.py                           0           1  0.05s           2026-01-16T16:06:36
================================================================================
[2026-01-16T16:07:11.940+0000] {manager.py:878} INFO - 
================================================================================
DAG File Processing Stats

File Path                  PID    Runtime      # DAGs    # Errors  Last Runtime    Last Run
-------------------------  -----  ---------  --------  ----------  --------------  -------------------
/opt/airflow/dags/main.py                           0           1  0.06s           2026-01-16T16:07:06
================================================================================
[2026-01-16T16:07:42.230+0000] {manager.py:878} INFO - 
================================================================================
DAG File Processing Stats

File Path                  PID    Runtime      # DAGs    # Errors  Last Runtime    Last Run
-------------------------  -----  ---------  --------  ----------  --------------  -------------------
/opt/airflow/dags/main.py                           0           1  0.05s           2026-01-16T16:07:37
================================================================================
[2026-01-16T16:08:12.519+0000] {manager.py:878} INFO - 
================================================================================
DAG File Processing Stats

File Path                  PID    Runtime      # DAGs    # Errors  Last Runtime    Last Run
-------------------------  -----  ---------  --------  ----------  --------------  -------------------
/opt/airflow/dags/main.py                           0           1  0.06s           2026-01-16T16:08:07
================================================================================
[2026-01-16T16:08:42.815+0000] {manager.py:878} INFO - 
================================================================================
DAG File Processing Stats

File Path                  PID    Runtime      # DAGs    # Errors  Last Runtime    Last Run
-------------------------  -----  ---------  --------  ----------  --------------  -------------------
/opt/airflow/dags/main.py                           0           1  0.04s           2026-01-16T16:08:37
================================================================================
[2026-01-16T16:09:13.096+0000] {manager.py:878} INFO - 
================================================================================
DAG File Processing Stats

File Path                  PID    Runtime      # DAGs    # Errors  Last Runtime    Last Run
-------------------------  -----  ---------  --------  ----------  --------------  -------------------
/opt/airflow/dags/main.py                           0           1  0.06s           2026-01-16T16:09:08
================================================================================
[2026-01-16T16:09:43.374+0000] {manager.py:878} INFO - 
================================================================================
DAG File Processing Stats

File Path                  PID    Runtime      # DAGs    # Errors  Last Runtime    Last Run
-------------------------  -----  ---------  --------  ----------  --------------  -------------------
/opt/airflow/dags/main.py                           0           1  0.05s           2026-01-16T16:09:38
================================================================================
[2026-01-16T16:10:13.634+0000] {manager.py:737} INFO - Searching for files in /opt/airflow/dags
[2026-01-16T16:10:13.640+0000] {manager.py:740} INFO - There are 1 files in /opt/airflow/dags
[2026-01-16T16:10:13.647+0000] {manager.py:878} INFO - 
================================================================================
DAG File Processing Stats

File Path                  PID    Runtime      # DAGs    # Errors  Last Runtime    Last Run
-------------------------  -----  ---------  --------  ----------  --------------  -------------------
/opt/airflow/dags/main.py                           0           1  0.04s           2026-01-16T16:10:08
================================================================================
[2026-01-16T16:10:43.942+0000] {manager.py:878} INFO - 
================================================================================
DAG File Processing Stats

File Path                  PID    Runtime      # DAGs    # Errors  Last Runtime    Last Run
-------------------------  -----  ---------  --------  ----------  --------------  -------------------
/opt/airflow/dags/main.py                           0           1  0.05s           2026-01-16T16:10:38
================================================================================
[2026-01-16T16:11:14.209+0000] {manager.py:878} INFO - 
================================================================================
DAG File Processing Stats

File Path                  PID    Runtime      # DAGs    # Errors  Last Runtime    Last Run
-------------------------  -----  ---------  --------  ----------  --------------  -------------------
/opt/airflow/dags/main.py                           0           1  0.05s           2026-01-16T16:11:09
================================================================================
[2026-01-16T16:11:44.471+0000] {manager.py:878} INFO - 
================================================================================
DAG File Processing Stats

File Path                  PID    Runtime      # DAGs    # Errors  Last Runtime    Last Run
-------------------------  -----  ---------  --------  ----------  --------------  -------------------
/opt/airflow/dags/main.py                           0           1  0.07s           2026-01-16T16:11:39
================================================================================
[2026-01-16T16:12:14.751+0000] {manager.py:878} INFO - 
================================================================================
DAG File Processing Stats

File Path                  PID    Runtime      # DAGs    # Errors  Last Runtime    Last Run
-------------------------  -----  ---------  --------  ----------  --------------  -------------------
/opt/airflow/dags/main.py                           0           1  0.04s           2026-01-16T16:12:09
================================================================================
[2026-01-16T16:12:45.050+0000] {manager.py:878} INFO - 
================================================================================
DAG File Processing Stats

File Path                  PID    Runtime      # DAGs    # Errors  Last Runtime    Last Run
-------------------------  -----  ---------  --------  ----------  --------------  -------------------
/opt/airflow/dags/main.py                           0           1  0.04s           2026-01-16T16:12:40
================================================================================
[2026-01-16T16:13:15.351+0000] {manager.py:878} INFO - 
================================================================================
DAG File Processing Stats

File Path                  PID    Runtime      # DAGs    # Errors  Last Runtime    Last Run
-------------------------  -----  ---------  --------  ----------  --------------  -------------------
/opt/airflow/dags/main.py                           0           1  0.04s           2026-01-16T16:13:10
================================================================================
[2026-01-16T16:13:45.638+0000] {manager.py:878} INFO - 
================================================================================
DAG File Processing Stats

File Path                  PID    Runtime      # DAGs    # Errors  Last Runtime    Last Run
-------------------------  -----  ---------  --------  ----------  --------------  -------------------
/opt/airflow/dags/main.py                           0           1  0.04s           2026-01-16T16:13:40
================================================================================
[2026-01-16T16:14:15.923+0000] {manager.py:878} INFO - 
================================================================================
DAG File Processing Stats

File Path                  PID    Runtime      # DAGs    # Errors  Last Runtime    Last Run
-------------------------  -----  ---------  --------  ----------  --------------  -------------------
/opt/airflow/dags/main.py                           0           1  0.04s           2026-01-16T16:14:10
================================================================================
[2026-01-16T16:14:46.253+0000] {manager.py:878} INFO - 
================================================================================
DAG File Processing Stats

File Path                  PID    Runtime      # DAGs    # Errors  Last Runtime    Last Run
-------------------------  -----  ---------  --------  ----------  --------------  -------------------
/opt/airflow/dags/main.py                           0           1  0.04s           2026-01-16T16:14:41
================================================================================
[2026-01-16T16:15:14.597+0000] {manager.py:737} INFO - Searching for files in /opt/airflow/dags
[2026-01-16T16:15:14.603+0000] {manager.py:740} INFO - There are 1 files in /opt/airflow/dags
[2026-01-16T16:15:16.634+0000] {manager.py:878} INFO - 
================================================================================
DAG File Processing Stats

File Path                  PID    Runtime      # DAGs    # Errors  Last Runtime    Last Run
-------------------------  -----  ---------  --------  ----------  --------------  -------------------
/opt/airflow/dags/main.py                           0           1  0.05s           2026-01-16T16:15:11
================================================================================
[2026-01-16T16:15:46.987+0000] {manager.py:878} INFO - 
================================================================================
DAG File Processing Stats

File Path                  PID    Runtime      # DAGs    # Errors  Last Runtime    Last Run
-------------------------  -----  ---------  --------  ----------  --------------  -------------------
/opt/airflow/dags/main.py                           0           1  0.05s           2026-01-16T16:15:41
================================================================================
[2026-01-16T16:16:17.413+0000] {manager.py:878} INFO - 
================================================================================
DAG File Processing Stats

File Path                  PID    Runtime      # DAGs    # Errors  Last Runtime    Last Run
-------------------------  -----  ---------  --------  ----------  --------------  -------------------
/opt/airflow/dags/main.py                           0           1  0.07s           2026-01-16T16:16:12
================================================================================
[2026-01-16T16:16:47.754+0000] {manager.py:878} INFO - 
================================================================================
DAG File Processing Stats

File Path                  PID    Runtime      # DAGs    # Errors  Last Runtime    Last Run
-------------------------  -----  ---------  --------  ----------  --------------  -------------------
/opt/airflow/dags/main.py                           0           1  0.07s           2026-01-16T16:16:42
================================================================================
[2026-01-16T16:17:18.047+0000] {manager.py:878} INFO - 
================================================================================
DAG File Processing Stats

File Path                  PID    Runtime      # DAGs    # Errors  Last Runtime    Last Run
-------------------------  -----  ---------  --------  ----------  --------------  -------------------
/opt/airflow/dags/main.py                           0           1  0.05s           2026-01-16T16:17:13
================================================================================
[2026-01-16T16:17:48.348+0000] {manager.py:878} INFO - 
================================================================================
DAG File Processing Stats

File Path                  PID    Runtime      # DAGs    # Errors  Last Runtime    Last Run
-------------------------  -----  ---------  --------  ----------  --------------  -------------------
/opt/airflow/dags/main.py                           0           1  0.05s           2026-01-16T16:17:43
================================================================================
[2026-01-16T16:18:18.658+0000] {manager.py:878} INFO - 
================================================================================
DAG File Processing Stats

File Path                  PID    Runtime      # DAGs    # Errors  Last Runtime    Last Run
-------------------------  -----  ---------  --------  ----------  --------------  -------------------
/opt/airflow/dags/main.py                           0           1  0.05s           2026-01-16T16:18:13
================================================================================
[2026-01-16T16:18:48.977+0000] {manager.py:878} INFO - 
================================================================================
DAG File Processing Stats

File Path                  PID    Runtime      # DAGs    # Errors  Last Runtime    Last Run
-------------------------  -----  ---------  --------  ----------  --------------  -------------------
/opt/airflow/dags/main.py                           0           1  0.05s           2026-01-16T16:18:43
================================================================================
[2026-01-16T16:19:19.275+0000] {manager.py:878} INFO - 
================================================================================
DAG File Processing Stats

File Path                  PID    Runtime      # DAGs    # Errors  Last Runtime    Last Run
-------------------------  -----  ---------  --------  ----------  --------------  -------------------
/opt/airflow/dags/main.py                           0           1  0.04s           2026-01-16T16:18:55
================================================================================
[2026-01-16T16:19:49.580+0000] {manager.py:878} INFO - 
================================================================================
DAG File Processing Stats

File Path                  PID    Runtime      # DAGs    # Errors  Last Runtime    Last Run
-------------------------  -----  ---------  --------  ----------  --------------  -------------------
/opt/airflow/dags/main.py                           0           1  0.08s           2026-01-16T16:19:25
================================================================================
[2026-01-16T16:20:14.835+0000] {manager.py:737} INFO - Searching for files in /opt/airflow/dags
[2026-01-16T16:20:14.846+0000] {manager.py:740} INFO - There are 1 files in /opt/airflow/dags
[2026-01-16T16:20:19.897+0000] {manager.py:878} INFO - 
================================================================================
DAG File Processing Stats

File Path                  PID    Runtime      # DAGs    # Errors  Last Runtime    Last Run
-------------------------  -----  ---------  --------  ----------  --------------  -------------------
/opt/airflow/dags/main.py                           0           1  0.05s           2026-01-16T16:19:55
================================================================================
[2026-01-16T16:20:50.189+0000] {manager.py:878} INFO - 
================================================================================
DAG File Processing Stats

File Path                  PID    Runtime      # DAGs    # Errors  Last Runtime    Last Run
-------------------------  -----  ---------  --------  ----------  --------------  -------------------
/opt/airflow/dags/main.py                           0           1  0.07s           2026-01-16T16:20:26
================================================================================
[2026-01-16T16:21:20.488+0000] {manager.py:878} INFO - 
================================================================================
DAG File Processing Stats

File Path                  PID    Runtime      # DAGs    # Errors  Last Runtime    Last Run
-------------------------  -----  ---------  --------  ----------  --------------  -------------------
/opt/airflow/dags/main.py                           0           1  0.05s           2026-01-16T16:20:56
================================================================================
[2026-01-16T16:21:50.823+0000] {manager.py:878} INFO - 
================================================================================
DAG File Processing Stats

File Path                  PID    Runtime      # DAGs    # Errors  Last Runtime    Last Run
-------------------------  -----  ---------  --------  ----------  --------------  -------------------
/opt/airflow/dags/main.py                           0           1  0.05s           2026-01-16T16:21:39
================================================================================
[2026-01-16T16:22:21.136+0000] {manager.py:878} INFO - 
================================================================================
DAG File Processing Stats

File Path                  PID    Runtime      # DAGs    # Errors  Last Runtime    Last Run
-------------------------  -----  ---------  --------  ----------  --------------  -------------------
/opt/airflow/dags/main.py                           0           1  0.05s           2026-01-16T16:22:11
================================================================================
[2026-01-16T16:22:51.434+0000] {manager.py:878} INFO - 
================================================================================
DAG File Processing Stats

File Path                  PID    Runtime      # DAGs    # Errors  Last Runtime    Last Run
-------------------------  -----  ---------  --------  ----------  --------------  -------------------
/opt/airflow/dags/main.py                           0           1  0.07s           2026-01-16T16:22:27
================================================================================
[2026-01-16T16:23:21.719+0000] {manager.py:878} INFO - 
================================================================================
DAG File Processing Stats

File Path                  PID    Runtime      # DAGs    # Errors  Last Runtime    Last Run
-------------------------  -----  ---------  --------  ----------  --------------  -------------------
/opt/airflow/dags/main.py                           0           1  0.06s           2026-01-16T16:22:57
================================================================================
[2026-01-16T16:23:51.990+0000] {manager.py:878} INFO - 
================================================================================
DAG File Processing Stats

File Path                  PID    Runtime      # DAGs    # Errors  Last Runtime    Last Run
-------------------------  -----  ---------  --------  ----------  --------------  -------------------
/opt/airflow/dags/main.py                           0           1  0.05s           2026-01-16T16:23:27
================================================================================
[2026-01-16T16:24:22.286+0000] {manager.py:878} INFO - 
================================================================================
DAG File Processing Stats

File Path                  PID    Runtime      # DAGs    # Errors  Last Runtime    Last Run
-------------------------  -----  ---------  --------  ----------  --------------  -------------------
/opt/airflow/dags/main.py                           0           1  0.04s           2026-01-16T16:23:58
================================================================================
[2026-01-16T16:24:52.609+0000] {manager.py:878} INFO - 
================================================================================
DAG File Processing Stats

File Path                  PID    Runtime      # DAGs    # Errors  Last Runtime    Last Run
-------------------------  -----  ---------  --------  ----------  --------------  -------------------
/opt/airflow/dags/main.py                           0           1  0.05s           2026-01-16T16:24:28
================================================================================
[2026-01-16T16:25:14.836+0000] {manager.py:737} INFO - Searching for files in /opt/airflow/dags
[2026-01-16T16:25:14.845+0000] {manager.py:740} INFO - There are 1 files in /opt/airflow/dags
[2026-01-16T16:25:22.924+0000] {manager.py:878} INFO - 
================================================================================
DAG File Processing Stats

File Path                  PID    Runtime      # DAGs    # Errors  Last Runtime    Last Run
-------------------------  -----  ---------  --------  ----------  --------------  -------------------
/opt/airflow/dags/main.py                           0           1  0.04s           2026-01-16T16:24:58
================================================================================
[2026-01-16T16:25:53.236+0000] {manager.py:878} INFO - 
================================================================================
DAG File Processing Stats

File Path                  PID    Runtime      # DAGs    # Errors  Last Runtime    Last Run
-------------------------  -----  ---------  --------  ----------  --------------  -------------------
/opt/airflow/dags/main.py                           0           1  0.05s           2026-01-16T16:25:29
================================================================================
[2026-01-16T16:26:23.573+0000] {manager.py:878} INFO - 
================================================================================
DAG File Processing Stats

File Path                  PID    Runtime      # DAGs    # Errors  Last Runtime    Last Run
-------------------------  -----  ---------  --------  ----------  --------------  -------------------
/opt/airflow/dags/main.py                           0           1  0.06s           2026-01-16T16:25:59
================================================================================
[2026-01-16T16:26:53.892+0000] {manager.py:878} INFO - 
================================================================================
DAG File Processing Stats

File Path                  PID    Runtime      # DAGs    # Errors  Last Runtime    Last Run
-------------------------  -----  ---------  --------  ----------  --------------  -------------------
/opt/airflow/dags/main.py                           0           1  0.05s           2026-01-16T16:26:29
================================================================================
[2026-01-16T16:27:24.215+0000] {manager.py:878} INFO - 
================================================================================
DAG File Processing Stats

File Path                  PID    Runtime      # DAGs    # Errors  Last Runtime    Last Run
-------------------------  -----  ---------  --------  ----------  --------------  -------------------
/opt/airflow/dags/main.py                           0           1  0.07s           2026-01-16T16:27:16
================================================================================
[2026-01-16T16:27:54.520+0000] {manager.py:878} INFO - 
================================================================================
DAG File Processing Stats

File Path                  PID    Runtime      # DAGs    # Errors  Last Runtime    Last Run
-------------------------  -----  ---------  --------  ----------  --------------  -------------------
/opt/airflow/dags/main.py                           0           1  0.05s           2026-01-16T16:27:46
================================================================================
[2026-01-16T16:28:24.826+0000] {manager.py:878} INFO - 
================================================================================
DAG File Processing Stats

File Path                  PID    Runtime      # DAGs    # Errors  Last Runtime    Last Run
-------------------------  -----  ---------  --------  ----------  --------------  -------------------
/opt/airflow/dags/main.py                           0           1  0.05s           2026-01-16T16:28:16
================================================================================
[2026-01-16T16:28:55.159+0000] {manager.py:878} INFO - 
================================================================================
DAG File Processing Stats

File Path                  PID    Runtime      # DAGs    # Errors  Last Runtime    Last Run
-------------------------  -----  ---------  --------  ----------  --------------  -------------------
/opt/airflow/dags/main.py                           0           1  0.06s           2026-01-16T16:28:47
================================================================================
[2026-01-16T16:29:25.493+0000] {manager.py:878} INFO - 
================================================================================
DAG File Processing Stats

File Path                  PID    Runtime      # DAGs    # Errors  Last Runtime    Last Run
-------------------------  -----  ---------  --------  ----------  --------------  -------------------
/opt/airflow/dags/main.py                           0           1  0.05s           2026-01-16T16:29:17
================================================================================
[2026-01-16T16:29:55.768+0000] {manager.py:878} INFO - 
================================================================================
DAG File Processing Stats

File Path                  PID    Runtime      # DAGs    # Errors  Last Runtime    Last Run
-------------------------  -----  ---------  --------  ----------  --------------  -------------------
/opt/airflow/dags/main.py                           0           1  0.06s           2026-01-16T16:29:47
================================================================================
[2026-01-16T16:30:14.939+0000] {manager.py:737} INFO - Searching for files in /opt/airflow/dags
[2026-01-16T16:30:14.946+0000] {manager.py:740} INFO - There are 1 files in /opt/airflow/dags
[2026-01-16T16:30:26.055+0000] {manager.py:878} INFO - 
================================================================================
DAG File Processing Stats

File Path                  PID    Runtime      # DAGs    # Errors  Last Runtime    Last Run
-------------------------  -----  ---------  --------  ----------  --------------  -------------------
/opt/airflow/dags/main.py                           0           1  0.04s           2026-01-16T16:30:18
================================================================================
[2026-01-16T16:30:56.313+0000] {manager.py:878} INFO - 
================================================================================
DAG File Processing Stats

File Path                  PID    Runtime      # DAGs    # Errors  Last Runtime    Last Run
-------------------------  -----  ---------  --------  ----------  --------------  -------------------
/opt/airflow/dags/main.py                           0           1  0.05s           2026-01-16T16:30:48
================================================================================
[2026-01-16T16:31:26.618+0000] {manager.py:878} INFO - 
================================================================================
DAG File Processing Stats

File Path                  PID    Runtime      # DAGs    # Errors  Last Runtime    Last Run
-------------------------  -----  ---------  --------  ----------  --------------  -------------------
/opt/airflow/dags/main.py                           0           1  0.05s           2026-01-16T16:31:18
================================================================================
[2026-01-16T16:31:56.935+0000] {manager.py:878} INFO - 
================================================================================
DAG File Processing Stats

File Path                  PID    Runtime      # DAGs    # Errors  Last Runtime    Last Run
-------------------------  -----  ---------  --------  ----------  --------------  -------------------
/opt/airflow/dags/main.py                           0           1  0.05s           2026-01-16T16:31:48
================================================================================
[2026-01-16T16:32:27.160+0000] {manager.py:878} INFO - 
================================================================================
DAG File Processing Stats

File Path                  PID    Runtime      # DAGs    # Errors  Last Runtime    Last Run
-------------------------  -----  ---------  --------  ----------  --------------  -------------------
/opt/airflow/dags/main.py                           0           1  0.03s           2026-01-16T16:32:19
================================================================================
[2026-01-16T16:32:57.457+0000] {manager.py:878} INFO - 
================================================================================
DAG File Processing Stats

File Path                  PID    Runtime      # DAGs    # Errors  Last Runtime    Last Run
-------------------------  -----  ---------  --------  ----------  --------------  -------------------
/opt/airflow/dags/main.py                           0           1  0.05s           2026-01-16T16:32:49
================================================================================
[2026-01-16T16:33:27.776+0000] {manager.py:878} INFO - 
================================================================================
DAG File Processing Stats

File Path                  PID    Runtime      # DAGs    # Errors  Last Runtime    Last Run
-------------------------  -----  ---------  --------  ----------  --------------  -------------------
/opt/airflow/dags/main.py                           0           1  0.04s           2026-01-16T16:33:19
================================================================================
[2026-01-16T16:33:58.037+0000] {manager.py:878} INFO - 
================================================================================
DAG File Processing Stats

File Path                  PID    Runtime      # DAGs    # Errors  Last Runtime    Last Run
-------------------------  -----  ---------  --------  ----------  --------------  -------------------
/opt/airflow/dags/main.py                           0           1  0.06s           2026-01-16T16:33:49
================================================================================
[2026-01-16T16:34:28.299+0000] {manager.py:878} INFO - 
================================================================================
DAG File Processing Stats

File Path                  PID    Runtime      # DAGs    # Errors  Last Runtime    Last Run
-------------------------  -----  ---------  --------  ----------  --------------  -------------------
/opt/airflow/dags/main.py                           0           1  0.05s           2026-01-16T16:34:20
================================================================================
[2026-01-16T16:34:58.544+0000] {manager.py:878} INFO - 
================================================================================
DAG File Processing Stats

File Path                  PID    Runtime      # DAGs    # Errors  Last Runtime    Last Run
-------------------------  -----  ---------  --------  ----------  --------------  -------------------
/opt/airflow/dags/main.py                           0           1  0.04s           2026-01-16T16:34:50
================================================================================
[2026-01-16T16:35:15.699+0000] {manager.py:737} INFO - Searching for files in /opt/airflow/dags
[2026-01-16T16:35:15.709+0000] {manager.py:740} INFO - There are 1 files in /opt/airflow/dags
[2026-01-16T16:35:28.838+0000] {manager.py:878} INFO - 
================================================================================
DAG File Processing Stats

File Path                  PID    Runtime      # DAGs    # Errors  Last Runtime    Last Run
-------------------------  -----  ---------  --------  ----------  --------------  -------------------
/opt/airflow/dags/main.py                           0           1  0.04s           2026-01-16T16:35:20
================================================================================
[2026-01-16T16:35:59.107+0000] {manager.py:878} INFO - 
================================================================================
DAG File Processing Stats

File Path                  PID    Runtime      # DAGs    # Errors  Last Runtime    Last Run
-------------------------  -----  ---------  --------  ----------  --------------  -------------------
/opt/airflow/dags/main.py                           0           1  0.05s           2026-01-16T16:35:51
================================================================================
[2026-01-16T16:36:29.360+0000] {manager.py:878} INFO - 
================================================================================
DAG File Processing Stats

File Path                  PID    Runtime      # DAGs    # Errors  Last Runtime    Last Run
-------------------------  -----  ---------  --------  ----------  --------------  -------------------
/opt/airflow/dags/main.py                           0           1  0.04s           2026-01-16T16:36:21
================================================================================
[2026-01-16T16:36:59.660+0000] {manager.py:878} INFO - 
================================================================================
DAG File Processing Stats

File Path                  PID    Runtime      # DAGs    # Errors  Last Runtime    Last Run
-------------------------  -----  ---------  --------  ----------  --------------  -------------------
/opt/airflow/dags/main.py                           0           1  0.04s           2026-01-16T16:36:51
================================================================================
[2026-01-16T16:37:29.910+0000] {manager.py:878} INFO - 
================================================================================
DAG File Processing Stats

File Path                  PID    Runtime      # DAGs    # Errors  Last Runtime    Last Run
-------------------------  -----  ---------  --------  ----------  --------------  -------------------
/opt/airflow/dags/main.py                           0           1  0.05s           2026-01-16T16:37:21
================================================================================
[2026-01-16T16:38:00.206+0000] {manager.py:878} INFO - 
================================================================================
DAG File Processing Stats

File Path                  PID    Runtime      # DAGs    # Errors  Last Runtime    Last Run
-------------------------  -----  ---------  --------  ----------  --------------  -------------------
/opt/airflow/dags/main.py                           0           1  0.06s           2026-01-16T16:37:52
================================================================================
[2026-01-16T16:38:30.496+0000] {manager.py:878} INFO - 
================================================================================
DAG File Processing Stats

File Path                  PID    Runtime      # DAGs    # Errors  Last Runtime    Last Run
-------------------------  -----  ---------  --------  ----------  --------------  -------------------
/opt/airflow/dags/main.py                           0           1  0.04s           2026-01-16T16:38:22
================================================================================
[2026-01-16T16:39:00.767+0000] {manager.py:878} INFO - 
================================================================================
DAG File Processing Stats

File Path                  PID    Runtime      # DAGs    # Errors  Last Runtime    Last Run
-------------------------  -----  ---------  --------  ----------  --------------  -------------------
/opt/airflow/dags/main.py                           0           1  0.05s           2026-01-16T16:38:55
================================================================================
[2026-01-16T16:39:31.064+0000] {manager.py:878} INFO - 
================================================================================
DAG File Processing Stats

File Path                  PID    Runtime      # DAGs    # Errors  Last Runtime    Last Run
-------------------------  -----  ---------  --------  ----------  --------------  -------------------
/opt/airflow/dags/main.py                           0           1  0.04s           2026-01-16T16:39:20
================================================================================
[2026-01-16T16:40:01.356+0000] {manager.py:878} INFO - 
================================================================================
DAG File Processing Stats

File Path                  PID    Runtime      # DAGs    # Errors  Last Runtime    Last Run
-------------------------  -----  ---------  --------  ----------  --------------  -------------------
/opt/airflow/dags/main.py                           0           1  0.05s           2026-01-16T16:39:50
================================================================================
[2026-01-16T16:40:16.535+0000] {manager.py:737} INFO - Searching for files in /opt/airflow/dags
[2026-01-16T16:40:16.543+0000] {manager.py:740} INFO - There are 1 files in /opt/airflow/dags
[2026-01-16T16:40:31.698+0000] {manager.py:878} INFO - 
================================================================================
DAG File Processing Stats

File Path                  PID    Runtime      # DAGs    # Errors  Last Runtime    Last Run
-------------------------  -----  ---------  --------  ----------  --------------  -------------------
/opt/airflow/dags/main.py                           0           1  0.05s           2026-01-16T16:40:14
================================================================================
[2026-01-16T16:41:02.063+0000] {manager.py:878} INFO - 
================================================================================
DAG File Processing Stats

File Path                  PID    Runtime      # DAGs    # Errors  Last Runtime    Last Run
-------------------------  -----  ---------  --------  ----------  --------------  -------------------
/opt/airflow/dags/main.py                           0           1  0.04s           2026-01-16T16:40:41
================================================================================
[2026-01-16T16:41:32.355+0000] {manager.py:878} INFO - 
================================================================================
DAG File Processing Stats

File Path                  PID    Runtime      # DAGs    # Errors  Last Runtime    Last Run
-------------------------  -----  ---------  --------  ----------  --------------  -------------------
/opt/airflow/dags/main.py                           0           1  0.04s           2026-01-16T16:41:12
================================================================================
[2026-01-16T16:41:49.464+0000] {manager.py:452} INFO - Exiting gracefully upon receiving signal 15
[2026-01-18T10:26:09.040+0000] {manager.py:470} INFO - Processing files using up to 2 processes at a time 
[2026-01-18T10:26:09.042+0000] {manager.py:471} INFO - Process each file at most once every 30 seconds
[2026-01-18T10:26:09.043+0000] {manager.py:472} INFO - Checking for new files in /opt/airflow/dags every 300 seconds
[2026-01-18T10:26:09.044+0000] {manager.py:737} INFO - Searching for files in /opt/airflow/dags
[2026-01-18T10:26:09.050+0000] {manager.py:740} INFO - There are 1 files in /opt/airflow/dags
[2026-01-18T10:26:09.144+0000] {manager.py:878} INFO - 
================================================================================
DAG File Processing Stats

File Path                    PID  Runtime      # DAGs    # Errors  Last Runtime    Last Run
-------------------------  -----  ---------  --------  ----------  --------------  ----------
/opt/airflow/dags/main.py     42  0.06s             0           0
================================================================================
[2026-01-18T10:26:39.376+0000] {manager.py:878} INFO - 
================================================================================
DAG File Processing Stats

File Path                    PID  Runtime      # DAGs    # Errors  Last Runtime    Last Run
-------------------------  -----  ---------  --------  ----------  --------------  -------------------
/opt/airflow/dags/main.py     49  0.02s             0           1  0.08s           2026-01-18T10:26:09
================================================================================
[2026-01-18T10:27:09.697+0000] {manager.py:878} INFO - 
================================================================================
DAG File Processing Stats

File Path                    PID  Runtime      # DAGs    # Errors  Last Runtime    Last Run
-------------------------  -----  ---------  --------  ----------  --------------  -------------------
/opt/airflow/dags/main.py     56  0.01s             0           1  0.09s           2026-01-18T10:26:39
================================================================================
[2026-01-18T10:27:40.026+0000] {manager.py:878} INFO - 
================================================================================
DAG File Processing Stats

File Path                    PID  Runtime      # DAGs    # Errors  Last Runtime    Last Run
-------------------------  -----  ---------  --------  ----------  --------------  -------------------
/opt/airflow/dags/main.py     63  0.01s             0           1  0.07s           2026-01-18T10:27:09
================================================================================
[2026-01-18T10:28:10.317+0000] {manager.py:878} INFO - 
================================================================================
DAG File Processing Stats

File Path                    PID  Runtime      # DAGs    # Errors  Last Runtime    Last Run
-------------------------  -----  ---------  --------  ----------  --------------  -------------------
/opt/airflow/dags/main.py     70  0.00s             0           1  0.06s           2026-01-18T10:27:40
================================================================================
[2026-01-18T10:28:40.664+0000] {manager.py:878} INFO - 
================================================================================
DAG File Processing Stats

File Path                    PID  Runtime      # DAGs    # Errors  Last Runtime    Last Run
-------------------------  -----  ---------  --------  ----------  --------------  -------------------
/opt/airflow/dags/main.py     77  0.01s             0           1  0.03s           2026-01-18T10:28:10
================================================================================
[2026-01-18T10:29:11.041+0000] {manager.py:878} INFO - 
================================================================================
DAG File Processing Stats

File Path                    PID  Runtime      # DAGs    # Errors  Last Runtime    Last Run
-------------------------  -----  ---------  --------  ----------  --------------  -------------------
/opt/airflow/dags/main.py     84  0.01s             0           1  0.24s           2026-01-18T10:28:40
================================================================================
[2026-01-18T10:29:41.292+0000] {manager.py:878} INFO - 
================================================================================
DAG File Processing Stats

File Path                    PID  Runtime      # DAGs    # Errors  Last Runtime    Last Run
-------------------------  -----  ---------  --------  ----------  --------------  -------------------
/opt/airflow/dags/main.py     91  0.01s             0           1  0.07s           2026-01-18T10:29:11
================================================================================
[2026-01-18T10:30:11.606+0000] {manager.py:878} INFO - 
================================================================================
DAG File Processing Stats

File Path                    PID  Runtime      # DAGs    # Errors  Last Runtime    Last Run
-------------------------  -----  ---------  --------  ----------  --------------  -------------------
/opt/airflow/dags/main.py     98  0.01s             0           1  0.05s           2026-01-18T10:29:41
================================================================================
[2026-01-18T10:30:41.969+0000] {manager.py:878} INFO - 
================================================================================
DAG File Processing Stats

File Path                    PID  Runtime      # DAGs    # Errors  Last Runtime    Last Run
-------------------------  -----  ---------  --------  ----------  --------------  -------------------
/opt/airflow/dags/main.py    105  0.01s             0           1  0.10s           2026-01-18T10:30:11
================================================================================
[2026-01-18T10:31:09.209+0000] {manager.py:737} INFO - Searching for files in /opt/airflow/dags
[2026-01-18T10:31:09.215+0000] {manager.py:740} INFO - There are 1 files in /opt/airflow/dags
[2026-01-18T10:31:12.265+0000] {manager.py:878} INFO - 
================================================================================
DAG File Processing Stats

File Path                    PID  Runtime      # DAGs    # Errors  Last Runtime    Last Run
-------------------------  -----  ---------  --------  ----------  --------------  -------------------
/opt/airflow/dags/main.py    112  0.01s             0           1  0.05s           2026-01-18T10:30:42
================================================================================
[2026-01-18T10:31:42.547+0000] {manager.py:878} INFO - 
================================================================================
DAG File Processing Stats

File Path                    PID  Runtime      # DAGs    # Errors  Last Runtime    Last Run
-------------------------  -----  ---------  --------  ----------  --------------  -------------------
/opt/airflow/dags/main.py    125  0.00s             0           1  0.07s           2026-01-18T10:31:12
================================================================================
[2026-01-18T10:32:12.833+0000] {manager.py:878} INFO - 
================================================================================
DAG File Processing Stats

File Path                    PID  Runtime      # DAGs    # Errors  Last Runtime    Last Run
-------------------------  -----  ---------  --------  ----------  --------------  -------------------
/opt/airflow/dags/main.py    132  0.01s             0           1  0.06s           2026-01-18T10:31:42
================================================================================
[2026-01-18T10:32:43.083+0000] {manager.py:878} INFO - 
================================================================================
DAG File Processing Stats

File Path                    PID  Runtime      # DAGs    # Errors  Last Runtime    Last Run
-------------------------  -----  ---------  --------  ----------  --------------  -------------------
/opt/airflow/dags/main.py    139  0.01s             0           1  0.04s           2026-01-18T10:32:12
================================================================================
[2026-01-18T10:33:13.365+0000] {manager.py:878} INFO - 
================================================================================
DAG File Processing Stats

File Path                    PID  Runtime      # DAGs    # Errors  Last Runtime    Last Run
-------------------------  -----  ---------  --------  ----------  --------------  -------------------
/opt/airflow/dags/main.py    146  0.01s             0           1  0.07s           2026-01-18T10:32:43
================================================================================
[2026-01-18T10:33:43.700+0000] {manager.py:878} INFO - 
================================================================================
DAG File Processing Stats

File Path                    PID  Runtime      # DAGs    # Errors  Last Runtime    Last Run
-------------------------  -----  ---------  --------  ----------  --------------  -------------------
/opt/airflow/dags/main.py    153  0.01s             0           1  0.06s           2026-01-18T10:33:13
================================================================================
[2026-01-18T10:34:13.959+0000] {manager.py:878} INFO - 
================================================================================
DAG File Processing Stats

File Path                    PID  Runtime      # DAGs    # Errors  Last Runtime    Last Run
-------------------------  -----  ---------  --------  ----------  --------------  -------------------
/opt/airflow/dags/main.py    160  0.00s             0           1  0.05s           2026-01-18T10:33:43
================================================================================
[2026-01-18T10:34:44.205+0000] {manager.py:878} INFO - 
================================================================================
DAG File Processing Stats

File Path                    PID  Runtime      # DAGs    # Errors  Last Runtime    Last Run
-------------------------  -----  ---------  --------  ----------  --------------  -------------------
/opt/airflow/dags/main.py    167  0.01s             0           1  0.04s           2026-01-18T10:34:13
================================================================================
[2026-01-18T10:35:14.481+0000] {manager.py:878} INFO - 
================================================================================
DAG File Processing Stats

File Path                    PID  Runtime      # DAGs    # Errors  Last Runtime    Last Run
-------------------------  -----  ---------  --------  ----------  --------------  -------------------
/opt/airflow/dags/main.py    174  0.00s             0           1  0.07s           2026-01-18T10:34:44
================================================================================
[2026-01-18T10:35:44.730+0000] {manager.py:878} INFO - 
================================================================================
DAG File Processing Stats

File Path                    PID  Runtime      # DAGs    # Errors  Last Runtime    Last Run
-------------------------  -----  ---------  --------  ----------  --------------  -------------------
/opt/airflow/dags/main.py    182  0.01s             0           1  0.03s           2026-01-18T10:35:14
================================================================================
[2026-01-18T10:36:09.961+0000] {manager.py:737} INFO - Searching for files in /opt/airflow/dags
[2026-01-18T10:36:09.971+0000] {manager.py:740} INFO - There are 1 files in /opt/airflow/dags
[2026-01-18T10:36:15.082+0000] {manager.py:878} INFO - 
================================================================================
DAG File Processing Stats

File Path                    PID  Runtime      # DAGs    # Errors  Last Runtime    Last Run
-------------------------  -----  ---------  --------  ----------  --------------  -------------------
/opt/airflow/dags/main.py    189  0.01s             0           1  0.06s           2026-01-18T10:35:44
================================================================================
[2026-01-18T10:36:45.508+0000] {manager.py:878} INFO - 
================================================================================
DAG File Processing Stats

File Path                  PID    Runtime      # DAGs    # Errors  Last Runtime    Last Run
-------------------------  -----  ---------  --------  ----------  --------------  -------------------
/opt/airflow/dags/main.py                           1           0  0.48s           2026-01-18T10:36:19
================================================================================
[2026-01-18T10:37:16.234+0000] {manager.py:878} INFO - 
================================================================================
DAG File Processing Stats

File Path                    PID  Runtime      # DAGs    # Errors  Last Runtime    Last Run
-------------------------  -----  ---------  --------  ----------  --------------  -------------------
/opt/airflow/dags/main.py    204  0.01s             1           0  0.16s           2026-01-18T10:36:50
================================================================================
[2026-01-18T10:37:46.511+0000] {manager.py:878} INFO - 
================================================================================
DAG File Processing Stats

File Path                    PID  Runtime      # DAGs    # Errors  Last Runtime    Last Run
-------------------------  -----  ---------  --------  ----------  --------------  -------------------
/opt/airflow/dags/main.py    211  0.01s             1           0  0.17s           2026-01-18T10:37:16
================================================================================
[2026-01-18T10:38:16.938+0000] {manager.py:878} INFO - 
================================================================================
DAG File Processing Stats

File Path                    PID  Runtime      # DAGs    # Errors  Last Runtime    Last Run
-------------------------  -----  ---------  --------  ----------  --------------  -------------------
/opt/airflow/dags/main.py    218  0.01s             1           0  0.15s           2026-01-18T10:37:46
================================================================================
[2026-01-18T10:38:42.127+0000] {manager.py:452} INFO - Exiting gracefully upon receiving signal 15
[2026-01-18T10:39:27.683+0000] {manager.py:470} INFO - Processing files using up to 2 processes at a time 
[2026-01-18T10:39:27.687+0000] {manager.py:471} INFO - Process each file at most once every 30 seconds
[2026-01-18T10:39:27.688+0000] {manager.py:472} INFO - Checking for new files in /opt/airflow/dags every 300 seconds
[2026-01-18T10:39:27.689+0000] {manager.py:737} INFO - Searching for files in /opt/airflow/dags
[2026-01-18T10:39:27.699+0000] {manager.py:740} INFO - There are 1 files in /opt/airflow/dags
[2026-01-18T10:39:27.812+0000] {manager.py:878} INFO - 
================================================================================
DAG File Processing Stats

File Path                    PID  Runtime      # DAGs    # Errors  Last Runtime    Last Run
-------------------------  -----  ---------  --------  ----------  --------------  ----------
/opt/airflow/dags/main.py     41  0.06s             0           0
================================================================================
[2026-01-18T10:39:57.871+0000] {manager.py:878} INFO - 
================================================================================
DAG File Processing Stats

File Path                  PID    Runtime      # DAGs    # Errors  Last Runtime    Last Run
-------------------------  -----  ---------  --------  ----------  --------------  -------------------
/opt/airflow/dags/main.py                           1           0  0.90s           2026-01-18T10:39:28
================================================================================
[2026-01-18T10:40:28.116+0000] {manager.py:878} INFO - 
================================================================================
DAG File Processing Stats

File Path                  PID    Runtime      # DAGs    # Errors  Last Runtime    Last Run
-------------------------  -----  ---------  --------  ----------  --------------  -------------------
/opt/airflow/dags/main.py                           1           0  0.13s           2026-01-18T10:39:59
================================================================================
[2026-01-18T10:40:58.431+0000] {manager.py:878} INFO - 
================================================================================
DAG File Processing Stats

File Path                  PID    Runtime      # DAGs    # Errors  Last Runtime    Last Run
-------------------------  -----  ---------  --------  ----------  --------------  -------------------
/opt/airflow/dags/main.py                           1           0  0.14s           2026-01-18T10:40:29
================================================================================
[2026-01-18T10:41:28.732+0000] {manager.py:878} INFO - 
================================================================================
DAG File Processing Stats

File Path                  PID    Runtime      # DAGs    # Errors  Last Runtime    Last Run
-------------------------  -----  ---------  --------  ----------  --------------  -------------------
/opt/airflow/dags/main.py                           1           0  0.10s           2026-01-18T10:40:59
================================================================================
[2026-01-18T10:41:59.119+0000] {manager.py:878} INFO - 
================================================================================
DAG File Processing Stats

File Path                  PID    Runtime      # DAGs    # Errors  Last Runtime    Last Run
-------------------------  -----  ---------  --------  ----------  --------------  -------------------
/opt/airflow/dags/main.py                           1           0  0.15s           2026-01-18T10:41:29
================================================================================
[2026-01-18T10:42:29.473+0000] {manager.py:878} INFO - 
================================================================================
DAG File Processing Stats

File Path                  PID    Runtime      # DAGs    # Errors  Last Runtime    Last Run
-------------------------  -----  ---------  --------  ----------  --------------  -------------------
/opt/airflow/dags/main.py                           1           0  0.18s           2026-01-18T10:42:00
================================================================================
[2026-01-18T10:42:59.865+0000] {manager.py:878} INFO - 
================================================================================
DAG File Processing Stats

File Path                  PID    Runtime      # DAGs    # Errors  Last Runtime    Last Run
-------------------------  -----  ---------  --------  ----------  --------------  -------------------
/opt/airflow/dags/main.py                           1           0  0.11s           2026-01-18T10:42:30
================================================================================
[2026-01-18T10:43:30.166+0000] {manager.py:878} INFO - 
================================================================================
DAG File Processing Stats

File Path                  PID    Runtime      # DAGs    # Errors  Last Runtime    Last Run
-------------------------  -----  ---------  --------  ----------  --------------  -------------------
/opt/airflow/dags/main.py                           1           0  0.12s           2026-01-18T10:43:01
================================================================================
[2026-01-18T10:44:00.542+0000] {manager.py:878} INFO - 
================================================================================
DAG File Processing Stats

File Path                  PID    Runtime      # DAGs    # Errors  Last Runtime    Last Run
-------------------------  -----  ---------  --------  ----------  --------------  -------------------
/opt/airflow/dags/main.py                           1           0  0.10s           2026-01-18T10:43:31
================================================================================
[2026-01-18T10:44:27.816+0000] {manager.py:737} INFO - Searching for files in /opt/airflow/dags
[2026-01-18T10:44:27.825+0000] {manager.py:740} INFO - There are 1 files in /opt/airflow/dags
[2026-01-18T10:44:30.856+0000] {manager.py:878} INFO - 
================================================================================
DAG File Processing Stats

File Path                  PID    Runtime      # DAGs    # Errors  Last Runtime    Last Run
-------------------------  -----  ---------  --------  ----------  --------------  -------------------
/opt/airflow/dags/main.py                           1           0  0.10s           2026-01-18T10:44:01
================================================================================
[2026-01-18T10:45:01.166+0000] {manager.py:878} INFO - 
================================================================================
DAG File Processing Stats

File Path                  PID    Runtime      # DAGs    # Errors  Last Runtime    Last Run
-------------------------  -----  ---------  --------  ----------  --------------  -------------------
/opt/airflow/dags/main.py                           1           0  0.10s           2026-01-18T10:44:31
================================================================================
[2026-01-18T10:45:31.503+0000] {manager.py:878} INFO - 
================================================================================
DAG File Processing Stats

File Path                  PID    Runtime      # DAGs    # Errors  Last Runtime    Last Run
-------------------------  -----  ---------  --------  ----------  --------------  -------------------
/opt/airflow/dags/main.py                           1           0  0.10s           2026-01-18T10:45:02
================================================================================
[2026-01-18T10:46:01.822+0000] {manager.py:878} INFO - 
================================================================================
DAG File Processing Stats

File Path                  PID    Runtime      # DAGs    # Errors  Last Runtime    Last Run
-------------------------  -----  ---------  --------  ----------  --------------  -------------------
/opt/airflow/dags/main.py                           1           0  0.13s           2026-01-18T10:45:32
================================================================================
[2026-01-18T10:46:32.141+0000] {manager.py:878} INFO - 
================================================================================
DAG File Processing Stats

File Path                  PID    Runtime      # DAGs    # Errors  Last Runtime    Last Run
-------------------------  -----  ---------  --------  ----------  --------------  -------------------
/opt/airflow/dags/main.py                           1           0  0.09s           2026-01-18T10:46:02
================================================================================
[2026-01-18T10:47:02.410+0000] {manager.py:878} INFO - 
================================================================================
DAG File Processing Stats

File Path                  PID    Runtime      # DAGs    # Errors  Last Runtime    Last Run
-------------------------  -----  ---------  --------  ----------  --------------  -------------------
/opt/airflow/dags/main.py                           1           0  0.09s           2026-01-18T10:46:33
================================================================================
[2026-01-18T10:47:32.822+0000] {manager.py:878} INFO - 
================================================================================
DAG File Processing Stats

File Path                  PID    Runtime      # DAGs    # Errors  Last Runtime    Last Run
-------------------------  -----  ---------  --------  ----------  --------------  -------------------
/opt/airflow/dags/main.py                           1           0  0.09s           2026-01-18T10:47:03
================================================================================
[2026-01-18T10:48:03.105+0000] {manager.py:878} INFO - 
================================================================================
DAG File Processing Stats

File Path                  PID    Runtime      # DAGs    # Errors  Last Runtime    Last Run
-------------------------  -----  ---------  --------  ----------  --------------  -------------------
/opt/airflow/dags/main.py                           1           0  0.21s           2026-01-18T10:47:34
================================================================================
[2026-01-18T10:48:33.432+0000] {manager.py:878} INFO - 
================================================================================
DAG File Processing Stats

File Path                  PID    Runtime      # DAGs    # Errors  Last Runtime    Last Run
-------------------------  -----  ---------  --------  ----------  --------------  -------------------
/opt/airflow/dags/main.py                           1           0  0.14s           2026-01-18T10:48:04
================================================================================
[2026-01-18T10:49:03.776+0000] {manager.py:878} INFO - 
================================================================================
DAG File Processing Stats

File Path                  PID    Runtime      # DAGs    # Errors  Last Runtime    Last Run
-------------------------  -----  ---------  --------  ----------  --------------  -------------------
/opt/airflow/dags/main.py                           1           0  0.16s           2026-01-18T10:48:34
================================================================================
[2026-01-18T10:49:28.051+0000] {manager.py:737} INFO - Searching for files in /opt/airflow/dags
[2026-01-18T10:49:28.063+0000] {manager.py:740} INFO - There are 1 files in /opt/airflow/dags
[2026-01-18T10:49:34.117+0000] {manager.py:878} INFO - 
================================================================================
DAG File Processing Stats

File Path                  PID    Runtime      # DAGs    # Errors  Last Runtime    Last Run
-------------------------  -----  ---------  --------  ----------  --------------  -------------------
/opt/airflow/dags/main.py                           1           0  0.13s           2026-01-18T10:49:04
================================================================================
[2026-01-18T10:50:04.478+0000] {manager.py:878} INFO - 
================================================================================
DAG File Processing Stats

File Path                  PID    Runtime      # DAGs    # Errors  Last Runtime    Last Run
-------------------------  -----  ---------  --------  ----------  --------------  -------------------
/opt/airflow/dags/main.py                           1           0  0.12s           2026-01-18T10:49:35
================================================================================
[2026-01-18T10:50:34.858+0000] {manager.py:878} INFO - 
================================================================================
DAG File Processing Stats

File Path                  PID    Runtime      # DAGs    # Errors  Last Runtime    Last Run
-------------------------  -----  ---------  --------  ----------  --------------  -------------------
/opt/airflow/dags/main.py                           1           0  0.15s           2026-01-18T10:50:05
================================================================================
[2026-01-18T10:51:05.189+0000] {manager.py:878} INFO - 
================================================================================
DAG File Processing Stats

File Path                  PID    Runtime      # DAGs    # Errors  Last Runtime    Last Run
-------------------------  -----  ---------  --------  ----------  --------------  -------------------
/opt/airflow/dags/main.py                           1           0  0.22s           2026-01-18T10:50:36
================================================================================
[2026-01-18T10:51:35.501+0000] {manager.py:878} INFO - 
================================================================================
DAG File Processing Stats

File Path                  PID    Runtime      # DAGs    # Errors  Last Runtime    Last Run
-------------------------  -----  ---------  --------  ----------  --------------  -------------------
/opt/airflow/dags/main.py                           1           0  0.16s           2026-01-18T10:51:06
================================================================================
[2026-01-18T10:52:05.842+0000] {manager.py:878} INFO - 
================================================================================
DAG File Processing Stats

File Path                  PID    Runtime      # DAGs    # Errors  Last Runtime    Last Run
-------------------------  -----  ---------  --------  ----------  --------------  -------------------
/opt/airflow/dags/main.py                           1           0  0.10s           2026-01-18T10:51:36
================================================================================
[2026-01-18T10:52:36.142+0000] {manager.py:878} INFO - 
================================================================================
DAG File Processing Stats

File Path                  PID    Runtime      # DAGs    # Errors  Last Runtime    Last Run
-------------------------  -----  ---------  --------  ----------  --------------  -------------------
/opt/airflow/dags/main.py                           1           0  0.15s           2026-01-18T10:52:07
================================================================================
[2026-01-18T10:53:06.472+0000] {manager.py:878} INFO - 
================================================================================
DAG File Processing Stats

File Path                  PID    Runtime      # DAGs    # Errors  Last Runtime    Last Run
-------------------------  -----  ---------  --------  ----------  --------------  -------------------
/opt/airflow/dags/main.py                           1           0  0.17s           2026-01-18T10:52:37
================================================================================
[2026-01-18T10:53:36.858+0000] {manager.py:878} INFO - 
================================================================================
DAG File Processing Stats

File Path                  PID    Runtime      # DAGs    # Errors  Last Runtime    Last Run
-------------------------  -----  ---------  --------  ----------  --------------  -------------------
/opt/airflow/dags/main.py                           1           0  0.15s           2026-01-18T10:53:07
================================================================================
[2026-01-18T10:54:07.151+0000] {manager.py:878} INFO - 
================================================================================
DAG File Processing Stats

File Path                  PID    Runtime      # DAGs    # Errors  Last Runtime    Last Run
-------------------------  -----  ---------  --------  ----------  --------------  -------------------
/opt/airflow/dags/main.py                           1           0  0.17s           2026-01-18T10:53:38
================================================================================
[2026-01-18T10:54:28.425+0000] {manager.py:737} INFO - Searching for files in /opt/airflow/dags
[2026-01-18T10:54:28.437+0000] {manager.py:740} INFO - There are 1 files in /opt/airflow/dags
[2026-01-18T10:54:37.517+0000] {manager.py:878} INFO - 
================================================================================
DAG File Processing Stats

File Path                  PID    Runtime      # DAGs    # Errors  Last Runtime    Last Run
-------------------------  -----  ---------  --------  ----------  --------------  -------------------
/opt/airflow/dags/main.py                           1           0  0.15s           2026-01-18T10:54:08
================================================================================
[2026-01-18T10:55:07.776+0000] {manager.py:878} INFO - 
================================================================================
DAG File Processing Stats

File Path                  PID    Runtime      # DAGs    # Errors  Last Runtime    Last Run
-------------------------  -----  ---------  --------  ----------  --------------  -------------------
/opt/airflow/dags/main.py                           1           0  0.14s           2026-01-18T10:54:38
================================================================================
[2026-01-18T10:55:38.188+0000] {manager.py:878} INFO - 
================================================================================
DAG File Processing Stats

File Path                  PID    Runtime      # DAGs    # Errors  Last Runtime    Last Run
-------------------------  -----  ---------  --------  ----------  --------------  -------------------
/opt/airflow/dags/main.py                           1           0  0.17s           2026-01-18T10:55:08
================================================================================
[2026-01-18T10:56:08.471+0000] {manager.py:878} INFO - 
================================================================================
DAG File Processing Stats

File Path                  PID    Runtime      # DAGs    # Errors  Last Runtime    Last Run
-------------------------  -----  ---------  --------  ----------  --------------  -------------------
/opt/airflow/dags/main.py                           1           0  0.15s           2026-01-18T10:55:39
================================================================================
[2026-01-18T10:56:38.825+0000] {manager.py:878} INFO - 
================================================================================
DAG File Processing Stats

File Path                  PID    Runtime      # DAGs    # Errors  Last Runtime    Last Run
-------------------------  -----  ---------  --------  ----------  --------------  -------------------
/opt/airflow/dags/main.py                           1           0  0.15s           2026-01-18T10:56:09
================================================================================
[2026-01-18T10:57:09.113+0000] {manager.py:878} INFO - 
================================================================================
DAG File Processing Stats

File Path                  PID    Runtime      # DAGs    # Errors  Last Runtime    Last Run
-------------------------  -----  ---------  --------  ----------  --------------  -------------------
/opt/airflow/dags/main.py                           1           0  0.14s           2026-01-18T10:56:39
================================================================================
[2026-01-18T10:57:39.487+0000] {manager.py:878} INFO - 
================================================================================
DAG File Processing Stats

File Path                  PID    Runtime      # DAGs    # Errors  Last Runtime    Last Run
-------------------------  -----  ---------  --------  ----------  --------------  -------------------
/opt/airflow/dags/main.py                           1           0  0.13s           2026-01-18T10:57:10
================================================================================
[2026-01-18T10:58:09.778+0000] {manager.py:878} INFO - 
================================================================================
DAG File Processing Stats

File Path                  PID    Runtime      # DAGs    # Errors  Last Runtime    Last Run
-------------------------  -----  ---------  --------  ----------  --------------  -------------------
/opt/airflow/dags/main.py                           1           0  0.13s           2026-01-18T10:57:40
================================================================================
[2026-01-18T10:58:40.215+0000] {manager.py:878} INFO - 
================================================================================
DAG File Processing Stats

File Path                  PID    Runtime      # DAGs    # Errors  Last Runtime    Last Run
-------------------------  -----  ---------  --------  ----------  --------------  -------------------
/opt/airflow/dags/main.py                           1           0  0.14s           2026-01-18T10:58:10
================================================================================
[2026-01-18T10:59:10.499+0000] {manager.py:878} INFO - 
================================================================================
DAG File Processing Stats

File Path                  PID    Runtime      # DAGs    # Errors  Last Runtime    Last Run
-------------------------  -----  ---------  --------  ----------  --------------  -------------------
/opt/airflow/dags/main.py                           1           0  0.14s           2026-01-18T10:58:41
================================================================================
[2026-01-18T10:59:28.678+0000] {manager.py:737} INFO - Searching for files in /opt/airflow/dags
[2026-01-18T10:59:28.688+0000] {manager.py:740} INFO - There are 1 files in /opt/airflow/dags
[2026-01-18T10:59:40.800+0000] {manager.py:878} INFO - 
================================================================================
DAG File Processing Stats

File Path                  PID    Runtime      # DAGs    # Errors  Last Runtime    Last Run
-------------------------  -----  ---------  --------  ----------  --------------  -------------------
/opt/airflow/dags/main.py                           1           0  0.10s           2026-01-18T10:59:11
================================================================================
[2026-01-18T11:00:11.121+0000] {manager.py:878} INFO - 
================================================================================
DAG File Processing Stats

File Path                  PID    Runtime      # DAGs    # Errors  Last Runtime    Last Run
-------------------------  -----  ---------  --------  ----------  --------------  -------------------
/opt/airflow/dags/main.py                           1           0  0.12s           2026-01-18T10:59:41
================================================================================
[2026-01-18T11:00:41.474+0000] {manager.py:878} INFO - 
================================================================================
DAG File Processing Stats

File Path                  PID    Runtime      # DAGs    # Errors  Last Runtime    Last Run
-------------------------  -----  ---------  --------  ----------  --------------  -------------------
/opt/airflow/dags/main.py                           1           0  0.17s           2026-01-18T11:00:12
================================================================================
[2026-01-18T11:01:11.821+0000] {manager.py:878} INFO - 
================================================================================
DAG File Processing Stats

File Path                  PID    Runtime      # DAGs    # Errors  Last Runtime    Last Run
-------------------------  -----  ---------  --------  ----------  --------------  -------------------
/opt/airflow/dags/main.py                           1           0  0.16s           2026-01-18T11:00:42
================================================================================
[2026-01-18T11:01:42.087+0000] {manager.py:878} INFO - 
================================================================================
DAG File Processing Stats

File Path                  PID    Runtime      # DAGs    # Errors  Last Runtime    Last Run
-------------------------  -----  ---------  --------  ----------  --------------  -------------------
/opt/airflow/dags/main.py                           1           0  0.11s           2026-01-18T11:01:12
================================================================================
[2026-01-18T11:02:12.414+0000] {manager.py:878} INFO - 
================================================================================
DAG File Processing Stats

File Path                  PID    Runtime      # DAGs    # Errors  Last Runtime    Last Run
-------------------------  -----  ---------  --------  ----------  --------------  -------------------
/opt/airflow/dags/main.py                           1           0  0.18s           2026-01-18T11:01:43
================================================================================
[2026-01-18T11:02:42.823+0000] {manager.py:878} INFO - 
================================================================================
DAG File Processing Stats

File Path                  PID    Runtime      # DAGs    # Errors  Last Runtime    Last Run
-------------------------  -----  ---------  --------  ----------  --------------  -------------------
/opt/airflow/dags/main.py                           1           0  0.16s           2026-01-18T11:02:13
================================================================================
[2026-01-18T11:03:13.094+0000] {manager.py:878} INFO - 
================================================================================
DAG File Processing Stats

File Path                  PID    Runtime      # DAGs    # Errors  Last Runtime    Last Run
-------------------------  -----  ---------  --------  ----------  --------------  -------------------
/opt/airflow/dags/main.py                           1           0  0.17s           2026-01-18T11:02:44
================================================================================
[2026-01-18T11:03:43.376+0000] {manager.py:878} INFO - 
================================================================================
DAG File Processing Stats

File Path                  PID    Runtime      # DAGs    # Errors  Last Runtime    Last Run
-------------------------  -----  ---------  --------  ----------  --------------  -------------------
/opt/airflow/dags/main.py                           1           0  0.10s           2026-01-18T11:03:14
================================================================================
[2026-01-18T11:04:13.689+0000] {manager.py:878} INFO - 
================================================================================
DAG File Processing Stats

File Path                  PID    Runtime      # DAGs    # Errors  Last Runtime    Last Run
-------------------------  -----  ---------  --------  ----------  --------------  -------------------
/opt/airflow/dags/main.py                           1           0  0.16s           2026-01-18T11:03:44
================================================================================
[2026-01-18T11:04:28.906+0000] {manager.py:737} INFO - Searching for files in /opt/airflow/dags
[2026-01-18T11:04:28.920+0000] {manager.py:740} INFO - There are 1 files in /opt/airflow/dags
[2026-01-18T11:04:44.107+0000] {manager.py:878} INFO - 
================================================================================
DAG File Processing Stats

File Path                  PID    Runtime      # DAGs    # Errors  Last Runtime    Last Run
-------------------------  -----  ---------  --------  ----------  --------------  -------------------
/opt/airflow/dags/main.py                           1           0  0.16s           2026-01-18T11:04:14
================================================================================
[2026-01-18T11:05:14.408+0000] {manager.py:878} INFO - 
================================================================================
DAG File Processing Stats

File Path                  PID    Runtime      # DAGs    # Errors  Last Runtime    Last Run
-------------------------  -----  ---------  --------  ----------  --------------  -------------------
/opt/airflow/dags/main.py                           1           0  0.17s           2026-01-18T11:04:45
================================================================================
[2026-01-18T11:05:44.851+0000] {manager.py:878} INFO - 
================================================================================
DAG File Processing Stats

File Path                  PID    Runtime      # DAGs    # Errors  Last Runtime    Last Run
-------------------------  -----  ---------  --------  ----------  --------------  -------------------
/opt/airflow/dags/main.py                           1           0  0.17s           2026-01-18T11:05:15
================================================================================
[2026-01-18T11:06:15.129+0000] {manager.py:878} INFO - 
================================================================================
DAG File Processing Stats

File Path                  PID    Runtime      # DAGs    # Errors  Last Runtime    Last Run
-------------------------  -----  ---------  --------  ----------  --------------  -------------------
/opt/airflow/dags/main.py                           1           0  0.13s           2026-01-18T11:05:45
================================================================================
[2026-01-18T11:06:45.514+0000] {manager.py:878} INFO - 
================================================================================
DAG File Processing Stats

File Path                  PID    Runtime      # DAGs    # Errors  Last Runtime    Last Run
-------------------------  -----  ---------  --------  ----------  --------------  -------------------
/opt/airflow/dags/main.py                           1           0  0.16s           2026-01-18T11:06:16
================================================================================
[2026-01-18T11:07:15.821+0000] {manager.py:878} INFO - 
================================================================================
DAG File Processing Stats

File Path                  PID    Runtime      # DAGs    # Errors  Last Runtime    Last Run
-------------------------  -----  ---------  --------  ----------  --------------  -------------------
/opt/airflow/dags/main.py                           1           0  0.15s           2026-01-18T11:06:46
================================================================================
[2026-01-18T11:07:46.249+0000] {manager.py:878} INFO - 
================================================================================
DAG File Processing Stats

File Path                  PID    Runtime      # DAGs    # Errors  Last Runtime    Last Run
-------------------------  -----  ---------  --------  ----------  --------------  -------------------
/opt/airflow/dags/main.py                           1           0  0.10s           2026-01-18T11:07:16
================================================================================
[2026-01-18T11:08:16.564+0000] {manager.py:878} INFO - 
================================================================================
DAG File Processing Stats

File Path                  PID    Runtime      # DAGs    # Errors  Last Runtime    Last Run
-------------------------  -----  ---------  --------  ----------  --------------  -------------------
/opt/airflow/dags/main.py                           1           0  0.16s           2026-01-18T11:07:47
================================================================================
[2026-01-18T11:08:46.954+0000] {manager.py:878} INFO - 
================================================================================
DAG File Processing Stats

File Path                  PID    Runtime      # DAGs    # Errors  Last Runtime    Last Run
-------------------------  -----  ---------  --------  ----------  --------------  -------------------
/opt/airflow/dags/main.py                           1           0  0.12s           2026-01-18T11:08:17
================================================================================
[2026-01-18T11:09:17.224+0000] {manager.py:878} INFO - 
================================================================================
DAG File Processing Stats

File Path                  PID    Runtime      # DAGs    # Errors  Last Runtime    Last Run
-------------------------  -----  ---------  --------  ----------  --------------  -------------------
/opt/airflow/dags/main.py                           1           0  0.14s           2026-01-18T11:08:48
================================================================================
[2026-01-18T11:09:29.436+0000] {manager.py:737} INFO - Searching for files in /opt/airflow/dags
[2026-01-18T11:09:29.449+0000] {manager.py:740} INFO - There are 1 files in /opt/airflow/dags
[2026-01-18T11:09:47.596+0000] {manager.py:878} INFO - 
================================================================================
DAG File Processing Stats

File Path                  PID    Runtime      # DAGs    # Errors  Last Runtime    Last Run
-------------------------  -----  ---------  --------  ----------  --------------  -------------------
/opt/airflow/dags/main.py                           1           0  0.12s           2026-01-18T11:09:18
================================================================================
[2026-01-18T11:10:17.865+0000] {manager.py:878} INFO - 
================================================================================
DAG File Processing Stats

File Path                  PID    Runtime      # DAGs    # Errors  Last Runtime    Last Run
-------------------------  -----  ---------  --------  ----------  --------------  -------------------
/opt/airflow/dags/main.py                           1           0  0.16s           2026-01-18T11:09:48
================================================================================
[2026-01-18T11:10:48.283+0000] {manager.py:878} INFO - 
================================================================================
DAG File Processing Stats

File Path                  PID    Runtime      # DAGs    # Errors  Last Runtime    Last Run
-------------------------  -----  ---------  --------  ----------  --------------  -------------------
/opt/airflow/dags/main.py                           1           0  0.14s           2026-01-18T11:10:19
================================================================================
[2026-01-18T11:11:18.560+0000] {manager.py:878} INFO - 
================================================================================
DAG File Processing Stats

File Path                  PID    Runtime      # DAGs    # Errors  Last Runtime    Last Run
-------------------------  -----  ---------  --------  ----------  --------------  -------------------
/opt/airflow/dags/main.py                           1           0  0.26s           2026-01-18T11:10:49
================================================================================
[2026-01-18T11:11:48.856+0000] {manager.py:878} INFO - 
================================================================================
DAG File Processing Stats

File Path                  PID    Runtime      # DAGs    # Errors  Last Runtime    Last Run
-------------------------  -----  ---------  --------  ----------  --------------  -------------------
/opt/airflow/dags/main.py                           1           0  0.14s           2026-01-18T11:11:19
================================================================================
[2026-01-18T11:12:19.291+0000] {manager.py:878} INFO - 
================================================================================
DAG File Processing Stats

File Path                  PID    Runtime      # DAGs    # Errors  Last Runtime    Last Run
-------------------------  -----  ---------  --------  ----------  --------------  -------------------
/opt/airflow/dags/main.py                           1           0  0.21s           2026-01-18T11:11:50
================================================================================
[2026-01-18T11:12:49.627+0000] {manager.py:878} INFO - 
================================================================================
DAG File Processing Stats

File Path                  PID    Runtime      # DAGs    # Errors  Last Runtime    Last Run
-------------------------  -----  ---------  --------  ----------  --------------  -------------------
/opt/airflow/dags/main.py                           1           0  0.20s           2026-01-18T11:12:20
================================================================================
[2026-01-18T11:13:20.040+0000] {manager.py:878} INFO - 
================================================================================
DAG File Processing Stats

File Path                  PID    Runtime      # DAGs    # Errors  Last Runtime    Last Run
-------------------------  -----  ---------  --------  ----------  --------------  -------------------
/opt/airflow/dags/main.py                           1           0  0.18s           2026-01-18T11:12:50
================================================================================
[2026-01-18T11:13:50.342+0000] {manager.py:878} INFO - 
================================================================================
DAG File Processing Stats

File Path                  PID    Runtime      # DAGs    # Errors  Last Runtime    Last Run
-------------------------  -----  ---------  --------  ----------  --------------  -------------------
/opt/airflow/dags/main.py                           1           0  0.14s           2026-01-18T11:13:21
================================================================================
[2026-01-18T11:14:20.667+0000] {manager.py:878} INFO - 
================================================================================
DAG File Processing Stats

File Path                  PID    Runtime      # DAGs    # Errors  Last Runtime    Last Run
-------------------------  -----  ---------  --------  ----------  --------------  -------------------
/opt/airflow/dags/main.py                           1           0  0.17s           2026-01-18T11:13:51
================================================================================
[2026-01-18T11:14:29.853+0000] {manager.py:737} INFO - Searching for files in /opt/airflow/dags
[2026-01-18T11:14:29.869+0000] {manager.py:740} INFO - There are 1 files in /opt/airflow/dags
[2026-01-18T11:14:51.085+0000] {manager.py:878} INFO - 
================================================================================
DAG File Processing Stats

File Path                  PID    Runtime      # DAGs    # Errors  Last Runtime    Last Run
-------------------------  -----  ---------  --------  ----------  --------------  -------------------
/opt/airflow/dags/main.py                           1           0  0.11s           2026-01-18T11:14:21
================================================================================
[2026-01-18T11:15:21.423+0000] {manager.py:878} INFO - 
================================================================================
DAG File Processing Stats

File Path                  PID    Runtime      # DAGs    # Errors  Last Runtime    Last Run
-------------------------  -----  ---------  --------  ----------  --------------  -------------------
/opt/airflow/dags/main.py                           1           0  0.13s           2026-01-18T11:14:52
================================================================================
[2026-01-18T11:15:51.809+0000] {manager.py:878} INFO - 
================================================================================
DAG File Processing Stats

File Path                  PID    Runtime      # DAGs    # Errors  Last Runtime    Last Run
-------------------------  -----  ---------  --------  ----------  --------------  -------------------
/opt/airflow/dags/main.py                           1           0  0.19s           2026-01-18T11:15:22
================================================================================
[2026-01-18T11:16:22.045+0000] {manager.py:878} INFO - 
================================================================================
DAG File Processing Stats

File Path                  PID    Runtime      # DAGs    # Errors  Last Runtime    Last Run
-------------------------  -----  ---------  --------  ----------  --------------  -------------------
/opt/airflow/dags/main.py                           1           0  0.16s           2026-01-18T11:15:52
================================================================================
[2026-01-18T11:16:52.436+0000] {manager.py:878} INFO - 
================================================================================
DAG File Processing Stats

File Path                  PID    Runtime      # DAGs    # Errors  Last Runtime    Last Run
-------------------------  -----  ---------  --------  ----------  --------------  -------------------
/opt/airflow/dags/main.py                           1           0  0.15s           2026-01-18T11:16:23
================================================================================
[2026-01-18T11:17:22.696+0000] {manager.py:878} INFO - 
================================================================================
DAG File Processing Stats

File Path                  PID    Runtime      # DAGs    # Errors  Last Runtime    Last Run
-------------------------  -----  ---------  --------  ----------  --------------  -------------------
/opt/airflow/dags/main.py                           1           0  0.14s           2026-01-18T11:16:53
================================================================================
[2026-01-18T11:17:53.101+0000] {manager.py:878} INFO - 
================================================================================
DAG File Processing Stats

File Path                  PID    Runtime      # DAGs    # Errors  Last Runtime    Last Run
-------------------------  -----  ---------  --------  ----------  --------------  -------------------
/opt/airflow/dags/main.py                           1           0  0.21s           2026-01-18T11:17:23
================================================================================
[2026-01-18T11:18:23.444+0000] {manager.py:878} INFO - 
================================================================================
DAG File Processing Stats

File Path                  PID    Runtime      # DAGs    # Errors  Last Runtime    Last Run
-------------------------  -----  ---------  --------  ----------  --------------  -------------------
/opt/airflow/dags/main.py                           1           0  0.14s           2026-01-18T11:17:54
================================================================================
[2026-01-18T11:18:53.775+0000] {manager.py:878} INFO - 
================================================================================
DAG File Processing Stats

File Path                  PID    Runtime      # DAGs    # Errors  Last Runtime    Last Run
-------------------------  -----  ---------  --------  ----------  --------------  -------------------
/opt/airflow/dags/main.py                           1           0  0.15s           2026-01-18T11:18:24
================================================================================
[2026-01-18T11:19:24.088+0000] {manager.py:878} INFO - 
================================================================================
DAG File Processing Stats

File Path                  PID    Runtime      # DAGs    # Errors  Last Runtime    Last Run
-------------------------  -----  ---------  --------  ----------  --------------  -------------------
/opt/airflow/dags/main.py                           1           0  0.16s           2026-01-18T11:18:54
================================================================================
[2026-01-18T11:19:30.142+0000] {manager.py:737} INFO - Searching for files in /opt/airflow/dags
[2026-01-18T11:19:30.153+0000] {manager.py:740} INFO - There are 1 files in /opt/airflow/dags
[2026-01-18T11:19:54.401+0000] {manager.py:878} INFO - 
================================================================================
DAG File Processing Stats

File Path                  PID    Runtime      # DAGs    # Errors  Last Runtime    Last Run
-------------------------  -----  ---------  --------  ----------  --------------  -------------------
/opt/airflow/dags/main.py                           1           0  0.14s           2026-01-18T11:19:25
================================================================================
[2026-01-18T11:20:24.784+0000] {manager.py:878} INFO - 
================================================================================
DAG File Processing Stats

File Path                  PID    Runtime      # DAGs    # Errors  Last Runtime    Last Run
-------------------------  -----  ---------  --------  ----------  --------------  -------------------
/opt/airflow/dags/main.py                           1           0  0.19s           2026-01-18T11:19:55
================================================================================
[2026-01-18T11:20:55.159+0000] {manager.py:878} INFO - 
================================================================================
DAG File Processing Stats

File Path                  PID    Runtime      # DAGs    # Errors  Last Runtime    Last Run
-------------------------  -----  ---------  --------  ----------  --------------  -------------------
/opt/airflow/dags/main.py                           1           0  0.21s           2026-01-18T11:20:26
================================================================================
[2026-01-18T11:21:25.517+0000] {manager.py:878} INFO - 
================================================================================
DAG File Processing Stats

File Path                  PID    Runtime      # DAGs    # Errors  Last Runtime    Last Run
-------------------------  -----  ---------  --------  ----------  --------------  -------------------
/opt/airflow/dags/main.py                           1           0  0.19s           2026-01-18T11:20:56
================================================================================
[2026-01-18T11:21:55.939+0000] {manager.py:878} INFO - 
================================================================================
DAG File Processing Stats

File Path                  PID    Runtime      # DAGs    # Errors  Last Runtime    Last Run
-------------------------  -----  ---------  --------  ----------  --------------  -------------------
/opt/airflow/dags/main.py                           1           0  0.20s           2026-01-18T11:21:26
================================================================================
[2026-01-18T11:22:26.251+0000] {manager.py:878} INFO - 
================================================================================
DAG File Processing Stats

File Path                  PID    Runtime      # DAGs    # Errors  Last Runtime    Last Run
-------------------------  -----  ---------  --------  ----------  --------------  -------------------
/opt/airflow/dags/main.py                           1           0  0.16s           2026-01-18T11:21:57
================================================================================
[2026-01-18T11:22:56.647+0000] {manager.py:878} INFO - 
================================================================================
DAG File Processing Stats

File Path                  PID    Runtime      # DAGs    # Errors  Last Runtime    Last Run
-------------------------  -----  ---------  --------  ----------  --------------  -------------------
/opt/airflow/dags/main.py                           1           0  0.09s           2026-01-18T11:22:27
================================================================================
[2026-01-18T11:23:27.070+0000] {manager.py:878} INFO - 
================================================================================
DAG File Processing Stats

File Path                  PID    Runtime      # DAGs    # Errors  Last Runtime    Last Run
-------------------------  -----  ---------  --------  ----------  --------------  -------------------
/opt/airflow/dags/main.py                           1           0  0.21s           2026-01-18T11:22:57
================================================================================
[2026-01-18T11:23:57.338+0000] {manager.py:878} INFO - 
================================================================================
DAG File Processing Stats

File Path                  PID    Runtime      # DAGs    # Errors  Last Runtime    Last Run
-------------------------  -----  ---------  --------  ----------  --------------  -------------------
/opt/airflow/dags/main.py                           1           0  0.21s           2026-01-18T11:23:28
================================================================================
[2026-01-18T11:24:27.790+0000] {manager.py:878} INFO - 
================================================================================
DAG File Processing Stats

File Path                  PID    Runtime      # DAGs    # Errors  Last Runtime    Last Run
-------------------------  -----  ---------  --------  ----------  --------------  -------------------
/opt/airflow/dags/main.py                           1           0  0.19s           2026-01-18T11:23:58
================================================================================
[2026-01-18T11:24:30.856+0000] {manager.py:737} INFO - Searching for files in /opt/airflow/dags
[2026-01-18T11:24:30.869+0000] {manager.py:740} INFO - There are 1 files in /opt/airflow/dags
[2026-01-18T11:24:58.135+0000] {manager.py:878} INFO - 
================================================================================
DAG File Processing Stats

File Path                  PID    Runtime      # DAGs    # Errors  Last Runtime    Last Run
-------------------------  -----  ---------  --------  ----------  --------------  -------------------
/opt/airflow/dags/main.py                           1           0  0.19s           2026-01-18T11:24:28
================================================================================
[2026-01-18T11:25:28.464+0000] {manager.py:878} INFO - 
================================================================================
DAG File Processing Stats

File Path                  PID    Runtime      # DAGs    # Errors  Last Runtime    Last Run
-------------------------  -----  ---------  --------  ----------  --------------  -------------------
/opt/airflow/dags/main.py                           1           0  0.25s           2026-01-18T11:24:59
================================================================================
[2026-01-18T11:25:58.922+0000] {manager.py:878} INFO - 
================================================================================
DAG File Processing Stats

File Path                  PID    Runtime      # DAGs    # Errors  Last Runtime    Last Run
-------------------------  -----  ---------  --------  ----------  --------------  -------------------
/opt/airflow/dags/main.py                           1           0  0.19s           2026-01-18T11:25:29
================================================================================
[2026-01-18T11:26:29.223+0000] {manager.py:878} INFO - 
================================================================================
DAG File Processing Stats

File Path                  PID    Runtime      # DAGs    # Errors  Last Runtime    Last Run
-------------------------  -----  ---------  --------  ----------  --------------  -------------------
/opt/airflow/dags/main.py                           1           0  0.22s           2026-01-18T11:26:00
================================================================================
[2026-01-18T11:26:59.681+0000] {manager.py:878} INFO - 
================================================================================
DAG File Processing Stats

File Path                  PID    Runtime      # DAGs    # Errors  Last Runtime    Last Run
-------------------------  -----  ---------  --------  ----------  --------------  -------------------
/opt/airflow/dags/main.py                           1           0  0.17s           2026-01-18T11:26:30
================================================================================
[2026-01-18T11:27:30.049+0000] {manager.py:878} INFO - 
================================================================================
DAG File Processing Stats

File Path                  PID    Runtime      # DAGs    # Errors  Last Runtime    Last Run
-------------------------  -----  ---------  --------  ----------  --------------  -------------------
/opt/airflow/dags/main.py                           1           0  0.17s           2026-01-18T11:27:00
================================================================================
[2026-01-18T11:28:00.419+0000] {manager.py:878} INFO - 
================================================================================
DAG File Processing Stats

File Path                  PID    Runtime      # DAGs    # Errors  Last Runtime    Last Run
-------------------------  -----  ---------  --------  ----------  --------------  -------------------
/opt/airflow/dags/main.py                           1           0  0.16s           2026-01-18T11:27:31
================================================================================
[2026-01-18T11:28:30.773+0000] {manager.py:878} INFO - 
================================================================================
DAG File Processing Stats

File Path                  PID    Runtime      # DAGs    # Errors  Last Runtime    Last Run
-------------------------  -----  ---------  --------  ----------  --------------  -------------------
/opt/airflow/dags/main.py                           1           0  0.17s           2026-01-18T11:28:01
================================================================================
[2026-01-18T11:29:01.053+0000] {manager.py:878} INFO - 
================================================================================
DAG File Processing Stats

File Path                  PID    Runtime      # DAGs    # Errors  Last Runtime    Last Run
-------------------------  -----  ---------  --------  ----------  --------------  -------------------
/opt/airflow/dags/main.py                           1           0  0.17s           2026-01-18T11:28:31
================================================================================
[2026-01-18T11:29:31.434+0000] {manager.py:737} INFO - Searching for files in /opt/airflow/dags
[2026-01-18T11:29:31.444+0000] {manager.py:740} INFO - There are 1 files in /opt/airflow/dags
[2026-01-18T11:29:31.458+0000] {manager.py:878} INFO - 
================================================================================
DAG File Processing Stats

File Path                  PID    Runtime      # DAGs    # Errors  Last Runtime    Last Run
-------------------------  -----  ---------  --------  ----------  --------------  -------------------
/opt/airflow/dags/main.py                           1           0  0.16s           2026-01-18T11:29:02
================================================================================
[2026-01-18T11:30:01.758+0000] {manager.py:878} INFO - 
================================================================================
DAG File Processing Stats

File Path                  PID    Runtime      # DAGs    # Errors  Last Runtime    Last Run
-------------------------  -----  ---------  --------  ----------  --------------  -------------------
/opt/airflow/dags/main.py                           1           0  0.16s           2026-01-18T11:29:32
================================================================================
[2026-01-18T11:30:32.136+0000] {manager.py:878} INFO - 
================================================================================
DAG File Processing Stats

File Path                  PID    Runtime      # DAGs    # Errors  Last Runtime    Last Run
-------------------------  -----  ---------  --------  ----------  --------------  -------------------
/opt/airflow/dags/main.py                           1           0  0.15s           2026-01-18T11:30:02
================================================================================
[2026-01-18T11:31:02.465+0000] {manager.py:878} INFO - 
================================================================================
DAG File Processing Stats

File Path                  PID    Runtime      # DAGs    # Errors  Last Runtime    Last Run
-------------------------  -----  ---------  --------  ----------  --------------  -------------------
/opt/airflow/dags/main.py                           1           0  0.15s           2026-01-18T11:30:33
================================================================================
[2026-01-18T11:31:32.805+0000] {manager.py:878} INFO - 
================================================================================
DAG File Processing Stats

File Path                  PID    Runtime      # DAGs    # Errors  Last Runtime    Last Run
-------------------------  -----  ---------  --------  ----------  --------------  -------------------
/opt/airflow/dags/main.py                           1           0  0.21s           2026-01-18T11:31:03
================================================================================
[2026-01-18T11:32:03.237+0000] {manager.py:878} INFO - 
================================================================================
DAG File Processing Stats

File Path                  PID    Runtime      # DAGs    # Errors  Last Runtime    Last Run
-------------------------  -----  ---------  --------  ----------  --------------  -------------------
/opt/airflow/dags/main.py                           1           0  0.19s           2026-01-18T11:31:34
================================================================================
[2026-01-18T11:32:33.646+0000] {manager.py:878} INFO - 
================================================================================
DAG File Processing Stats

File Path                  PID    Runtime      # DAGs    # Errors  Last Runtime    Last Run
-------------------------  -----  ---------  --------  ----------  --------------  -------------------
/opt/airflow/dags/main.py                           1           0  0.21s           2026-01-18T11:32:04
================================================================================
[2026-01-18T11:33:04.041+0000] {manager.py:878} INFO - 
================================================================================
DAG File Processing Stats

File Path                  PID    Runtime      # DAGs    # Errors  Last Runtime    Last Run
-------------------------  -----  ---------  --------  ----------  --------------  -------------------
/opt/airflow/dags/main.py                           1           0  0.20s           2026-01-18T11:32:34
================================================================================
[2026-01-18T11:33:34.439+0000] {manager.py:878} INFO - 
================================================================================
DAG File Processing Stats

File Path                  PID    Runtime      # DAGs    # Errors  Last Runtime    Last Run
-------------------------  -----  ---------  --------  ----------  --------------  -------------------
/opt/airflow/dags/main.py                           1           0  0.21s           2026-01-18T11:33:05
================================================================================
[2026-01-18T11:34:04.776+0000] {manager.py:878} INFO - 
================================================================================
DAG File Processing Stats

File Path                  PID    Runtime      # DAGs    # Errors  Last Runtime    Last Run
-------------------------  -----  ---------  --------  ----------  --------------  -------------------
/opt/airflow/dags/main.py                           1           0  0.21s           2026-01-18T11:33:35
================================================================================
[2026-01-18T11:34:32.083+0000] {manager.py:737} INFO - Searching for files in /opt/airflow/dags
[2026-01-18T11:34:32.096+0000] {manager.py:740} INFO - There are 1 files in /opt/airflow/dags
[2026-01-18T11:34:35.140+0000] {manager.py:878} INFO - 
================================================================================
DAG File Processing Stats

File Path                  PID    Runtime      # DAGs    # Errors  Last Runtime    Last Run
-------------------------  -----  ---------  --------  ----------  --------------  -------------------
/opt/airflow/dags/main.py                           1           0  0.19s           2026-01-18T11:34:05
================================================================================
[2026-01-18T11:35:05.505+0000] {manager.py:878} INFO - 
================================================================================
DAG File Processing Stats

File Path                  PID    Runtime      # DAGs    # Errors  Last Runtime    Last Run
-------------------------  -----  ---------  --------  ----------  --------------  -------------------
/opt/airflow/dags/main.py                           1           0  0.41s           2026-01-18T11:34:36
================================================================================
[2026-01-18T11:35:36.186+0000] {manager.py:878} INFO - 
================================================================================
DAG File Processing Stats

File Path                  PID    Runtime      # DAGs    # Errors  Last Runtime    Last Run
-------------------------  -----  ---------  --------  ----------  --------------  -------------------
/opt/airflow/dags/main.py                           1           0  0.19s           2026-01-18T11:35:07
================================================================================
[2026-01-18T11:36:06.618+0000] {manager.py:878} INFO - 
================================================================================
DAG File Processing Stats

File Path                  PID    Runtime      # DAGs    # Errors  Last Runtime    Last Run
-------------------------  -----  ---------  --------  ----------  --------------  -------------------
/opt/airflow/dags/main.py                           1           0  0.18s           2026-01-18T11:35:37
================================================================================
[2026-01-18T11:36:36.948+0000] {manager.py:878} INFO - 
================================================================================
DAG File Processing Stats

File Path                  PID    Runtime      # DAGs    # Errors  Last Runtime    Last Run
-------------------------  -----  ---------  --------  ----------  --------------  -------------------
/opt/airflow/dags/main.py                           1           0  0.23s           2026-01-18T11:36:07
================================================================================
[2026-01-18T11:37:07.345+0000] {manager.py:878} INFO - 
================================================================================
DAG File Processing Stats

File Path                  PID    Runtime      # DAGs    # Errors  Last Runtime    Last Run
-------------------------  -----  ---------  --------  ----------  --------------  -------------------
/opt/airflow/dags/main.py                           1           0  0.26s           2026-01-18T11:36:38
================================================================================
[2026-01-18T11:37:37.627+0000] {manager.py:878} INFO - 
================================================================================
DAG File Processing Stats

File Path                  PID    Runtime      # DAGs    # Errors  Last Runtime    Last Run
-------------------------  -----  ---------  --------  ----------  --------------  -------------------
/opt/airflow/dags/main.py                           1           0  0.10s           2026-01-18T11:37:08
================================================================================
[2026-01-18T11:38:07.906+0000] {manager.py:878} INFO - 
================================================================================
DAG File Processing Stats

File Path                  PID    Runtime      # DAGs    # Errors  Last Runtime    Last Run
-------------------------  -----  ---------  --------  ----------  --------------  -------------------
/opt/airflow/dags/main.py                           1           0  0.11s           2026-01-18T11:37:38
================================================================================
[2026-01-18T11:38:38.205+0000] {manager.py:878} INFO - 
================================================================================
DAG File Processing Stats

File Path                  PID    Runtime      # DAGs    # Errors  Last Runtime    Last Run
-------------------------  -----  ---------  --------  ----------  --------------  -------------------
/opt/airflow/dags/main.py                           1           0  0.10s           2026-01-18T11:38:09
================================================================================
[2026-01-18T11:39:08.510+0000] {manager.py:878} INFO - 
================================================================================
DAG File Processing Stats

File Path                  PID    Runtime      # DAGs    # Errors  Last Runtime    Last Run
-------------------------  -----  ---------  --------  ----------  --------------  -------------------
/opt/airflow/dags/main.py                           1           0  0.16s           2026-01-18T11:38:39
================================================================================
[2026-01-18T11:39:32.775+0000] {manager.py:737} INFO - Searching for files in /opt/airflow/dags
[2026-01-18T11:39:32.794+0000] {manager.py:740} INFO - There are 1 files in /opt/airflow/dags
[2026-01-18T11:39:38.869+0000] {manager.py:878} INFO - 
================================================================================
DAG File Processing Stats

File Path                  PID    Runtime      # DAGs    # Errors  Last Runtime    Last Run
-------------------------  -----  ---------  --------  ----------  --------------  -------------------
/opt/airflow/dags/main.py                           1           0  0.18s           2026-01-18T11:39:09
================================================================================
[2026-01-18T11:40:09.160+0000] {manager.py:878} INFO - 
================================================================================
DAG File Processing Stats

File Path                  PID    Runtime      # DAGs    # Errors  Last Runtime    Last Run
-------------------------  -----  ---------  --------  ----------  --------------  -------------------
/opt/airflow/dags/main.py                           1           0  0.18s           2026-01-18T11:39:40
================================================================================
[2026-01-18T11:40:39.579+0000] {manager.py:878} INFO - 
================================================================================
DAG File Processing Stats

File Path                  PID    Runtime      # DAGs    # Errors  Last Runtime    Last Run
-------------------------  -----  ---------  --------  ----------  --------------  -------------------
/opt/airflow/dags/main.py                           1           0  0.19s           2026-01-18T11:40:10
================================================================================
[2026-01-18T11:41:09.907+0000] {manager.py:878} INFO - 
================================================================================
DAG File Processing Stats

File Path                  PID    Runtime      # DAGs    # Errors  Last Runtime    Last Run
-------------------------  -----  ---------  --------  ----------  --------------  -------------------
/opt/airflow/dags/main.py                           1           0  0.19s           2026-01-18T11:40:40
================================================================================
[2026-01-18T11:41:40.319+0000] {manager.py:878} INFO - 
================================================================================
DAG File Processing Stats

File Path                  PID    Runtime      # DAGs    # Errors  Last Runtime    Last Run
-------------------------  -----  ---------  --------  ----------  --------------  -------------------
/opt/airflow/dags/main.py                           1           0  0.15s           2026-01-18T11:41:11
================================================================================
[2026-01-18T11:42:10.657+0000] {manager.py:878} INFO - 
================================================================================
DAG File Processing Stats

File Path                  PID    Runtime      # DAGs    # Errors  Last Runtime    Last Run
-------------------------  -----  ---------  --------  ----------  --------------  -------------------
/opt/airflow/dags/main.py                           1           0  0.19s           2026-01-18T11:41:41
================================================================================
[2026-01-18T11:42:41.082+0000] {manager.py:878} INFO - 
================================================================================
DAG File Processing Stats

File Path                  PID    Runtime      # DAGs    # Errors  Last Runtime    Last Run
-------------------------  -----  ---------  --------  ----------  --------------  -------------------
/opt/airflow/dags/main.py                           1           0  0.20s           2026-01-18T11:42:11
================================================================================
[2026-01-18T11:43:11.405+0000] {manager.py:878} INFO - 
================================================================================
DAG File Processing Stats

File Path                  PID    Runtime      # DAGs    # Errors  Last Runtime    Last Run
-------------------------  -----  ---------  --------  ----------  --------------  -------------------
/opt/airflow/dags/main.py                           1           0  0.19s           2026-01-18T11:42:42
================================================================================
[2026-01-18T11:43:41.836+0000] {manager.py:878} INFO - 
================================================================================
DAG File Processing Stats

File Path                  PID    Runtime      # DAGs    # Errors  Last Runtime    Last Run
-------------------------  -----  ---------  --------  ----------  --------------  -------------------
/opt/airflow/dags/main.py                           1           0  0.21s           2026-01-18T11:43:12
================================================================================
[2026-01-18T11:44:12.175+0000] {manager.py:878} INFO - 
================================================================================
DAG File Processing Stats

File Path                  PID    Runtime      # DAGs    # Errors  Last Runtime    Last Run
-------------------------  -----  ---------  --------  ----------  --------------  -------------------
/opt/airflow/dags/main.py                           1           0  0.19s           2026-01-18T11:43:43
================================================================================
[2026-01-18T11:44:33.458+0000] {manager.py:737} INFO - Searching for files in /opt/airflow/dags
[2026-01-18T11:44:33.476+0000] {manager.py:740} INFO - There are 1 files in /opt/airflow/dags
[2026-01-18T11:44:42.552+0000] {manager.py:878} INFO - 
================================================================================
DAG File Processing Stats

File Path                  PID    Runtime      # DAGs    # Errors  Last Runtime    Last Run
-------------------------  -----  ---------  --------  ----------  --------------  -------------------
/opt/airflow/dags/main.py                           1           0  0.21s           2026-01-18T11:44:13
================================================================================
[2026-01-18T11:45:12.883+0000] {manager.py:878} INFO - 
================================================================================
DAG File Processing Stats

File Path                  PID    Runtime      # DAGs    # Errors  Last Runtime    Last Run
-------------------------  -----  ---------  --------  ----------  --------------  -------------------
/opt/airflow/dags/main.py                           1           0  0.16s           2026-01-18T11:44:43
================================================================================
[2026-01-18T11:45:43.241+0000] {manager.py:878} INFO - 
================================================================================
DAG File Processing Stats

File Path                  PID    Runtime      # DAGs    # Errors  Last Runtime    Last Run
-------------------------  -----  ---------  --------  ----------  --------------  -------------------
/opt/airflow/dags/main.py                           1           0  0.15s           2026-01-18T11:45:14
================================================================================
[2026-01-18T11:46:13.577+0000] {manager.py:878} INFO - 
================================================================================
DAG File Processing Stats

File Path                  PID    Runtime      # DAGs    # Errors  Last Runtime    Last Run
-------------------------  -----  ---------  --------  ----------  --------------  -------------------
/opt/airflow/dags/main.py                           1           0  0.18s           2026-01-18T11:45:44
================================================================================
[2026-01-18T11:46:44.000+0000] {manager.py:878} INFO - 
================================================================================
DAG File Processing Stats

File Path                  PID    Runtime      # DAGs    # Errors  Last Runtime    Last Run
-------------------------  -----  ---------  --------  ----------  --------------  -------------------
/opt/airflow/dags/main.py                           1           0  0.13s           2026-01-18T11:46:14
================================================================================
[2026-01-18T11:47:14.321+0000] {manager.py:878} INFO - 
================================================================================
DAG File Processing Stats

File Path                  PID    Runtime      # DAGs    # Errors  Last Runtime    Last Run
-------------------------  -----  ---------  --------  ----------  --------------  -------------------
/opt/airflow/dags/main.py                           1           0  0.14s           2026-01-18T11:46:45
================================================================================
[2026-01-18T11:47:44.675+0000] {manager.py:878} INFO - 
================================================================================
DAG File Processing Stats

File Path                  PID    Runtime      # DAGs    # Errors  Last Runtime    Last Run
-------------------------  -----  ---------  --------  ----------  --------------  -------------------
/opt/airflow/dags/main.py                           1           0  0.14s           2026-01-18T11:47:15
================================================================================
[2026-01-18T11:48:15.010+0000] {manager.py:878} INFO - 
================================================================================
DAG File Processing Stats

File Path                  PID    Runtime      # DAGs    # Errors  Last Runtime    Last Run
-------------------------  -----  ---------  --------  ----------  --------------  -------------------
/opt/airflow/dags/main.py                           1           0  0.18s           2026-01-18T11:47:45
================================================================================
[2026-01-18T11:48:45.398+0000] {manager.py:878} INFO - 
================================================================================
DAG File Processing Stats

File Path                  PID    Runtime      # DAGs    # Errors  Last Runtime    Last Run
-------------------------  -----  ---------  --------  ----------  --------------  -------------------
/opt/airflow/dags/main.py                           1           0  0.16s           2026-01-18T11:48:16
================================================================================
[2026-01-18T11:49:15.695+0000] {manager.py:878} INFO - 
================================================================================
DAG File Processing Stats

File Path                  PID    Runtime      # DAGs    # Errors  Last Runtime    Last Run
-------------------------  -----  ---------  --------  ----------  --------------  -------------------
/opt/airflow/dags/main.py                           1           0  0.26s           2026-01-18T11:48:46
================================================================================
[2026-01-18T11:49:33.878+0000] {manager.py:737} INFO - Searching for files in /opt/airflow/dags
[2026-01-18T11:49:33.894+0000] {manager.py:740} INFO - There are 1 files in /opt/airflow/dags
[2026-01-18T11:49:46.030+0000] {manager.py:878} INFO - 
================================================================================
DAG File Processing Stats

File Path                  PID    Runtime      # DAGs    # Errors  Last Runtime    Last Run
-------------------------  -----  ---------  --------  ----------  --------------  -------------------
/opt/airflow/dags/main.py                           1           0  0.21s           2026-01-18T11:49:16
================================================================================
[2026-01-18T11:50:16.435+0000] {manager.py:878} INFO - 
================================================================================
DAG File Processing Stats

File Path                  PID    Runtime      # DAGs    # Errors  Last Runtime    Last Run
-------------------------  -----  ---------  --------  ----------  --------------  -------------------
/opt/airflow/dags/main.py                           1           0  0.20s           2026-01-18T11:49:47
================================================================================
[2026-01-18T11:50:46.805+0000] {manager.py:878} INFO - 
================================================================================
DAG File Processing Stats

File Path                  PID    Runtime      # DAGs    # Errors  Last Runtime    Last Run
-------------------------  -----  ---------  --------  ----------  --------------  -------------------
/opt/airflow/dags/main.py                           1           0  0.24s           2026-01-18T11:50:17
================================================================================
[2026-01-18T11:51:17.177+0000] {manager.py:878} INFO - 
================================================================================
DAG File Processing Stats

File Path                  PID    Runtime      # DAGs    # Errors  Last Runtime    Last Run
-------------------------  -----  ---------  --------  ----------  --------------  -------------------
/opt/airflow/dags/main.py                           1           0  0.22s           2026-01-18T11:50:48
================================================================================
[2026-01-18T11:51:47.489+0000] {manager.py:878} INFO - 
================================================================================
DAG File Processing Stats

File Path                  PID    Runtime      # DAGs    # Errors  Last Runtime    Last Run
-------------------------  -----  ---------  --------  ----------  --------------  -------------------
/opt/airflow/dags/main.py                           1           0  0.19s           2026-01-18T11:51:18
================================================================================
[2026-01-18T11:52:17.840+0000] {manager.py:878} INFO - 
================================================================================
DAG File Processing Stats

File Path                  PID    Runtime      # DAGs    # Errors  Last Runtime    Last Run
-------------------------  -----  ---------  --------  ----------  --------------  -------------------
/opt/airflow/dags/main.py                           1           0  0.19s           2026-01-18T11:51:48
================================================================================
[2026-01-18T11:52:48.129+0000] {manager.py:878} INFO - 
================================================================================
DAG File Processing Stats

File Path                  PID    Runtime      # DAGs    # Errors  Last Runtime    Last Run
-------------------------  -----  ---------  --------  ----------  --------------  -------------------
/opt/airflow/dags/main.py                           1           0  0.18s           2026-01-18T11:52:19
================================================================================
[2026-01-18T11:53:18.584+0000] {manager.py:878} INFO - 
================================================================================
DAG File Processing Stats

File Path                  PID    Runtime      # DAGs    # Errors  Last Runtime    Last Run
-------------------------  -----  ---------  --------  ----------  --------------  -------------------
/opt/airflow/dags/main.py                           1           0  0.19s           2026-01-18T11:52:49
================================================================================
[2026-01-18T11:53:48.856+0000] {manager.py:878} INFO - 
================================================================================
DAG File Processing Stats

File Path                  PID    Runtime      # DAGs    # Errors  Last Runtime    Last Run
-------------------------  -----  ---------  --------  ----------  --------------  -------------------
/opt/airflow/dags/main.py                           1           0  0.17s           2026-01-18T11:53:19
================================================================================
[2026-01-18T11:54:19.116+0000] {manager.py:878} INFO - 
================================================================================
DAG File Processing Stats

File Path                  PID    Runtime      # DAGs    # Errors  Last Runtime    Last Run
-------------------------  -----  ---------  --------  ----------  --------------  -------------------
/opt/airflow/dags/main.py                           1           0  0.14s           2026-01-18T11:53:50
================================================================================
[2026-01-18T11:54:34.368+0000] {manager.py:737} INFO - Searching for files in /opt/airflow/dags
[2026-01-18T11:54:34.384+0000] {manager.py:740} INFO - There are 1 files in /opt/airflow/dags
[2026-01-18T11:54:49.552+0000] {manager.py:878} INFO - 
================================================================================
DAG File Processing Stats

File Path                  PID    Runtime      # DAGs    # Errors  Last Runtime    Last Run
-------------------------  -----  ---------  --------  ----------  --------------  -------------------
/opt/airflow/dags/main.py                           1           0  0.18s           2026-01-18T11:54:20
================================================================================
[2026-01-18T11:55:19.889+0000] {manager.py:878} INFO - 
================================================================================
DAG File Processing Stats

File Path                  PID    Runtime      # DAGs    # Errors  Last Runtime    Last Run
-------------------------  -----  ---------  --------  ----------  --------------  -------------------
/opt/airflow/dags/main.py                           1           0  0.21s           2026-01-18T11:54:50
================================================================================
[2026-01-18T11:55:50.341+0000] {manager.py:878} INFO - 
================================================================================
DAG File Processing Stats

File Path                  PID    Runtime      # DAGs    # Errors  Last Runtime    Last Run
-------------------------  -----  ---------  --------  ----------  --------------  -------------------
/opt/airflow/dags/main.py                           1           0  0.21s           2026-01-18T11:55:21
================================================================================
[2026-01-18T11:56:20.708+0000] {manager.py:878} INFO - 
================================================================================
DAG File Processing Stats

File Path                  PID    Runtime      # DAGs    # Errors  Last Runtime    Last Run
-------------------------  -----  ---------  --------  ----------  --------------  -------------------
/opt/airflow/dags/main.py                           1           0  0.19s           2026-01-18T11:55:51
================================================================================
[2026-01-18T11:56:51.175+0000] {manager.py:878} INFO - 
================================================================================
DAG File Processing Stats

File Path                  PID    Runtime      # DAGs    # Errors  Last Runtime    Last Run
-------------------------  -----  ---------  --------  ----------  --------------  -------------------
/opt/airflow/dags/main.py                           1           0  0.13s           2026-01-18T11:56:21
================================================================================
[2026-01-18T11:57:21.490+0000] {manager.py:878} INFO - 
================================================================================
DAG File Processing Stats

File Path                  PID    Runtime      # DAGs    # Errors  Last Runtime    Last Run
-------------------------  -----  ---------  --------  ----------  --------------  -------------------
/opt/airflow/dags/main.py                           1           0  0.15s           2026-01-18T11:56:52
================================================================================
[2026-01-18T11:57:51.846+0000] {manager.py:878} INFO - 
================================================================================
DAG File Processing Stats

File Path                  PID    Runtime      # DAGs    # Errors  Last Runtime    Last Run
-------------------------  -----  ---------  --------  ----------  --------------  -------------------
/opt/airflow/dags/main.py                           1           0  0.11s           2026-01-18T11:57:22
================================================================================
[2026-01-18T11:58:22.100+0000] {manager.py:878} INFO - 
================================================================================
DAG File Processing Stats

File Path                  PID    Runtime      # DAGs    # Errors  Last Runtime    Last Run
-------------------------  -----  ---------  --------  ----------  --------------  -------------------
/opt/airflow/dags/main.py                           1           0  0.16s           2026-01-18T11:57:53
================================================================================
[2026-01-18T11:58:52.388+0000] {manager.py:878} INFO - 
================================================================================
DAG File Processing Stats

File Path                  PID    Runtime      # DAGs    # Errors  Last Runtime    Last Run
-------------------------  -----  ---------  --------  ----------  --------------  -------------------
/opt/airflow/dags/main.py                           1           0  0.14s           2026-01-18T11:58:23
================================================================================
[2026-01-18T11:59:22.760+0000] {manager.py:878} INFO - 
================================================================================
DAG File Processing Stats

File Path                  PID    Runtime      # DAGs    # Errors  Last Runtime    Last Run
-------------------------  -----  ---------  --------  ----------  --------------  -------------------
/opt/airflow/dags/main.py                           1           0  0.16s           2026-01-18T11:58:53
================================================================================
[2026-01-18T11:59:34.912+0000] {manager.py:737} INFO - Searching for files in /opt/airflow/dags
[2026-01-18T11:59:34.925+0000] {manager.py:740} INFO - There are 1 files in /opt/airflow/dags
[2026-01-18T11:59:53.097+0000] {manager.py:878} INFO - 
================================================================================
DAG File Processing Stats

File Path                  PID    Runtime      # DAGs    # Errors  Last Runtime    Last Run
-------------------------  -----  ---------  --------  ----------  --------------  -------------------
/opt/airflow/dags/main.py                           1           0  0.18s           2026-01-18T11:59:23
================================================================================
[2026-01-18T12:00:23.473+0000] {manager.py:878} INFO - 
================================================================================
DAG File Processing Stats

File Path                  PID    Runtime      # DAGs    # Errors  Last Runtime    Last Run
-------------------------  -----  ---------  --------  ----------  --------------  -------------------
/opt/airflow/dags/main.py                           1           0  0.19s           2026-01-18T11:59:54
================================================================================
[2026-01-18T12:00:53.826+0000] {manager.py:878} INFO - 
================================================================================
DAG File Processing Stats

File Path                  PID    Runtime      # DAGs    # Errors  Last Runtime    Last Run
-------------------------  -----  ---------  --------  ----------  --------------  -------------------
/opt/airflow/dags/main.py                           1           0  0.20s           2026-01-18T12:00:24
================================================================================
[2026-01-18T12:01:24.223+0000] {manager.py:878} INFO - 
================================================================================
DAG File Processing Stats

File Path                  PID    Runtime      # DAGs    # Errors  Last Runtime    Last Run
-------------------------  -----  ---------  --------  ----------  --------------  -------------------
/opt/airflow/dags/main.py                           1           0  0.21s           2026-01-18T12:00:55
================================================================================
[2026-01-18T12:01:54.587+0000] {manager.py:878} INFO - 
================================================================================
DAG File Processing Stats

File Path                  PID    Runtime      # DAGs    # Errors  Last Runtime    Last Run
-------------------------  -----  ---------  --------  ----------  --------------  -------------------
/opt/airflow/dags/main.py                           1           0  0.17s           2026-01-18T12:01:25
================================================================================
[2026-01-18T12:02:24.916+0000] {manager.py:878} INFO - 
================================================================================
DAG File Processing Stats

File Path                  PID    Runtime      # DAGs    # Errors  Last Runtime    Last Run
-------------------------  -----  ---------  --------  ----------  --------------  -------------------
/opt/airflow/dags/main.py                           1           0  0.14s           2026-01-18T12:01:55
================================================================================
[2026-01-18T12:02:55.236+0000] {manager.py:878} INFO - 
================================================================================
DAG File Processing Stats

File Path                  PID    Runtime      # DAGs    # Errors  Last Runtime    Last Run
-------------------------  -----  ---------  --------  ----------  --------------  -------------------
/opt/airflow/dags/main.py                           1           0  0.17s           2026-01-18T12:02:26
================================================================================
[2026-01-18T12:03:25.632+0000] {manager.py:878} INFO - 
================================================================================
DAG File Processing Stats

File Path                  PID    Runtime      # DAGs    # Errors  Last Runtime    Last Run
-------------------------  -----  ---------  --------  ----------  --------------  -------------------
/opt/airflow/dags/main.py                           1           0  0.13s           2026-01-18T12:02:56
================================================================================
[2026-01-18T12:03:55.939+0000] {manager.py:878} INFO - 
================================================================================
DAG File Processing Stats

File Path                  PID    Runtime      # DAGs    # Errors  Last Runtime    Last Run
-------------------------  -----  ---------  --------  ----------  --------------  -------------------
/opt/airflow/dags/main.py                           1           0  0.18s           2026-01-18T12:03:26
================================================================================
[2026-01-18T12:04:26.286+0000] {manager.py:878} INFO - 
================================================================================
DAG File Processing Stats

File Path                  PID    Runtime      # DAGs    # Errors  Last Runtime    Last Run
-------------------------  -----  ---------  --------  ----------  --------------  -------------------
/opt/airflow/dags/main.py                           1           0  0.16s           2026-01-18T12:03:57
================================================================================
[2026-01-18T12:04:35.401+0000] {manager.py:737} INFO - Searching for files in /opt/airflow/dags
[2026-01-18T12:04:35.409+0000] {manager.py:740} INFO - There are 1 files in /opt/airflow/dags
[2026-01-18T12:04:56.597+0000] {manager.py:878} INFO - 
================================================================================
DAG File Processing Stats

File Path                  PID    Runtime      # DAGs    # Errors  Last Runtime    Last Run
-------------------------  -----  ---------  --------  ----------  --------------  -------------------
/opt/airflow/dags/main.py                           1           0  0.21s           2026-01-18T12:04:27
================================================================================
[2026-01-18T12:05:27.009+0000] {manager.py:878} INFO - 
================================================================================
DAG File Processing Stats

File Path                  PID    Runtime      # DAGs    # Errors  Last Runtime    Last Run
-------------------------  -----  ---------  --------  ----------  --------------  -------------------
/opt/airflow/dags/main.py                           1           0  0.19s           2026-01-18T12:04:57
================================================================================
[2026-01-18T12:05:57.331+0000] {manager.py:878} INFO - 
================================================================================
DAG File Processing Stats

File Path                  PID    Runtime      # DAGs    # Errors  Last Runtime    Last Run
-------------------------  -----  ---------  --------  ----------  --------------  -------------------
/opt/airflow/dags/main.py                           1           0  0.14s           2026-01-18T12:05:28
================================================================================
[2026-01-18T12:06:27.706+0000] {manager.py:878} INFO - 
================================================================================
DAG File Processing Stats

File Path                  PID    Runtime      # DAGs    # Errors  Last Runtime    Last Run
-------------------------  -----  ---------  --------  ----------  --------------  -------------------
/opt/airflow/dags/main.py                           1           0  0.11s           2026-01-18T12:05:58
================================================================================
[2026-01-18T12:06:58.029+0000] {manager.py:878} INFO - 
================================================================================
DAG File Processing Stats

File Path                  PID    Runtime      # DAGs    # Errors  Last Runtime    Last Run
-------------------------  -----  ---------  --------  ----------  --------------  -------------------
/opt/airflow/dags/main.py                           1           0  0.23s           2026-01-18T12:06:28
================================================================================
[2026-01-18T12:07:28.498+0000] {manager.py:878} INFO - 
================================================================================
DAG File Processing Stats

File Path                  PID    Runtime      # DAGs    # Errors  Last Runtime    Last Run
-------------------------  -----  ---------  --------  ----------  --------------  -------------------
/opt/airflow/dags/main.py                           1           0  0.17s           2026-01-18T12:06:59
================================================================================
[2026-01-18T12:07:58.868+0000] {manager.py:878} INFO - 
================================================================================
DAG File Processing Stats

File Path                  PID    Runtime      # DAGs    # Errors  Last Runtime    Last Run
-------------------------  -----  ---------  --------  ----------  --------------  -------------------
/opt/airflow/dags/main.py                           1           0  0.18s           2026-01-18T12:07:29
================================================================================
[2026-01-18T12:08:29.191+0000] {manager.py:878} INFO - 
================================================================================
DAG File Processing Stats

File Path                  PID    Runtime      # DAGs    # Errors  Last Runtime    Last Run
-------------------------  -----  ---------  --------  ----------  --------------  -------------------
/opt/airflow/dags/main.py                           1           0  0.18s           2026-01-18T12:08:00
================================================================================
[2026-01-18T12:08:59.628+0000] {manager.py:878} INFO - 
================================================================================
DAG File Processing Stats

File Path                  PID    Runtime      # DAGs    # Errors  Last Runtime    Last Run
-------------------------  -----  ---------  --------  ----------  --------------  -------------------
/opt/airflow/dags/main.py                           1           0  0.21s           2026-01-18T12:08:30
================================================================================
[2026-01-18T12:09:29.928+0000] {manager.py:878} INFO - 
================================================================================
DAG File Processing Stats

File Path                  PID    Runtime      # DAGs    # Errors  Last Runtime    Last Run
-------------------------  -----  ---------  --------  ----------  --------------  -------------------
/opt/airflow/dags/main.py                           1           0  0.20s           2026-01-18T12:09:00
================================================================================
[2026-01-18T12:09:36.001+0000] {manager.py:737} INFO - Searching for files in /opt/airflow/dags
[2026-01-18T12:09:36.014+0000] {manager.py:740} INFO - There are 1 files in /opt/airflow/dags
[2026-01-18T12:10:00.251+0000] {manager.py:878} INFO - 
================================================================================
DAG File Processing Stats

File Path                  PID    Runtime      # DAGs    # Errors  Last Runtime    Last Run
-------------------------  -----  ---------  --------  ----------  --------------  -------------------
/opt/airflow/dags/main.py                           1           0  0.19s           2026-01-18T12:09:31
================================================================================
[2026-01-18T12:10:30.682+0000] {manager.py:878} INFO - 
================================================================================
DAG File Processing Stats

File Path                  PID    Runtime      # DAGs    # Errors  Last Runtime    Last Run
-------------------------  -----  ---------  --------  ----------  --------------  -------------------
/opt/airflow/dags/main.py                           1           0  0.19s           2026-01-18T12:10:01
================================================================================
[2026-01-18T12:11:01.031+0000] {manager.py:878} INFO - 
================================================================================
DAG File Processing Stats

File Path                  PID    Runtime      # DAGs    # Errors  Last Runtime    Last Run
-------------------------  -----  ---------  --------  ----------  --------------  -------------------
/opt/airflow/dags/main.py                           1           0  0.19s           2026-01-18T12:10:31
================================================================================
[2026-01-18T12:11:31.440+0000] {manager.py:878} INFO - 
================================================================================
DAG File Processing Stats

File Path                  PID    Runtime      # DAGs    # Errors  Last Runtime    Last Run
-------------------------  -----  ---------  --------  ----------  --------------  -------------------
/opt/airflow/dags/main.py                           1           0  0.18s           2026-01-18T12:11:02
================================================================================
[2026-01-18T12:12:01.760+0000] {manager.py:878} INFO - 
================================================================================
DAG File Processing Stats

File Path                  PID    Runtime      # DAGs    # Errors  Last Runtime    Last Run
-------------------------  -----  ---------  --------  ----------  --------------  -------------------
/opt/airflow/dags/main.py                           1           0  0.16s           2026-01-18T12:11:32
================================================================================
[2026-01-18T12:12:32.102+0000] {manager.py:878} INFO - 
================================================================================
DAG File Processing Stats

File Path                  PID    Runtime      # DAGs    # Errors  Last Runtime    Last Run
-------------------------  -----  ---------  --------  ----------  --------------  -------------------
/opt/airflow/dags/main.py                           1           0  0.18s           2026-01-18T12:12:02
================================================================================
[2026-01-18T12:13:02.382+0000] {manager.py:878} INFO - 
================================================================================
DAG File Processing Stats

File Path                  PID    Runtime      # DAGs    # Errors  Last Runtime    Last Run
-------------------------  -----  ---------  --------  ----------  --------------  -------------------
/opt/airflow/dags/main.py                           1           0  0.14s           2026-01-18T12:12:33
================================================================================
[2026-01-18T12:13:32.774+0000] {manager.py:878} INFO - 
================================================================================
DAG File Processing Stats

File Path                  PID    Runtime      # DAGs    # Errors  Last Runtime    Last Run
-------------------------  -----  ---------  --------  ----------  --------------  -------------------
/opt/airflow/dags/main.py                           1           0  0.11s           2026-01-18T12:13:03
================================================================================
[2026-01-18T12:14:03.051+0000] {manager.py:878} INFO - 
================================================================================
DAG File Processing Stats

File Path                  PID    Runtime      # DAGs    # Errors  Last Runtime    Last Run
-------------------------  -----  ---------  --------  ----------  --------------  -------------------
/opt/airflow/dags/main.py                           1           0  0.18s           2026-01-18T12:13:33
================================================================================
[2026-01-18T12:14:33.315+0000] {manager.py:878} INFO - 
================================================================================
DAG File Processing Stats

File Path                  PID    Runtime      # DAGs    # Errors  Last Runtime    Last Run
-------------------------  -----  ---------  --------  ----------  --------------  -------------------
/opt/airflow/dags/main.py                           1           0  0.14s           2026-01-18T12:14:04
================================================================================
[2026-01-18T12:14:36.477+0000] {manager.py:737} INFO - Searching for files in /opt/airflow/dags
[2026-01-18T12:14:36.487+0000] {manager.py:740} INFO - There are 1 files in /opt/airflow/dags
[2026-01-18T12:15:03.769+0000] {manager.py:878} INFO - 
================================================================================
DAG File Processing Stats

File Path                  PID    Runtime      # DAGs    # Errors  Last Runtime    Last Run
-------------------------  -----  ---------  --------  ----------  --------------  -------------------
/opt/airflow/dags/main.py                           1           0  0.18s           2026-01-18T12:14:34
================================================================================
[2026-01-18T12:15:34.090+0000] {manager.py:878} INFO - 
================================================================================
DAG File Processing Stats

File Path                  PID    Runtime      # DAGs    # Errors  Last Runtime    Last Run
-------------------------  -----  ---------  --------  ----------  --------------  -------------------
/opt/airflow/dags/main.py                           1           0  0.12s           2026-01-18T12:15:04
================================================================================
[2026-01-18T12:16:04.383+0000] {manager.py:878} INFO - 
================================================================================
DAG File Processing Stats

File Path                  PID    Runtime      # DAGs    # Errors  Last Runtime    Last Run
-------------------------  -----  ---------  --------  ----------  --------------  -------------------
/opt/airflow/dags/main.py                           1           0  0.15s           2026-01-18T12:15:35
================================================================================
[2026-01-18T12:16:34.815+0000] {manager.py:878} INFO - 
================================================================================
DAG File Processing Stats

File Path                  PID    Runtime      # DAGs    # Errors  Last Runtime    Last Run
-------------------------  -----  ---------  --------  ----------  --------------  -------------------
/opt/airflow/dags/main.py                           1           0  0.17s           2026-01-18T12:16:05
================================================================================
[2026-01-18T12:17:05.288+0000] {manager.py:878} INFO - 
================================================================================
DAG File Processing Stats

File Path                  PID    Runtime      # DAGs    # Errors  Last Runtime    Last Run
-------------------------  -----  ---------  --------  ----------  --------------  -------------------
/opt/airflow/dags/main.py                           1           0  0.21s           2026-01-18T12:16:36
================================================================================
[2026-01-18T12:17:35.614+0000] {manager.py:878} INFO - 
================================================================================
DAG File Processing Stats

File Path                  PID    Runtime      # DAGs    # Errors  Last Runtime    Last Run
-------------------------  -----  ---------  --------  ----------  --------------  -------------------
/opt/airflow/dags/main.py                           1           0  0.17s           2026-01-18T12:17:06
================================================================================
[2026-01-18T12:18:06.082+0000] {manager.py:878} INFO - 
================================================================================
DAG File Processing Stats

File Path                  PID    Runtime      # DAGs    # Errors  Last Runtime    Last Run
-------------------------  -----  ---------  --------  ----------  --------------  -------------------
/opt/airflow/dags/main.py                           1           0  0.21s           2026-01-18T12:17:36
================================================================================
[2026-01-18T12:18:36.378+0000] {manager.py:878} INFO - 
================================================================================
DAG File Processing Stats

File Path                  PID    Runtime      # DAGs    # Errors  Last Runtime    Last Run
-------------------------  -----  ---------  --------  ----------  --------------  -------------------
/opt/airflow/dags/main.py                           1           0  0.19s           2026-01-18T12:18:07
================================================================================
[2026-01-18T12:19:06.779+0000] {manager.py:878} INFO - 
================================================================================
DAG File Processing Stats

File Path                  PID    Runtime      # DAGs    # Errors  Last Runtime    Last Run
-------------------------  -----  ---------  --------  ----------  --------------  -------------------
/opt/airflow/dags/main.py                           1           0  0.17s           2026-01-18T12:18:37
================================================================================
[2026-01-18T12:19:37.059+0000] {manager.py:737} INFO - Searching for files in /opt/airflow/dags
[2026-01-18T12:19:37.071+0000] {manager.py:740} INFO - There are 1 files in /opt/airflow/dags
[2026-01-18T12:19:37.084+0000] {manager.py:878} INFO - 
================================================================================
DAG File Processing Stats

File Path                  PID    Runtime      # DAGs    # Errors  Last Runtime    Last Run
-------------------------  -----  ---------  --------  ----------  --------------  -------------------
/opt/airflow/dags/main.py                           1           0  0.14s           2026-01-18T12:19:07
================================================================================
[2026-01-18T12:20:07.423+0000] {manager.py:878} INFO - 
================================================================================
DAG File Processing Stats

File Path                  PID    Runtime      # DAGs    # Errors  Last Runtime    Last Run
-------------------------  -----  ---------  --------  ----------  --------------  -------------------
/opt/airflow/dags/main.py                           1           0  0.20s           2026-01-18T12:19:38
================================================================================
[2026-01-18T12:20:37.800+0000] {manager.py:878} INFO - 
================================================================================
DAG File Processing Stats

File Path                  PID    Runtime      # DAGs    # Errors  Last Runtime    Last Run
-------------------------  -----  ---------  --------  ----------  --------------  -------------------
/opt/airflow/dags/main.py                           1           0  0.26s           2026-01-18T12:20:08
================================================================================
[2026-01-18T12:21:08.220+0000] {manager.py:878} INFO - 
================================================================================
DAG File Processing Stats

File Path                  PID    Runtime      # DAGs    # Errors  Last Runtime    Last Run
-------------------------  -----  ---------  --------  ----------  --------------  -------------------
/opt/airflow/dags/main.py                           1           0  0.15s           2026-01-18T12:20:38
================================================================================
[2026-01-18T12:21:38.556+0000] {manager.py:878} INFO - 
================================================================================
DAG File Processing Stats

File Path                  PID    Runtime      # DAGs    # Errors  Last Runtime    Last Run
-------------------------  -----  ---------  --------  ----------  --------------  -------------------
/opt/airflow/dags/main.py                           1           0  0.22s           2026-01-18T12:21:09
================================================================================
[2026-01-18T12:22:08.988+0000] {manager.py:878} INFO - 
================================================================================
DAG File Processing Stats

File Path                  PID    Runtime      # DAGs    # Errors  Last Runtime    Last Run
-------------------------  -----  ---------  --------  ----------  --------------  -------------------
/opt/airflow/dags/main.py                           1           0  0.16s           2026-01-18T12:21:39
================================================================================
[2026-01-18T12:22:39.293+0000] {manager.py:878} INFO - 
================================================================================
DAG File Processing Stats

File Path                  PID    Runtime      # DAGs    # Errors  Last Runtime    Last Run
-------------------------  -----  ---------  --------  ----------  --------------  -------------------
/opt/airflow/dags/main.py                           1           0  0.12s           2026-01-18T12:22:10
================================================================================
[2026-01-18T12:23:09.612+0000] {manager.py:878} INFO - 
================================================================================
DAG File Processing Stats

File Path                  PID    Runtime      # DAGs    # Errors  Last Runtime    Last Run
-------------------------  -----  ---------  --------  ----------  --------------  -------------------
/opt/airflow/dags/main.py                           1           0  0.13s           2026-01-18T12:22:40
================================================================================
[2026-01-18T12:23:39.948+0000] {manager.py:878} INFO - 
================================================================================
DAG File Processing Stats

File Path                  PID    Runtime      # DAGs    # Errors  Last Runtime    Last Run
-------------------------  -----  ---------  --------  ----------  --------------  -------------------
/opt/airflow/dags/main.py                           1           0  0.17s           2026-01-18T12:23:10
================================================================================
[2026-01-18T12:24:10.372+0000] {manager.py:878} INFO - 
================================================================================
DAG File Processing Stats

File Path                  PID    Runtime      # DAGs    # Errors  Last Runtime    Last Run
-------------------------  -----  ---------  --------  ----------  --------------  -------------------
/opt/airflow/dags/main.py                           1           0  0.20s           2026-01-18T12:23:41
================================================================================
[2026-01-18T12:24:37.692+0000] {manager.py:737} INFO - Searching for files in /opt/airflow/dags
[2026-01-18T12:24:37.709+0000] {manager.py:740} INFO - There are 1 files in /opt/airflow/dags
[2026-01-18T12:24:40.753+0000] {manager.py:878} INFO - 
================================================================================
DAG File Processing Stats

File Path                  PID    Runtime      # DAGs    # Errors  Last Runtime    Last Run
-------------------------  -----  ---------  --------  ----------  --------------  -------------------
/opt/airflow/dags/main.py                           1           0  0.09s           2026-01-18T12:24:11
================================================================================
[2026-01-18T12:25:11.043+0000] {manager.py:878} INFO - 
================================================================================
DAG File Processing Stats

File Path                  PID    Runtime      # DAGs    # Errors  Last Runtime    Last Run
-------------------------  -----  ---------  --------  ----------  --------------  -------------------
/opt/airflow/dags/main.py                           1           0  0.17s           2026-01-18T12:24:41
================================================================================
[2026-01-18T12:25:41.509+0000] {manager.py:878} INFO - 
================================================================================
DAG File Processing Stats

File Path                  PID    Runtime      # DAGs    # Errors  Last Runtime    Last Run
-------------------------  -----  ---------  --------  ----------  --------------  -------------------
/opt/airflow/dags/main.py                           1           0  0.14s           2026-01-18T12:25:12
================================================================================
[2026-01-18T12:26:11.800+0000] {manager.py:878} INFO - 
================================================================================
DAG File Processing Stats

File Path                  PID    Runtime      # DAGs    # Errors  Last Runtime    Last Run
-------------------------  -----  ---------  --------  ----------  --------------  -------------------
/opt/airflow/dags/main.py                           1           0  0.21s           2026-01-18T12:25:42
================================================================================
[2026-01-18T12:26:42.225+0000] {manager.py:878} INFO - 
================================================================================
DAG File Processing Stats

File Path                  PID    Runtime      # DAGs    # Errors  Last Runtime    Last Run
-------------------------  -----  ---------  --------  ----------  --------------  -------------------
/opt/airflow/dags/main.py                           1           0  0.19s           2026-01-18T12:26:13
================================================================================
[2026-01-18T12:27:12.526+0000] {manager.py:878} INFO - 
================================================================================
DAG File Processing Stats

File Path                  PID    Runtime      # DAGs    # Errors  Last Runtime    Last Run
-------------------------  -----  ---------  --------  ----------  --------------  -------------------
/opt/airflow/dags/main.py                           1           0  0.20s           2026-01-18T12:26:43
================================================================================
[2026-01-18T12:27:43.008+0000] {manager.py:878} INFO - 
================================================================================
DAG File Processing Stats

File Path                  PID    Runtime      # DAGs    # Errors  Last Runtime    Last Run
-------------------------  -----  ---------  --------  ----------  --------------  -------------------
/opt/airflow/dags/main.py                           1           0  0.26s           2026-01-18T12:27:13
================================================================================
[2026-01-18T12:28:13.330+0000] {manager.py:878} INFO - 
================================================================================
DAG File Processing Stats

File Path                  PID    Runtime      # DAGs    # Errors  Last Runtime    Last Run
-------------------------  -----  ---------  --------  ----------  --------------  -------------------
/opt/airflow/dags/main.py                           1           0  0.15s           2026-01-18T12:27:44
================================================================================
[2026-01-18T12:28:43.748+0000] {manager.py:878} INFO - 
================================================================================
DAG File Processing Stats

File Path                  PID    Runtime      # DAGs    # Errors  Last Runtime    Last Run
-------------------------  -----  ---------  --------  ----------  --------------  -------------------
/opt/airflow/dags/main.py                           1           0  0.15s           2026-01-18T12:28:14
================================================================================
[2026-01-18T12:29:14.050+0000] {manager.py:878} INFO - 
================================================================================
DAG File Processing Stats

File Path                  PID    Runtime      # DAGs    # Errors  Last Runtime    Last Run
-------------------------  -----  ---------  --------  ----------  --------------  -------------------
/opt/airflow/dags/main.py                           1           0  0.18s           2026-01-18T12:28:44
================================================================================
[2026-01-18T12:29:38.296+0000] {manager.py:737} INFO - Searching for files in /opt/airflow/dags
[2026-01-18T12:29:38.309+0000] {manager.py:740} INFO - There are 1 files in /opt/airflow/dags
[2026-01-18T12:29:44.382+0000] {manager.py:878} INFO - 
================================================================================
DAG File Processing Stats

File Path                  PID    Runtime      # DAGs    # Errors  Last Runtime    Last Run
-------------------------  -----  ---------  --------  ----------  --------------  -------------------
/opt/airflow/dags/main.py                           1           0  0.11s           2026-01-18T12:29:15
================================================================================
[2026-01-18T12:30:14.687+0000] {manager.py:878} INFO - 
================================================================================
DAG File Processing Stats

File Path                  PID    Runtime      # DAGs    # Errors  Last Runtime    Last Run
-------------------------  -----  ---------  --------  ----------  --------------  -------------------
/opt/airflow/dags/main.py                           1           0  0.19s           2026-01-18T12:29:45
================================================================================
[2026-01-18T12:30:45.117+0000] {manager.py:878} INFO - 
================================================================================
DAG File Processing Stats

File Path                  PID    Runtime      # DAGs    # Errors  Last Runtime    Last Run
-------------------------  -----  ---------  --------  ----------  --------------  -------------------
/opt/airflow/dags/main.py                           1           0  0.22s           2026-01-18T12:30:15
================================================================================
[2026-01-18T12:31:15.403+0000] {manager.py:878} INFO - 
================================================================================
DAG File Processing Stats

File Path                  PID    Runtime      # DAGs    # Errors  Last Runtime    Last Run
-------------------------  -----  ---------  --------  ----------  --------------  -------------------
/opt/airflow/dags/main.py                           1           0  0.26s           2026-01-18T12:30:46
================================================================================
[2026-01-18T12:31:45.625+0000] {manager.py:878} INFO - 
================================================================================
DAG File Processing Stats

File Path                  PID    Runtime      # DAGs    # Errors  Last Runtime    Last Run
-------------------------  -----  ---------  --------  ----------  --------------  -------------------
/opt/airflow/dags/main.py                           1           0  0.18s           2026-01-18T12:31:16
================================================================================
[2026-01-18T12:32:15.880+0000] {manager.py:878} INFO - 
================================================================================
DAG File Processing Stats

File Path                  PID    Runtime      # DAGs    # Errors  Last Runtime    Last Run
-------------------------  -----  ---------  --------  ----------  --------------  -------------------
/opt/airflow/dags/main.py                           1           0  0.12s           2026-01-18T12:31:46
================================================================================
[2026-01-18T12:32:46.306+0000] {manager.py:878} INFO - 
================================================================================
DAG File Processing Stats

File Path                  PID    Runtime      # DAGs    # Errors  Last Runtime    Last Run
-------------------------  -----  ---------  --------  ----------  --------------  -------------------
/opt/airflow/dags/main.py                           1           0  0.18s           2026-01-18T12:32:17
================================================================================
[2026-01-18T12:33:16.609+0000] {manager.py:878} INFO - 
================================================================================
DAG File Processing Stats

File Path                  PID    Runtime      # DAGs    # Errors  Last Runtime    Last Run
-------------------------  -----  ---------  --------  ----------  --------------  -------------------
/opt/airflow/dags/main.py                           1           0  0.17s           2026-01-18T12:32:47
================================================================================
[2026-01-18T12:33:46.910+0000] {manager.py:878} INFO - 
================================================================================
DAG File Processing Stats

File Path                  PID    Runtime      # DAGs    # Errors  Last Runtime    Last Run
-------------------------  -----  ---------  --------  ----------  --------------  -------------------
/opt/airflow/dags/main.py                           1           0  0.13s           2026-01-18T12:33:17
================================================================================
[2026-01-18T12:34:17.279+0000] {manager.py:878} INFO - 
================================================================================
DAG File Processing Stats

File Path                  PID    Runtime      # DAGs    # Errors  Last Runtime    Last Run
-------------------------  -----  ---------  --------  ----------  --------------  -------------------
/opt/airflow/dags/main.py                           1           0  0.16s           2026-01-18T12:33:48
================================================================================
[2026-01-18T12:34:38.489+0000] {manager.py:737} INFO - Searching for files in /opt/airflow/dags
[2026-01-18T12:34:38.505+0000] {manager.py:740} INFO - There are 1 files in /opt/airflow/dags
[2026-01-18T12:34:47.600+0000] {manager.py:878} INFO - 
================================================================================
DAG File Processing Stats

File Path                  PID    Runtime      # DAGs    # Errors  Last Runtime    Last Run
-------------------------  -----  ---------  --------  ----------  --------------  -------------------
/opt/airflow/dags/main.py                           1           0  0.18s           2026-01-18T12:34:18
================================================================================
[2026-01-18T12:35:17.997+0000] {manager.py:878} INFO - 
================================================================================
DAG File Processing Stats

File Path                  PID    Runtime      # DAGs    # Errors  Last Runtime    Last Run
-------------------------  -----  ---------  --------  ----------  --------------  -------------------
/opt/airflow/dags/main.py                           1           0  0.20s           2026-01-18T12:34:48
================================================================================
[2026-01-18T12:35:48.364+0000] {manager.py:878} INFO - 
================================================================================
DAG File Processing Stats

File Path                  PID    Runtime      # DAGs    # Errors  Last Runtime    Last Run
-------------------------  -----  ---------  --------  ----------  --------------  -------------------
/opt/airflow/dags/main.py                           1           0  0.17s           2026-01-18T12:35:19
================================================================================
[2026-01-18T12:36:18.757+0000] {manager.py:878} INFO - 
================================================================================
DAG File Processing Stats

File Path                  PID    Runtime      # DAGs    # Errors  Last Runtime    Last Run
-------------------------  -----  ---------  --------  ----------  --------------  -------------------
/opt/airflow/dags/main.py                           1           0  0.15s           2026-01-18T12:35:49
================================================================================
[2026-01-18T12:36:49.100+0000] {manager.py:878} INFO - 
================================================================================
DAG File Processing Stats

File Path                  PID    Runtime      # DAGs    # Errors  Last Runtime    Last Run
-------------------------  -----  ---------  --------  ----------  --------------  -------------------
/opt/airflow/dags/main.py                           1           0  0.10s           2026-01-18T12:36:19
================================================================================
[2026-01-18T12:37:19.426+0000] {manager.py:878} INFO - 
================================================================================
DAG File Processing Stats

File Path                  PID    Runtime      # DAGs    # Errors  Last Runtime    Last Run
-------------------------  -----  ---------  --------  ----------  --------------  -------------------
/opt/airflow/dags/main.py                           1           0  0.20s           2026-01-18T12:36:50
================================================================================
[2026-01-18T12:37:49.828+0000] {manager.py:878} INFO - 
================================================================================
DAG File Processing Stats

File Path                  PID    Runtime      # DAGs    # Errors  Last Runtime    Last Run
-------------------------  -----  ---------  --------  ----------  --------------  -------------------
/opt/airflow/dags/main.py                           1           0  0.20s           2026-01-18T12:37:20
================================================================================
[2026-01-18T12:38:20.496+0000] {manager.py:878} INFO - 
================================================================================
DAG File Processing Stats

File Path                  PID    Runtime      # DAGs    # Errors  Last Runtime    Last Run
-------------------------  -----  ---------  --------  ----------  --------------  -------------------
/opt/airflow/dags/main.py                           1           0  0.17s           2026-01-18T12:37:51
================================================================================
[2026-01-18T12:38:50.843+0000] {manager.py:878} INFO - 
================================================================================
DAG File Processing Stats

File Path                  PID    Runtime      # DAGs    # Errors  Last Runtime    Last Run
-------------------------  -----  ---------  --------  ----------  --------------  -------------------
/opt/airflow/dags/main.py                           1           0  0.16s           2026-01-18T12:38:21
================================================================================
[2026-01-18T12:39:21.186+0000] {manager.py:878} INFO - 
================================================================================
DAG File Processing Stats

File Path                  PID    Runtime      # DAGs    # Errors  Last Runtime    Last Run
-------------------------  -----  ---------  --------  ----------  --------------  -------------------
/opt/airflow/dags/main.py                           1           0  0.15s           2026-01-18T12:38:52
================================================================================
[2026-01-18T12:39:38.541+0000] {manager.py:737} INFO - Searching for files in /opt/airflow/dags
[2026-01-18T12:39:38.555+0000] {manager.py:740} INFO - There are 1 files in /opt/airflow/dags
[2026-01-18T12:39:51.512+0000] {manager.py:878} INFO - 
================================================================================
DAG File Processing Stats

File Path                  PID    Runtime      # DAGs    # Errors  Last Runtime    Last Run
-------------------------  -----  ---------  --------  ----------  --------------  -------------------
/opt/airflow/dags/main.py                           1           0  0.21s           2026-01-18T12:39:22
================================================================================
[2026-01-18T12:40:21.937+0000] {manager.py:878} INFO - 
================================================================================
DAG File Processing Stats

File Path                  PID    Runtime      # DAGs    # Errors  Last Runtime    Last Run
-------------------------  -----  ---------  --------  ----------  --------------  -------------------
/opt/airflow/dags/main.py                           1           0  0.21s           2026-01-18T12:39:52
================================================================================
[2026-01-18T12:40:52.287+0000] {manager.py:878} INFO - 
================================================================================
DAG File Processing Stats

File Path                  PID    Runtime      # DAGs    # Errors  Last Runtime    Last Run
-------------------------  -----  ---------  --------  ----------  --------------  -------------------
/opt/airflow/dags/main.py                           1           0  0.19s           2026-01-18T12:40:23
================================================================================
[2026-01-18T12:41:22.634+0000] {manager.py:878} INFO - 
================================================================================
DAG File Processing Stats

File Path                  PID    Runtime      # DAGs    # Errors  Last Runtime    Last Run
-------------------------  -----  ---------  --------  ----------  --------------  -------------------
/opt/airflow/dags/main.py                           1           0  0.18s           2026-01-18T12:40:53
================================================================================
[2026-01-18T12:41:52.982+0000] {manager.py:878} INFO - 
================================================================================
DAG File Processing Stats

File Path                  PID    Runtime      # DAGs    # Errors  Last Runtime    Last Run
-------------------------  -----  ---------  --------  ----------  --------------  -------------------
/opt/airflow/dags/main.py                           1           0  0.21s           2026-01-18T12:41:23
================================================================================
[2026-01-18T12:42:23.347+0000] {manager.py:878} INFO - 
================================================================================
DAG File Processing Stats

File Path                  PID    Runtime      # DAGs    # Errors  Last Runtime    Last Run
-------------------------  -----  ---------  --------  ----------  --------------  -------------------
/opt/airflow/dags/main.py                           1           0  0.11s           2026-01-18T12:41:54
================================================================================
[2026-01-18T12:42:53.654+0000] {manager.py:878} INFO - 
================================================================================
DAG File Processing Stats

File Path                  PID    Runtime      # DAGs    # Errors  Last Runtime    Last Run
-------------------------  -----  ---------  --------  ----------  --------------  -------------------
/opt/airflow/dags/main.py                           1           0  0.15s           2026-01-18T12:42:24
================================================================================
[2026-01-18T12:43:24.040+0000] {manager.py:878} INFO - 
================================================================================
DAG File Processing Stats

File Path                  PID    Runtime      # DAGs    # Errors  Last Runtime    Last Run
-------------------------  -----  ---------  --------  ----------  --------------  -------------------
/opt/airflow/dags/main.py                           1           0  0.10s           2026-01-18T12:42:54
================================================================================
[2026-01-18T12:43:54.317+0000] {manager.py:878} INFO - 
================================================================================
DAG File Processing Stats

File Path                  PID    Runtime      # DAGs    # Errors  Last Runtime    Last Run
-------------------------  -----  ---------  --------  ----------  --------------  -------------------
/opt/airflow/dags/main.py                           1           0  0.16s           2026-01-18T12:43:25
================================================================================
[2026-01-18T12:44:24.711+0000] {manager.py:878} INFO - 
================================================================================
DAG File Processing Stats

File Path                  PID    Runtime      # DAGs    # Errors  Last Runtime    Last Run
-------------------------  -----  ---------  --------  ----------  --------------  -------------------
/opt/airflow/dags/main.py                           1           0  0.17s           2026-01-18T12:43:55
================================================================================
[2026-01-18T12:44:38.876+0000] {manager.py:737} INFO - Searching for files in /opt/airflow/dags
[2026-01-18T12:44:38.888+0000] {manager.py:740} INFO - There are 1 files in /opt/airflow/dags
[2026-01-18T12:44:55.049+0000] {manager.py:878} INFO - 
================================================================================
DAG File Processing Stats

File Path                  PID    Runtime      # DAGs    # Errors  Last Runtime    Last Run
-------------------------  -----  ---------  --------  ----------  --------------  -------------------
/opt/airflow/dags/main.py                           1           0  0.24s           2026-01-18T12:44:25
================================================================================
[2026-01-18T12:45:25.519+0000] {manager.py:878} INFO - 
================================================================================
DAG File Processing Stats

File Path                  PID    Runtime      # DAGs    # Errors  Last Runtime    Last Run
-------------------------  -----  ---------  --------  ----------  --------------  -------------------
/opt/airflow/dags/main.py                           1           0  0.16s           2026-01-18T12:44:56
================================================================================
[2026-01-18T12:45:55.837+0000] {manager.py:878} INFO - 
================================================================================
DAG File Processing Stats

File Path                  PID    Runtime      # DAGs    # Errors  Last Runtime    Last Run
-------------------------  -----  ---------  --------  ----------  --------------  -------------------
/opt/airflow/dags/main.py                           1           0  0.18s           2026-01-18T12:45:26
================================================================================
[2026-01-18T12:46:26.247+0000] {manager.py:878} INFO - 
================================================================================
DAG File Processing Stats

File Path                  PID    Runtime      # DAGs    # Errors  Last Runtime    Last Run
-------------------------  -----  ---------  --------  ----------  --------------  -------------------
/opt/airflow/dags/main.py                           1           0  0.19s           2026-01-18T12:45:57
================================================================================
[2026-01-18T12:46:56.599+0000] {manager.py:878} INFO - 
================================================================================
DAG File Processing Stats

File Path                  PID    Runtime      # DAGs    # Errors  Last Runtime    Last Run
-------------------------  -----  ---------  --------  ----------  --------------  -------------------
/opt/airflow/dags/main.py                           1           0  0.20s           2026-01-18T12:46:27
================================================================================
[2026-01-18T12:47:27.051+0000] {manager.py:878} INFO - 
================================================================================
DAG File Processing Stats

File Path                  PID    Runtime      # DAGs    # Errors  Last Runtime    Last Run
-------------------------  -----  ---------  --------  ----------  --------------  -------------------
/opt/airflow/dags/main.py                           1           0  0.21s           2026-01-18T12:46:57
================================================================================
[2026-01-18T12:47:57.415+0000] {manager.py:878} INFO - 
================================================================================
DAG File Processing Stats

File Path                  PID    Runtime      # DAGs    # Errors  Last Runtime    Last Run
-------------------------  -----  ---------  --------  ----------  --------------  -------------------
/opt/airflow/dags/main.py                           1           0  0.25s           2026-01-18T12:47:28
================================================================================
[2026-01-18T12:48:27.701+0000] {manager.py:878} INFO - 
================================================================================
DAG File Processing Stats

File Path                  PID    Runtime      # DAGs    # Errors  Last Runtime    Last Run
-------------------------  -----  ---------  --------  ----------  --------------  -------------------
/opt/airflow/dags/main.py                           1           0  0.20s           2026-01-18T12:47:58
================================================================================
[2026-01-18T12:48:58.131+0000] {manager.py:878} INFO - 
================================================================================
DAG File Processing Stats

File Path                  PID    Runtime      # DAGs    # Errors  Last Runtime    Last Run
-------------------------  -----  ---------  --------  ----------  --------------  -------------------
/opt/airflow/dags/main.py                           1           0  0.18s           2026-01-18T12:48:28
================================================================================
[2026-01-18T12:49:28.464+0000] {manager.py:878} INFO - 
================================================================================
DAG File Processing Stats

File Path                  PID    Runtime      # DAGs    # Errors  Last Runtime    Last Run
-------------------------  -----  ---------  --------  ----------  --------------  -------------------
/opt/airflow/dags/main.py                           1           0  0.25s           2026-01-18T12:48:59
================================================================================
[2026-01-18T12:49:39.713+0000] {manager.py:737} INFO - Searching for files in /opt/airflow/dags
[2026-01-18T12:49:39.729+0000] {manager.py:740} INFO - There are 1 files in /opt/airflow/dags
[2026-01-18T12:49:58.922+0000] {manager.py:878} INFO - 
================================================================================
DAG File Processing Stats

File Path                  PID    Runtime      # DAGs    # Errors  Last Runtime    Last Run
-------------------------  -----  ---------  --------  ----------  --------------  -------------------
/opt/airflow/dags/main.py                           1           0  0.25s           2026-01-18T12:49:29
================================================================================
[2026-01-18T12:50:29.220+0000] {manager.py:878} INFO - 
================================================================================
DAG File Processing Stats

File Path                  PID    Runtime      # DAGs    # Errors  Last Runtime    Last Run
-------------------------  -----  ---------  --------  ----------  --------------  -------------------
/opt/airflow/dags/main.py                           1           0  0.10s           2026-01-18T12:50:00
================================================================================
[2026-01-18T12:50:59.535+0000] {manager.py:878} INFO - 
================================================================================
DAG File Processing Stats

File Path                  PID    Runtime      # DAGs    # Errors  Last Runtime    Last Run
-------------------------  -----  ---------  --------  ----------  --------------  -------------------
/opt/airflow/dags/main.py                           1           0  0.18s           2026-01-18T12:50:30
================================================================================
[2026-01-18T12:51:29.924+0000] {manager.py:878} INFO - 
================================================================================
DAG File Processing Stats

File Path                  PID    Runtime      # DAGs    # Errors  Last Runtime    Last Run
-------------------------  -----  ---------  --------  ----------  --------------  -------------------
/opt/airflow/dags/main.py                           1           0  0.12s           2026-01-18T12:51:00
================================================================================
[2026-01-18T12:52:00.235+0000] {manager.py:878} INFO - 
================================================================================
DAG File Processing Stats

File Path                  PID    Runtime      # DAGs    # Errors  Last Runtime    Last Run
-------------------------  -----  ---------  --------  ----------  --------------  -------------------
/opt/airflow/dags/main.py                           1           0  0.13s           2026-01-18T12:51:31
================================================================================
[2026-01-18T12:52:30.683+0000] {manager.py:878} INFO - 
================================================================================
DAG File Processing Stats

File Path                  PID    Runtime      # DAGs    # Errors  Last Runtime    Last Run
-------------------------  -----  ---------  --------  ----------  --------------  -------------------
/opt/airflow/dags/main.py                           1           0  0.41s           2026-01-18T12:52:01
================================================================================
[2026-01-18T12:53:00.983+0000] {manager.py:878} INFO - 
================================================================================
DAG File Processing Stats

File Path                  PID    Runtime      # DAGs    # Errors  Last Runtime    Last Run
-------------------------  -----  ---------  --------  ----------  --------------  -------------------
/opt/airflow/dags/main.py                           1           0  0.26s           2026-01-18T12:52:31
================================================================================
[2026-01-18T12:53:31.275+0000] {manager.py:878} INFO - 
================================================================================
DAG File Processing Stats

File Path                  PID    Runtime      # DAGs    # Errors  Last Runtime    Last Run
-------------------------  -----  ---------  --------  ----------  --------------  -------------------
/opt/airflow/dags/main.py                           1           0  0.15s           2026-01-18T12:53:02
================================================================================
[2026-01-18T12:54:01.605+0000] {manager.py:878} INFO - 
================================================================================
DAG File Processing Stats

File Path                  PID    Runtime      # DAGs    # Errors  Last Runtime    Last Run
-------------------------  -----  ---------  --------  ----------  --------------  -------------------
/opt/airflow/dags/main.py                           1           0  0.20s           2026-01-18T12:53:32
================================================================================
[2026-01-18T12:54:32.111+0000] {manager.py:878} INFO - 
================================================================================
DAG File Processing Stats

File Path                  PID    Runtime      # DAGs    # Errors  Last Runtime    Last Run
-------------------------  -----  ---------  --------  ----------  --------------  -------------------
/opt/airflow/dags/main.py                           1           0  0.20s           2026-01-18T12:54:02
================================================================================
[2026-01-18T12:54:40.219+0000] {manager.py:737} INFO - Searching for files in /opt/airflow/dags
[2026-01-18T12:54:40.232+0000] {manager.py:740} INFO - There are 1 files in /opt/airflow/dags
[2026-01-18T12:55:02.631+0000] {manager.py:878} INFO - 
================================================================================
DAG File Processing Stats

File Path                  PID    Runtime      # DAGs    # Errors  Last Runtime    Last Run
-------------------------  -----  ---------  --------  ----------  --------------  -------------------
/opt/airflow/dags/main.py                           0           1  0.06s           2026-01-18T12:54:55
================================================================================
[2026-01-18T12:55:32.960+0000] {manager.py:878} INFO - 
================================================================================
DAG File Processing Stats

File Path                  PID    Runtime      # DAGs    # Errors  Last Runtime    Last Run
-------------------------  -----  ---------  --------  ----------  --------------  -------------------
/opt/airflow/dags/main.py                           0           1  0.07s           2026-01-18T12:55:05
================================================================================
[2026-01-18T12:56:03.291+0000] {manager.py:878} INFO - 
================================================================================
DAG File Processing Stats

File Path                  PID    Runtime      # DAGs    # Errors  Last Runtime    Last Run
-------------------------  -----  ---------  --------  ----------  --------------  -------------------
/opt/airflow/dags/main.py                           0           1  0.12s           2026-01-18T12:55:36
================================================================================
[2026-01-18T12:56:33.601+0000] {manager.py:878} INFO - 
================================================================================
DAG File Processing Stats

File Path                  PID    Runtime      # DAGs    # Errors  Last Runtime    Last Run
-------------------------  -----  ---------  --------  ----------  --------------  -------------------
/opt/airflow/dags/main.py                           0           1  0.10s           2026-01-18T12:56:06
================================================================================
[2026-01-18T12:57:03.891+0000] {manager.py:878} INFO - 
================================================================================
DAG File Processing Stats

File Path                  PID    Runtime      # DAGs    # Errors  Last Runtime    Last Run
-------------------------  -----  ---------  --------  ----------  --------------  -------------------
/opt/airflow/dags/main.py                           0           1  0.12s           2026-01-18T12:56:35
================================================================================
[2026-01-18T12:57:34.283+0000] {manager.py:878} INFO - 
================================================================================
DAG File Processing Stats

File Path                  PID    Runtime      # DAGs    # Errors  Last Runtime    Last Run
-------------------------  -----  ---------  --------  ----------  --------------  -------------------
/opt/airflow/dags/main.py                           0           1  0.11s           2026-01-18T12:57:06
================================================================================
[2026-01-18T12:58:04.601+0000] {manager.py:878} INFO - 
================================================================================
DAG File Processing Stats

File Path                  PID    Runtime      # DAGs    # Errors  Last Runtime    Last Run
-------------------------  -----  ---------  --------  ----------  --------------  -------------------
/opt/airflow/dags/main.py                           0           1  0.13s           2026-01-18T12:57:36
================================================================================
[2026-01-18T12:58:35.012+0000] {manager.py:878} INFO - 
================================================================================
DAG File Processing Stats

File Path                  PID    Runtime      # DAGs    # Errors  Last Runtime    Last Run
-------------------------  -----  ---------  --------  ----------  --------------  -------------------
/opt/airflow/dags/main.py                           0           1  0.11s           2026-01-18T12:58:06
================================================================================
[2026-01-18T12:59:05.340+0000] {manager.py:878} INFO - 
================================================================================
DAG File Processing Stats

File Path                  PID    Runtime      # DAGs    # Errors  Last Runtime    Last Run
-------------------------  -----  ---------  --------  ----------  --------------  -------------------
/opt/airflow/dags/main.py                           0           1  0.06s           2026-01-18T12:58:37
================================================================================
[2026-01-18T12:59:35.710+0000] {manager.py:878} INFO - 
================================================================================
DAG File Processing Stats

File Path                  PID    Runtime      # DAGs    # Errors  Last Runtime    Last Run
-------------------------  -----  ---------  --------  ----------  --------------  -------------------
/opt/airflow/dags/main.py                           0           1  0.11s           2026-01-18T12:59:07
================================================================================
[2026-01-18T12:59:40.416+0000] {manager.py:737} INFO - Searching for files in /opt/airflow/dags
[2026-01-18T12:59:40.427+0000] {manager.py:740} INFO - There are 1 files in /opt/airflow/dags
[2026-01-18T13:00:06.053+0000] {manager.py:878} INFO - 
================================================================================
DAG File Processing Stats

File Path                  PID    Runtime      # DAGs    # Errors  Last Runtime    Last Run
-------------------------  -----  ---------  --------  ----------  --------------  -------------------
/opt/airflow/dags/main.py                           0           1  0.06s           2026-01-18T12:59:50
================================================================================
[2026-01-18T13:00:36.378+0000] {manager.py:878} INFO - 
================================================================================
DAG File Processing Stats

File Path                  PID    Runtime      # DAGs    # Errors  Last Runtime    Last Run
-------------------------  -----  ---------  --------  ----------  --------------  -------------------
/opt/airflow/dags/main.py                           0           1  0.10s           2026-01-18T13:00:21
================================================================================
[2026-01-18T13:01:06.734+0000] {manager.py:878} INFO - 
================================================================================
DAG File Processing Stats

File Path                  PID    Runtime      # DAGs    # Errors  Last Runtime    Last Run
-------------------------  -----  ---------  --------  ----------  --------------  -------------------
/opt/airflow/dags/main.py                           0           1  0.08s           2026-01-18T13:00:48
================================================================================
[2026-01-18T13:01:37.028+0000] {manager.py:878} INFO - 
================================================================================
DAG File Processing Stats

File Path                  PID    Runtime      # DAGs    # Errors  Last Runtime    Last Run
-------------------------  -----  ---------  --------  ----------  --------------  -------------------
/opt/airflow/dags/main.py                           0           1  0.09s           2026-01-18T13:01:18
================================================================================
[2026-01-18T13:02:07.323+0000] {manager.py:878} INFO - 
================================================================================
DAG File Processing Stats

File Path                  PID    Runtime      # DAGs    # Errors  Last Runtime    Last Run
-------------------------  -----  ---------  --------  ----------  --------------  -------------------
/opt/airflow/dags/main.py                           0           1  0.05s           2026-01-18T13:01:49
================================================================================
[2026-01-18T13:02:37.597+0000] {manager.py:878} INFO - 
================================================================================
DAG File Processing Stats

File Path                  PID    Runtime      # DAGs    # Errors  Last Runtime    Last Run
-------------------------  -----  ---------  --------  ----------  --------------  -------------------
/opt/airflow/dags/main.py                           0           1  0.07s           2026-01-18T13:02:19
================================================================================
[2026-01-18T13:03:07.883+0000] {manager.py:878} INFO - 
================================================================================
DAG File Processing Stats

File Path                  PID    Runtime      # DAGs    # Errors  Last Runtime    Last Run
-------------------------  -----  ---------  --------  ----------  --------------  -------------------
/opt/airflow/dags/main.py                           0           1  0.07s           2026-01-18T13:02:49
================================================================================
[2026-01-18T13:03:38.135+0000] {manager.py:878} INFO - 
================================================================================
DAG File Processing Stats

File Path                  PID    Runtime      # DAGs    # Errors  Last Runtime    Last Run
-------------------------  -----  ---------  --------  ----------  --------------  -------------------
/opt/airflow/dags/main.py                           0           1  0.06s           2026-01-18T13:03:20
================================================================================
[2026-01-18T13:04:08.446+0000] {manager.py:878} INFO - 
================================================================================
DAG File Processing Stats

File Path                  PID    Runtime      # DAGs    # Errors  Last Runtime    Last Run
-------------------------  -----  ---------  --------  ----------  --------------  -------------------
/opt/airflow/dags/main.py                           0           1  0.05s           2026-01-18T13:03:50
================================================================================
[2026-01-18T13:04:38.760+0000] {manager.py:878} INFO - 
================================================================================
DAG File Processing Stats

File Path                  PID    Runtime      # DAGs    # Errors  Last Runtime    Last Run
-------------------------  -----  ---------  --------  ----------  --------------  -------------------
/opt/airflow/dags/main.py                           0           1  0.05s           2026-01-18T13:04:20
================================================================================
[2026-01-18T13:04:40.776+0000] {manager.py:737} INFO - Searching for files in /opt/airflow/dags
[2026-01-18T13:04:40.786+0000] {manager.py:740} INFO - There are 1 files in /opt/airflow/dags
[2026-01-18T13:05:09.112+0000] {manager.py:878} INFO - 
================================================================================
DAG File Processing Stats

File Path                  PID    Runtime      # DAGs    # Errors  Last Runtime    Last Run
-------------------------  -----  ---------  --------  ----------  --------------  -------------------
/opt/airflow/dags/main.py                           0           1  0.06s           2026-01-18T13:04:50
================================================================================
[2026-01-18T13:05:39.414+0000] {manager.py:878} INFO - 
================================================================================
DAG File Processing Stats

File Path                  PID    Runtime      # DAGs    # Errors  Last Runtime    Last Run
-------------------------  -----  ---------  --------  ----------  --------------  -------------------
/opt/airflow/dags/main.py                           0           1  0.07s           2026-01-18T13:05:24
================================================================================
[2026-01-18T13:06:09.746+0000] {manager.py:878} INFO - 
================================================================================
DAG File Processing Stats

File Path                  PID    Runtime      # DAGs    # Errors  Last Runtime    Last Run
-------------------------  -----  ---------  --------  ----------  --------------  -------------------
/opt/airflow/dags/main.py                           0           1  0.14s           2026-01-18T13:05:54
================================================================================
[2026-01-18T13:06:40.123+0000] {manager.py:878} INFO - 
================================================================================
DAG File Processing Stats

File Path                  PID    Runtime      # DAGs    # Errors  Last Runtime    Last Run
-------------------------  -----  ---------  --------  ----------  --------------  -------------------
/opt/airflow/dags/main.py                           0           1  0.27s           2026-01-18T13:06:25
================================================================================
[2026-01-18T13:07:10.417+0000] {manager.py:878} INFO - 
================================================================================
DAG File Processing Stats

File Path                  PID    Runtime      # DAGs    # Errors  Last Runtime    Last Run
-------------------------  -----  ---------  --------  ----------  --------------  -------------------
/opt/airflow/dags/main.py                           0           1  0.13s           2026-01-18T13:06:55
================================================================================
[2026-01-18T13:07:41.134+0000] {manager.py:878} INFO - 
================================================================================
DAG File Processing Stats

File Path                  PID    Runtime      # DAGs    # Errors  Last Runtime    Last Run
-------------------------  -----  ---------  --------  ----------  --------------  -------------------
/opt/airflow/dags/main.py                           0           1  0.13s           2026-01-18T13:07:25
================================================================================
[2026-01-18T13:08:11.427+0000] {manager.py:878} INFO - 
================================================================================
DAG File Processing Stats

File Path                  PID    Runtime      # DAGs    # Errors  Last Runtime    Last Run
-------------------------  -----  ---------  --------  ----------  --------------  -------------------
/opt/airflow/dags/main.py                           0           1  0.12s           2026-01-18T13:07:56
================================================================================
[2026-01-18T13:08:41.765+0000] {manager.py:878} INFO - 
================================================================================
DAG File Processing Stats

File Path                  PID    Runtime      # DAGs    # Errors  Last Runtime    Last Run
-------------------------  -----  ---------  --------  ----------  --------------  -------------------
/opt/airflow/dags/main.py                           0           1  0.15s           2026-01-18T13:08:26
================================================================================
[2026-01-18T13:09:12.085+0000] {manager.py:878} INFO - 
================================================================================
DAG File Processing Stats

File Path                  PID    Runtime      # DAGs    # Errors  Last Runtime    Last Run
-------------------------  -----  ---------  --------  ----------  --------------  -------------------
/opt/airflow/dags/main.py                           0           1  0.06s           2026-01-18T13:08:42
================================================================================
[2026-01-18T13:09:41.523+0000] {manager.py:737} INFO - Searching for files in /opt/airflow/dags
[2026-01-18T13:09:41.546+0000] {manager.py:740} INFO - There are 1 files in /opt/airflow/dags
[2026-01-18T13:09:42.579+0000] {manager.py:878} INFO - 
================================================================================
DAG File Processing Stats

File Path                  PID    Runtime      # DAGs    # Errors  Last Runtime    Last Run
-------------------------  -----  ---------  --------  ----------  --------------  -------------------
/opt/airflow/dags/main.py                           0           1  0.09s           2026-01-18T13:09:13
================================================================================
[2026-01-18T13:10:12.864+0000] {manager.py:878} INFO - 
================================================================================
DAG File Processing Stats

File Path                  PID    Runtime      # DAGs    # Errors  Last Runtime    Last Run
-------------------------  -----  ---------  --------  ----------  --------------  -------------------
/opt/airflow/dags/main.py                           0           1  0.11s           2026-01-18T13:09:43
================================================================================
[2026-01-18T13:10:43.167+0000] {manager.py:878} INFO - 
================================================================================
DAG File Processing Stats

File Path                  PID    Runtime      # DAGs    # Errors  Last Runtime    Last Run
-------------------------  -----  ---------  --------  ----------  --------------  -------------------
/opt/airflow/dags/main.py                           0           1  0.10s           2026-01-18T13:10:13
================================================================================
[2026-01-18T13:11:13.457+0000] {manager.py:878} INFO - 
================================================================================
DAG File Processing Stats

File Path                  PID    Runtime      # DAGs    # Errors  Last Runtime    Last Run
-------------------------  -----  ---------  --------  ----------  --------------  -------------------
/opt/airflow/dags/main.py                           0           1  0.10s           2026-01-18T13:10:44
================================================================================
[2026-01-18T13:11:28.350+0000] {manager.py:452} INFO - Exiting gracefully upon receiving signal 15
[2026-01-18T13:34:21.012+0000] {manager.py:470} INFO - Processing files using up to 2 processes at a time 
[2026-01-18T13:34:21.022+0000] {manager.py:471} INFO - Process each file at most once every 30 seconds
[2026-01-18T13:34:21.023+0000] {manager.py:472} INFO - Checking for new files in /opt/airflow/dags every 300 seconds
[2026-01-18T13:34:21.023+0000] {manager.py:737} INFO - Searching for files in /opt/airflow/dags
[2026-01-18T13:34:21.032+0000] {manager.py:740} INFO - There are 1 files in /opt/airflow/dags
[2026-01-18T13:34:21.124+0000] {manager.py:878} INFO - 
================================================================================
DAG File Processing Stats

File Path                    PID  Runtime      # DAGs    # Errors  Last Runtime    Last Run
-------------------------  -----  ---------  --------  ----------  --------------  ----------
/opt/airflow/dags/main.py     48  0.05s             0           0
================================================================================
[2026-01-18T13:34:51.421+0000] {manager.py:878} INFO - 
================================================================================
DAG File Processing Stats

File Path                    PID  Runtime      # DAGs    # Errors  Last Runtime    Last Run
-------------------------  -----  ---------  --------  ----------  --------------  -------------------
/opt/airflow/dags/main.py     54  0.01s             0           1  0.19s           2026-01-18T13:34:21
================================================================================
[2026-01-18T13:35:21.845+0000] {manager.py:878} INFO - 
================================================================================
DAG File Processing Stats

File Path                    PID  Runtime      # DAGs    # Errors  Last Runtime    Last Run
-------------------------  -----  ---------  --------  ----------  --------------  -------------------
/opt/airflow/dags/main.py     61  0.02s             0           1  0.10s           2026-01-18T13:34:51
================================================================================
[2026-01-18T13:35:52.153+0000] {manager.py:878} INFO - 
================================================================================
DAG File Processing Stats

File Path                    PID  Runtime      # DAGs    # Errors  Last Runtime    Last Run
-------------------------  -----  ---------  --------  ----------  --------------  -------------------
/opt/airflow/dags/main.py     68  0.01s             0           1  0.11s           2026-01-18T13:35:21
================================================================================
